:020000040800F2
:10000000088E0024650300086D03000865CC000815
:10001000D5030008D5030008D50300080000000040
:10002000000000000000000000000000790500084A
:100030007903000800000000A3040008470300083B
:100040007F0300087F0300087F0300087F03000888
:100050007F0300087F0300087F0300087F03000878
:100060007F0300087F0300087F0300087F03000868
:100070007F0300087F0300087F0300087F03000858
:100080007F0300087F0300087F0300087F03000848
:100090007F0300087F0300087F0300087F03000838
:1000A0007F0300087F0300087F0300087F03000828
:1000B000053400087F0300087F0300087F03000861
:1000C0007F0300087F0300087F0300087F03000808
:1000D0007F0300081D3A00087F030008253A000846
:1000E0007F0300087F030008000000007F03000872
:1000F0007F0300087F0300087F0300087F030008D8
:100100007F0300087F0300087F0300087F030008C7
:100110007F0300087F0300087F0300087F030008B7
:100120007F0300087F0300087F0300087F030008A7
:100130007F0300087F0300087F0300087F03000897
:1001400000000000000000000000000000000000AF
:100150007F0300087F0300087F0300087F03000877
:100160007F0300087F0300087F0300087F03000867
:100170007F0300087F0300087F03000800000000E1
:100180007F0300087F0300087F0300087F03000847
:100190007F0300087F0300087F0300087F03000837
:1001A0007F0300087F0300087F0300087F03000827
:1001B0007F0300087F0300087F0300087F03000817
:1001C0007F0300087F0300087F0300087F03000807
:1001D0007F0300087F0300087F0300087F030008F7
:1001E0007F0300087F0300087F0300087F030008E7
:1001F0007F0300087F0300087F0300087F030008D7
:100200007F0300087F0300087F0300087F030008C6
:100210007F0300087F0300087F0300087F030008B6
:100220007F0300087F0300087F0300080000000030
:100230007F0300087F030008000000007F03000820
:100240007F0300087F0300087F0300087F03000886
:100250007F0300087F0300087F0300087F03000876
:100260007F0300087F0300087F0300087F03000866
:100270007F0300087F0300087F03000800000000E0
:100280007F0300087F0300087F03000800000000D0
:10029000000000007F030008DFF80CD000F096FD9E
:1002A0000048004705CC0008088E0024000000002C
:1002B000AC660024088E002400000008306700248B
:1002C00000000008001000E07F1A06000000FF4058
:1002D00072B65FF824005FF8241001F10401016098
:1002E0004FF0E0205FF83010C0F8081D5FF83400D0
:1002F0005FF83410096801605FF83800016841F068
:10030000010101604FF0E0205FF8441041614FF0BF
:10031000070101614FF00001C0F8181D4FF07F4147
:10032000C0F81C1D5FF85C10C0F8201D7047FFF777
:10033000FEBFFFF7FEBF01B504F07CFA04F0CEFA71
:10034000BDE80140704701B504F074FA00F018FAF6
:1003500004F0C4FABDE801407047FFF7FEBFFFF7A5
:10036000FEBF00000648804706480047FEE7FEE75C
:10037000FEE7FEE7FEE7FEE7FEE7FEE7FEE7FEE755
:10038000353100089902000800000000000000005C
:10039000EFF3108180F310880846704700000000DA
:1003A0004FF00000CD4A1060EFF3148020F00400FD
:1003B00080F31488CA484FF4E021016062B64FF020
:1003C00080504FF0E021C1F8040DBFF34F8FBFF311
:1003D0006F8FFEE772B6DFF80CC3C3480168CCF834
:1003E0000010BF480168CCF80810C0480168CCF87C
:1003F0000C10BF480168CCF81010BE480168CCF85A
:100400001410EFF31480CCF81800EFF30981CCF846
:100410001C100868CCF820004868CCF82400CCF800
:100420002820CCF82C30CCF83040CCF83450CCF824
:100430003860CCF83C70CCF84080CCF84490CCF8D4
:1004400048A0CCF84CB00869CCF850004869CCF80A
:1004500054008869CCF80400C869CCF85800EFF360
:10046000148020F0010080F31488A0480178017006
:10047000A148016821F0010101600BF065FC72B632
:1004800004F086FA62B64FF000019C4801609C4877
:100490004FF080510160BFF34F8F62B66FF0020ED4
:1004A000704772B601B504F073FABDE8014062B658
:1004B0009448954A4FF00003016891B10360EFF34F
:1004C000098C2CE9F00F1EF0100F01D12CED108AD1
:1004D0008E4C4CF804ED2568C1F808C00DB18D6153
:1004E000236072B6116851B972B6116809B962B663
:1004F000FAE74FF000674FF0E028C8F8047D01608C
:1005000062B64F68824C8D6907F101074F60256024
:1005100003B404F01BFA03BCD1F808C0EFF3148550
:10052000D1F8984025F0010544EA050484F31488C5
:1005300078484FF000030360D1F8900080B1416E1D
:1005400071B1754900F16400B0E8FC0381E8FC0377
:1005500090E8FC0381E8FC036E484FF00501016060
:100560005CF804EB1EF0100F01D1BCEC108ABCE863
:10057000F00F8CF309887047EFF30980816911F857
:10058000022C012A43D1654A914218BF7047436942
:1005900063490A684FF00001C2F89810C2F8A03011
:1005A000D2F89000C06810F0020F29D0D2F8A8004D
:1005B000D2F8A410D2F8AC30D16010615361EFF3DF
:1005C00009831EF0100F04BF43F001034EF0100E1C
:1005D000C2F8B03023F0010303F1200333E9060031
:1005E00020E9060033E9060020E9060033E90600A9
:1005F00020E9060033E9060020E9060080F30988B7
:10060000EFF3148020F0010080F314887047454A0E
:10061000914218BF704744490A68D2F89C10C2F84A
:100620009810D2F89000C06810F0020F38D0D2F8BD
:10063000B400D2F8B810D2F8BC30D0601161536168
:100640002D4B1B6813F0010F0DD038490968D2F803
:10065000A400814207D3D2F8A800884203D323F034
:10066000010325490B60D2F8B000EFF3098310F0C5
:10067000010F1ABF2EF0100E20F001004EF0100EE8
:1006800006CB06C006CB06C006CB06C006CB06C00E
:10069000A0F1200080F3098825490A68D2F89C104F
:1006A000EFF3148040EA010080F31488704700BF24
:1006B00000BF00BF00BF00BF00BF00BF00BF00BF42
:1006C00001DF07F0A7FC1B4A1368D3F8A0E002DFA4
:1006D000704700BF00BF00BF00BF7047B8010024D3
:1006E00024ED00E0C46C00249C01002428ED00E00F
:1006F00034ED00E038ED00E034EF00E09C01002430
:1007000004ED00E09C010024A0010024CC010024A1
:10071000CC01002494ED00E09CED00E0C20600084E
:100720009C010024D00600089C01002438EF00E062
:100730009C0100249C010024000000000000000037
:10074000026922F00702A2F144026FF00203136073
:100750004FF0000353609360D36013615361936162
:10076000D361136253629362D362136353634FF096
:10077000FF339363D1634FF08073136482607047DB
:100780002249086800F101000860214B1A683AB15B
:10079000A2F101021A601AB91E4B4FF00100186055
:1007A0001D490868026822B11C4B4FF001021A6013
:1007B00008E000F104001A4B1A68904201D1194B6D
:1007C00018680860184B1A6812B918490868D0B13F
:1007D0002DE901401649086808B106F07BFA154B6F
:1007E0001A6872B106F0A2F81348016849B91348B3
:1007F0000168134A136813484FF08052994200D0A1
:100800000260BDE80140BFF34F8F7047C80100246C
:10081000CC010024D0010024E0010024D4010024F4
:10082000E4010024DC010024D0010024D4010024D0
:10083000D4010024D0010024B80100249C0100242C
:10084000A001002404ED00E0000000000000000012
:10085000026922F00702A2F144026FF00203136062
:100860004FF0000353609360D36013615361D36111
:1008700013625062836893629B6893614FF0000338
:10088000D362136353634FF0FF339363D1634FF02D
:1008900080731364826070472DE9F05F0546002085
:1008A00092469B4688460646814640241BE02846E1
:1008B00041464746224600F063F853465A46C01A5E
:1008C000914110D311461846224600F04AF82D1ADD
:1008D00067EB01084F4622460120002100F041F855
:1008E00017EB00094E41201EA4F10104DFDC48464D
:1008F00031462A464346BDE8F09FD2B201E000F8F7
:10090000012B491EFBD270470022F6E710B51346B3
:100910000A4604461946FFF7F0FF204610BD0EB503
:1009200040F2334202920022CDE90022134600F049
:1009300046F803B000BD30B50B460146002020222A
:10094000012409E021FA02F59D4205D303FA02F5DC
:10095000491B04FA02F52844151EA2F10102F1DC3C
:1009600030BD202A04DB203A00FA02F10020704753
:100970009140C2F1200320FA03F3194390407047DD
:10098000202A04DB203A21FA02F00021704721FAE4
:1009900002F3D040C2F1200291400843194670474B
:1009A00010B5141E73F1000408DA401C41F1000177
:1009B00092185B411A4301D120F0010010BD2DE9CE
:1009C000F04D92469B4611B1B1FA81F202E0B0FAC5
:1009D00080F220329046FFF7C4FF04460F4640EAFB
:1009E0000A0041EA0B0153465A46084313D0114608
:1009F00053EA010019D0C8F140025046FFF7C0FF8A
:100A000005460E46504659464246FFF7AAFF0843A0
:100A100005D0012004E020463946BDE8F08D0020D5
:100A2000054346EAE0762C4337430A986305E40A17
:100A3000A0EB08000022FD0A44EA47540A3002D520
:100A400000200146E9E7010510196941DDE9084583
:100A500000196941BDE8F04DA2E72DE9FE4F80463F
:100A600081EA0300C00F0C46009021F0004123F002
:100A70000045B8EB0200A94105D240462146904608
:100A80001C460B46024623F00040104347D0270D7A
:100A9000C7F30A00C3F30A510290401A019040289C
:100AA0006BDAC3F3130040F4801B0098924620B128
:100AB0000023D2EB030A63EB0B0B01985946C0F1FC
:100AC00040025046FFF74DFF06460D465046594638
:100AD000019A00F08DF910EB08006141002487EACB
:100AE000115284EAE7731A4340D0009A62B3019A24
:100AF000012A4FEA075215DC001B61EB02014FF09F
:100B0000004202EA0752CDE90042001C41F5801183
:100B100032462B46FFF753FF03B0BDE8F08F404647
:100B20002146F9E7001B61EB0201001C41F580132F
:100B300000185B412018A2F5001747EB030140EABB
:100B4000D570B6196D4111E06D084FEA360645EAD9
:100B5000C0754FEA0752001B61EB0201001C41F512
:100B6000801149084FEA30000019514132462B46A6
:100B700003B0BDE8F04FFFF713BF0098012240001B
:100B80000023D0EB020263EBE073009821464FEAAA
:100B9000E074B8EB000061EB0401E9E783F0004387
:100BA0005BE781F0004158E72DE9FE4F81EA03043D
:100BB00004F0004421F0004100944FF0000B23F0BA
:100BC000004350EA01045ED052EA03045BD0C3F351
:100BD0000A54C1F30A552C44A4F2F3340194A0FB47
:100BE0000254C1F3130141F48011C3F3130343F41E
:100BF000801301FB024400FB034E840A970A44EA77
:100C0000815447EA8357A4FB076802958D0A05FBC8
:100C100007854FEA932C04FB0C542705029D4FEAED
:100C2000065847EA1637B5EB08056EEB070C870E3A
:100C3000920E47EA811742EA8312A7FB0201B6EB44
:100C40000B0164EB00042B0D43EA0C335E1844EBFC
:100C50001C50DA465146E7FB0201C5F313044FEA84
:100C60000B3343EA14534FEA0432019C43EA060370
:100C7000A4F10C040294009CCDE900B4FFF79FFEA0
:100C800003B0BDE8F08F00200146F9E72DE9F04DF3
:100C900081EA030404F0004B21F0004514464FF0B4
:100CA000000A23F0004150EA050220D054EA010274
:100CB0001DD0C5F30A570246C5F31303C1F3130051
:100CC000C1F30A5640F4801543F48013A7EB0608DD
:100CD000101BD64608F2FD3873EB050002D308F16D
:100CE000010801E092185B41B8F1000F03DA00201F
:100CF0000146BDE8F08D00204FF480110646844681
:100D00000EE0171B73EB050705D3121B63EB0503FE
:100D100006434CEA010C49084FEA300092185B4147
:100D200050EA0107EDD152EA030012D082EA040032
:100D300083EA0501084305D0101BAB4106D201220E
:100D4000002306E000224FF0004302E06FF00102B2
:100D500053101AEB06004CEB085110EB0A0041EB64
:100D60000B01BDE8F04DFFF71BBEC1F30A52C1F302
:100D7000130140F2FF3341F480119A4202DA00205D
:100D80000146704740F233439A42A2F2334202DCFA
:100D90005242FFF7F5BDFFF7E4BD000030B5041E79
:100DA00071F1000404DB4FF00044404264EB0101A8
:100DB000141E73F1000405DB1C464FF00043524241
:100DC00063EB0403994208BF904230BD064C074DC7
:100DD00006E0E06840F0010394E80700984710340B
:100DE000AC42F6D3FFF75CFAE0D7000800D8000861
:100DF000202A06DBCB17203A41FA02F043EAE073DF
:100E000006E041FA02F3D040C2F1200291400843CB
:100E10001946704702200BF09BFE4FF47A7005F0E4
:100E200073F9F7E74FF47A7005F06EF9FAE700000E
:100E300088B001F07DFC0BF093FB0320CDE90200AC
:100E40004FA1524A524D00234FF4807601274FF0B4
:100E500002094FF4805806960597CDF81090CDF80A
:100E600004800024444800904448A847042003908C
:100E7000CDE9018049A14D4A00230696CDE90447FA
:100E8000444800904448A84705200390CDE90180DC
:100E900049A14D4A00230696CDE9049744480090A5
:100EA0004448A84749484AA101223423342506F082
:100EB00033FB30204A4ECDE900804AA14C4B04223E
:100EC00006F1080006F0B0F806F1380049A14B4AD7
:100ED0004FF48053009506F083F9B448B54A9FED6E
:100EE000248BD0E900A9AE48D2E90023D0E9000163
:100EF00010EB0A0041EB0901871841EB030B02F0EC
:100F0000E3F80134C82C2FD1A848D0E90058B5EB3C
:100F10000A0068EB0901FFF702FD41EC190BA0483C
:100F2000A44A3C46D0E90001D2E90023401941EB34
:100F30000801871841EB0306381B66EB0B01FFF72E
:100F4000EEFC41EC100B2648B0EE481B0024AA46EC
:100F5000C146B34689EE000B80ED000B90ED000B0F
:100F600000EE481B80ED001B012005F0CDF8C6E720
:100F70000000000000005940A8330024A8430024CA
:100F8000417070204D73702050726F00250E000864
:100F9000897A0008A8550024A865002441707020B3
:100FA0005461736B20557365724946000110000847
:100FB000A8220024A8320024417070205461736B71
:100FC00020434F4D00000000150E0008742200243D
:100FD0004170705072696E746653656D70000000E8
:100FE00018000024417070426C6F636B00000000B9
:100FF00074020024417070506F6F6C0074120024F2
:1010000088B05748644EDFF89CA1834FDFF80CB2DC
:10101000DFF8A08100F138010830049103900BF053
:101020008FFA072863D0042800F08580012840F05B
:101030009280DFF860914846B047494890ED000B38
:10104000564853EC102BB047554DD5E90001FFF73A
:1010500066FC01F0D0FD544801F0B8FC534CD4E9D3
:101060000001FFF75CFC01F0C6FD514801F0AEFC49
:10107000D8E90001FFF753FC01F0BDFD4E4801F037
:10108000A5FCD5E90001D4E9002380185941D8E92D
:10109000002380185941FFF742FC9AED001A41ECF9
:1010A000100B46A0B8EE411B80EE010B53EC102B49
:1010B000B0474846B0474848B04748A0B047B9464F
:1010C000B9F1000F47D0D9F8DC30D9E90442D9E9A9
:1010D0000A01D9F80850E31ACDE900305846631BDD
:1010E00000F0A4F8D9F88890B945E9D133E0049824
:1010F00006A94D22002306F041F858B948480CF0E3
:1011000059FA01F0BEFC05AA06F0ECF8059945482D
:101110000BF0B2FD069806F0FDF8E0B942480CF07D
:1011200049FA01F0AEFC05AA06F0DCF805993D4845
:101130000BF0A2FD0FE0039807A9002205F054FF71
:1011400010B908A00CF036FA079806F009F810B9A3
:101150000AA00CF02FFA142004F0D6FF5FE700BFBE
:1011600018000024417070426C6F636BC4DAB4E6FF
:10117000BFE9C9EAC7EBB3C9B9A60D004170704217
:101180006C6F636BC4DAB4E6BFE9CACDB7C5B3C947
:10119000B9A60D0066D600082D12000850D600082A
:1011A000180200240C00002405D7000810020024B7
:1011B000EED6000820020024D7D60008CFB5CDB364
:1011C000D7DCD6B4D0D0CAB1BCE4203D20252E391E
:1011D00066730D0A0000000036D70008202020505A
:1011E00072696F2020202020537461636B53697AE9
:1011F00065202020437572537461636B202020208A
:101200004D6178537461636B2020205461736B6E61
:10121000616D650D0A000000A8540024A8D60008DE
:1012200086D700081CD700086FD7000883B0B0B578
:10123000B5B0044639A80DF10B050EC039ABC92174
:101240002246019328460BF027FD094C4FF0FF3151
:10125000204606F0DBF907A029460BF00DFD2046DD
:1012600006F01AFA35B0BDE8B04003B0704700BFD1
:10127000742200242573000001B1FEE770470000CE
:10128000F0B5B3F5804F0FD150F82230094C234010
:1012900091E8F0008969234343EA051343EA0623F2
:1012A000194341EA074101E06FF0704140F8221014
:1012B0000020F0BD0000F0CF2DE9F0410A6801F1F7
:1012C000080750F8223023F0010340F82230D1E91A
:1012D00000C3F0CFD1E9062E2343082C08BF43F00A
:1012E00040032B4333433B4301F120071A434EEAAB
:1012F000020EF8CFD1E90D2843EA0E032343104C28
:101300002B4333433B431A4350F82C3042EA080244
:1013100023401A4340F82C200A6BB2F5801F05D1F8
:101320000A684AB1026842F4801202600A681AB17F
:10133000496B0268114301600020BDE8F08100BFE5
:101340008004C0FF2DE9F04700EB8203174DAA4649
:10135000D3F80480D1E9042ED1E90096D1E9027CCA
:101360008C6905EB025208F0404545EA090545EA5B
:10137000061545EA072545EA0C452A4322430EF1A6
:10138000FE0442EA04625A600268D2020BD5426847
:10139000096922F470020AEB01511143426822F4F8
:1013A0007002114341600020BDE8F0870000F0FFAB
:1013B000014801F0E1BC00BF200400582DE9F84FBE
:1013C000594A4FF00A0A4FF000084FF0010B4FF056
:1013D000000C9042554A08BF4FF0090A02444FEAF8
:1013E000B223092B38BF4FEAB22A00220D6835FA22
:1013F00002F600F097800BFA02F715EA070900F0F1
:1014000084804E68122E00F286800BFA06F414F0E7
:10141000061F00F08080032303FA0CF48368CD6874
:10142000A34305FA0CF56FEA040E2B4383603309DE
:101430004568BD43934057002B434360C3688C68A5
:1014400003EA0E03BC402343C36046F01003122B93
:1014500011D16FF0030508F01C030F2405EA5205B3
:101460009C4005442E6A26EA04040E6906FA03F33A
:1014700023432B624E68036806F0030403EA0E035D
:10148000BC4023430360F3003FD52A4C2A4F4FF062
:10149000B04E236843F00203236023680F2403F057
:1014A00002030093009D08F00C0322F003059C400A
:1014B0000AFA03F3EE5926EA04042343EB511C4FC6
:1014C000FB6F4D6843EA0904EE0358BF23EA0904A1
:1014D000FC67AE03D7F8803043EA090458BF23EA1B
:1014E0000904C7F88040EE02DEF8003043EA090440
:1014F00058BF23EA0904CEF80040AD023B6843EA36
:10150000090458BF23EA09043C6008F104080CF1FF
:10151000020C01326AE70323674603FA0CF46FEA10
:10152000040E8BE7BDE8F88F002402580000FEA7E8
:1015300004000058F44402580804005801480068A8
:10154000000C70470010005C0D480068B0B12148E5
:101550000068800B68B100BF013800BF00BF00BF4A
:1015600000BF00BF00BF00BF00BF00BF00BF00BF83
:10157000F0E70449086801300860704705F0DEBAFA
:1015800014000024A866002480B5032000F094F81D
:1015900000F01EFE0E49554B0A68096801F00F0164
:1015A000C2F30322595C9A5C01F01F0102F01F0292
:1015B000D040084A1060C840074908600F2000F07A
:1015C0000DF808B1012080BD00F04AF8002080BD70
:1015D000184402580C00002410000024002070471A
:1015E0000278114943780B60D2B143684B60037BAA
:1015F00042EA0372C37A42EA0362837A42EAC3424E
:10160000437B42EA8342837B42EA4342C37B42EA12
:101610000342437A007A42EA032242EA400001E0B0
:10162000002048608860704798ED00E00B48BFF3E9
:101630005F8F016821F480310160002101677047EC
:10164000064940F001000867086840F480300860EF
:10165000BFF34F8FBFF36F8F704700BF24ED00E0E3
:1016600070470000002808D400F01F010122400943
:1016700002FA01F1014A42F82010704700E100E04F
:1016800070B5134B4FF0FF351B68C3F30223DC1E0C
:1016900083F0070338BF002405FA04F6B243042B95
:1016A00028BF042305FA03F39943A1401143BDE881
:1016B000704002F03FBA00BF05494FF6FF030A68C9
:1016C0001A4060F30A22034810430860704700BFC5
:1016D0000CED00E00000FA0580B500F043FD024982
:1016E000024A01F050BA00BF20440258D8D5000881
:1016F000B0B51C498B6A8A6ACC6ACD6BC2F30532DD
:10170000B2B1C4F3001401F0D1FB15D0BBB90B6822
:101710009B0651BF9FED161A0B68C3F3C103154C0E
:1017200042BF24FA03F301EE103AB8EE411A08E082
:101730000021C0E9001112E09FED0C1A01E09FEDBD
:101740000A1A8B6B9FED0C3A01F086FB8A6B01F055
:1017500065F98A6B01F0CCFA896B01F068FA816057
:10176000B0BD00BF004402580024744A20BCBE4BE8
:101770000024744C0090D00300000039B0B51C491F
:101780008B6A8A6ACC6A4D6CC2F30552B2B1C4F35B
:10179000002401F08BFB15D0BBB90B689B0651BF31
:1017A0009FED161A0B68C3F3C103154C42BF24FA10
:1017B00003F301EE103AB8EE411A08E00021C0E947
:1017C000001112E09FED0C1A01E09FED0A1A0B6C5C
:1017D0009FED0C3A01F040FB0A6C01F01FF90A6C16
:1017E00001F086FA096C01F022FA8160B0BD00BFF9
:1017F000004402580024744A20BCBE4B0024744CA0
:101800000090D003000000392DE9F0470446C0786D
:10181000A74F00071CD5606E4FEA3051032908D846
:10182000DFE801F002090C11F96941F40031F961B6
:1018300009E001260DE001F0B2F901E001F0A5FA9E
:10184000064630B9606E396C21F4401108433864A3
:1018500000266078BA46C00701D1354620E0606DA9
:1018600004280BD83546DFE800F0030C0F121200F5
:10187000F869354640F40030F86108E00125012799
:101880000FE001F0FBFA01E001F054F905462F46A4
:101890003DB9606D01F06CF921F0070101F0DFF94D
:1018A0003746607880071ED5A06D4FEAB010042837
:1018B00007D8DFE800F003090C0F0F0001F003F96F
:1018C00008E0012501260FE001F0D8FA01E001F05F
:1018D00031F905462E463DB9A06D01F049F921F4D4
:1018E000E07101F0BCF93E466078400702D4B04692
:1018F000574623E0D4F8A40057464FEA7050042816
:1019000007D8DFE800F0030A0D10100001F06AF9B3
:1019100009E001254FF0010810E001F0AFFA01E005
:1019200001F008F90546A84645B9D4F8A400B96CF9
:101930000025B04621F460010843B86460780007D0
:1019400020D5D4F8A8004FEA3060042807D8DFE893
:1019500000F003090C0F0F0001F044F908E0012525
:10196000012710E001F08AFA01E001F0E3F80546F2
:101970002F4645B9D4F8A80001F0F0F821F0E06155
:1019800001F01FF94746E07880071DD5A06C4FEAAB
:101990003010032806D8DFE800F00B02080B01F036
:1019A00092F805E0012501260FE001F0F8F8054660
:1019B0002E4655B9A06CDAF83C100025524621F0AD
:1019C00030010843CAF83C003E466078C0061ED588
:1019D000E06D4FEA3030042807D8DFE800F0030953
:1019E0000C0F0F0001F06FF808E0012501270FE050
:1019F00001F044FA01E001F09DF805462F463DB99B
:101A0000E06D01F0B5F821F4E04101F028F9374626
:101A1000607880061BD5206E4FEA3040052807D835
:101A2000DFE800F00C03090C0C0C01F08EF804E068
:101A3000012501260CE001F02FFA05462E463DB99E
:101A4000206E01F095F821F4E02101F008F93E46FE
:101A5000607840061DD5D4F8AC004FEA30700528F8
:101A600007D8DFE800F00C03090C0C0C01F06DF84E
:101A700004E0012501270DE001F00EFA05462F468E
:101A800045B9D4F8AC0001F069F821F0E04101F06B
:101A900098F837466078000618D5E06E68B1B0F166
:101AA000005F07D0B0F1805F22D101F00CF804E0B4
:101AB0001044025801F049F805462E463DB9E06E43
:101AC00001F056F821F0405101F0C9F83E46E078A7
:101AD000C00702D1B04657461EE0606C5746032847
:101AE00009D8DFE800F00F020C0F01F07BF809E0E5
:101AF00001250126EBE701254FF001080CE001F07C
:101B00004EF80546A8463DB9606CF96B0025B04615
:101B100021F003010843F863A078400601D447464A
:101B200016E0D7F8F00340F48070C7F8F003FFF731
:101B30000BFD0646D7F8F003C00507D4FFF704FDF8
:101B4000801B6428F6D90325032701E02F467DB1C9
:101B50002078C00747D0A06F4FEAF000052832D8A0
:101B6000DFE800F037033437373700F0EEFF2FE0BF
:101B7000DAF86010D4F8B0005546414011F4407FC7
:101B80000BD0296E2A6E42F480322A6621F440710D
:101B90002A6E22F480322A662966B0F5807F40F0F2
:101BA000C381FFF7D1FC064641F288390327DAF8F2
:101BB0006000800700F1B581FFF7C6FC801B03259C
:101BC0004845F4D9C4E7012501260DE001F064F988
:101BD00005462E4645B9A06F00F0EAFF21F0380116
:101BE0000843CAF844003E46207880071AD5606F43
:101BF000052807D8DFE800F00C03090C0C0C00F0F6
:101C0000A4FF04E0012501270DE001F045F9054698
:101C10002F4645B9606F00F0CBFF21F00701084364
:101C2000CAF844003746207840071BD5D4F8900006
:101C3000052807D8DFE800F00C03090C0C0C00F0B5
:101C400084FF04E0012501260DE001F025F9054699
:101C50002E4645B9D4F8900000F080FF21F007012E
:101C600000F0AFFF3E46207880061ED5D4F88C00E9
:101C70004FEA3070052807D8DFE800F00C03090CA4
:101C80000C0C01F0FBF804E0012501270EE001F047
:101C90007CF805462F464DB9D4F88C0000F088FF3B
:101CA00021F0E0410843CAF8440037462078400656
:101CB0001DD5D4F898004FEAB020052807D8DFE8F2
:101CC00000F00C03090C0C0C01F0D8F804E001251D
:101CD00001260DE001F059F805462E4645B9D4F825
:101CE000980000F03BFF21F4E05100F06AFF3E460F
:101CF000207800061DD5D4F89C004FEA70300528E6
:101D000007D8DFE800F00C03090C0C0C01F0B6F862
:101D100004E0012501270DE001F037F805462F46C4
:101D200045B9D4F89C0000F019FF21F4604100F09F
:101D300048FF37462068010714D5D4F88010B1F564
:101D4000805F07D101F021F8002818BF0127206823
:101D5000D4F88010DAF84420534622F4405211435C
:101D6000CAF84410C10614D5D4F89410B1F5807F98
:101D700007D101F00AF8002818BF01272068D4F81D
:101D80009410DAF84820534622F440721143CAF8FE
:101D90004810000318D5D4F8A000B0F5003F09D0D2
:101DA000B0F5803F03D010BB01F068F801E000F00F
:101DB000ECFF05462E4645B9D4F8A00000F0CEFE53
:101DC00021F4403100F0FDFE3E46A07840071FD5CB
:101DD000D4F88400B0F5401F0FD0B0F5001F09D033
:101DE000B0F5801F40F09A8000F06DFE05E00125FF
:101DF0000126EAE701F050F805462F464DB9D4F820
:101E0000840000F0D5FE21F440110843CAF84400D4
:101E10003746A078C00701D13E4619E0E06CB0F526
:101E2000803F03D090B900F04EFE02E000F0B7FE14
:101E300005462E4665B9E06CDAF83C10002552469E
:101E400021F480310843CAF83C00E5E7012501266A
:101E50002068810005D500F098FF002818BF0126F2
:101E6000206881031BD5E16F6FF0010202EB312284
:101E7000022A0AD34FEA31223AB1012A06D1DAF80E
:101E80001C2042F40032CAF81C200DB1012606E0E5
:101E9000DAF8442022F440721143CAF84410C10217
:101EA00007D5216FDAF8402022F000421143CAF82A
:101EB0004010C10008D5D4F8B410DAF8002022F49C
:101EC00080421143CAF80010810207D5A16EDAF8EA
:101ED000402022F080721143CAF8401041000CD516
:101EE000DAF8001021F40041CAF80010D4F8B81054
:101EF000DAF800201143CAF80010B0F1FF3F07DC08
:101F0000206DDAF83C1021F040510843CAF83C003B
:101F1000002E18BF01263046BDE8F08701250127B5
:101F200077E75546D4F8B0002A68094900F44073B1
:101F300022F47C5201EA1011B3F5407F6FF31F3099
:101F400008BF0A432A60296E084328660025E6E593
:101F5000CFFFFF002DE9F843002800F0FB807F4D04
:101F600004468846286800F00F0088420BD2286893
:101F700020F00F0040EA08002860286800F00F00F9
:101F8000404540F0E7802068C64F410709D52169E8
:101F9000BA6900F0F6FE04D9BA6922F07002114362
:101FA000B961010709D56169FA6900F0EAFE04D94F
:101FB000FA6922F070021143F961C1060AD5A169DC
:101FC000FA6902F4E062914204D9FA6922F4E0620B
:101FD0001143F961810609D5E1693A6A00F0D1FE41
:101FE00004D93A6A22F070021143396210F00201FA
:101FF0000AD0E268BB6903F00F039A4204D9BB69B7
:1020000023F00F031A43BA61C2073AD0D4E90101A1
:10201000BA6922F470621143B961012807D003281C
:1020200009D002280BD1396889030CD492E03968B1
:10203000C90508D48EE03968890104D48AE039687A
:10204000490740F187803969A94621F00701084313
:102050003861FFF779FA064641F2883560683969D8
:1020600001F03801B1EBC00F07D0FFF76DFA801B0C
:10207000A842F3D90320BDE8F88320684D4600F05C
:10208000020151B1E168BA6902F00F02914204D233
:10209000BA6922F00F021143B961296801F00F01FA
:1020A00041450AD9296821F00F0141EA0801296058
:1020B000296801F00F0141454CD1410709D521693B
:1020C000BA6900F05EFE04D2BA6922F070021143D0
:1020D000B961010709D56169FA6900F052FE04D2BD
:1020E000FA6922F070021143F961C1060AD5A169AB
:1020F000FA6902F4E062914204D2FA6922F4E062E1
:102100001143F96180060AD5E069396A01F070016E
:10211000884204D2396A21F070010843386200F025
:1021200057F8B969294A1C4BC1F30321515C01F0EE
:102130001F01C840B969186001F00F01515C01F03E
:102140001F01C8401549086005480068BDE8F8430C
:10215000FFF744BA0120BDE8F88300BF0020005219
:102160000800002480B500F033F80A49174B0A68CC
:10217000096801F00F01C2F30322595C9A5C01F077
:102180001F0102F01F02D040034A1060C8400349FB
:10219000086080BD184402580C0000241000002480
:1021A00080B5FFF7DFFF0849084A0968C1F302114B
:1021B00000F025BE80B5FFF7D5FF0349034A096843
:1021C000C1F3022100F01BBE1C440258D8D5000800
:1021D00010B534490869C0F3C20003280FD00228A3
:1021E00004BF324810BD40B908688006334858D54E
:1021F0000968C1F3C101C84010BD2B4810BD8A6AEF
:10220000886ACB6A4C6BC0F30510F0B103F0010390
:10221000C4F3CC0402F003026343022A00EE103A36
:10222000B8EE400A13D0AAB90A68920651BF9FEDD2
:10223000221A0A68C2F3C102204B42BF23FA02F2FB
:1022400001EE102AB8EE411A06E0002010BD9FED05
:10225000191A01E09FED161A0A6B9FED193A6FF3F8
:102260005F2202EE102AB8EE422A00EE032AB7EEF1
:10227000000A32EE000A02EE100A086BC0F3462094
:10228000B8EE422A013081EE021A21EE000A01EE78
:10229000100AB8EE411A80EE010ABCEEC00A10EE38
:1022A000100A10BD0044025800093D0040787D012D
:1022B0000024744A20BCBE4B0024744C0090D00310
:1022C00000000039F8B5002800F0E18004460078ED
:1022D000D14EC00712D0306900F03801B06A102921
:1022E00005D018292AD100F00300022826D1306831
:1022F000800303D56068002800F0C980207880073B
:102300004AD5306910F03801B06A26D0182901D1B9
:10231000800722D03068E168002900F0018120F0B8
:102320001900084300F077FB0546306840071BD4CE
:10233000FFF70AF9401B0228F7D94FE1606800282F
:1023400000F02581B0F5A02F00F03381B0F5803F7B
:1023500000F0338100F0AFFB32E13068400703D575
:10236000E068002800F09380FFF7E8F841F20301ED
:1023700088420AD82069716821F47C31402814BF52
:1023800041EA003041F4003005E02069716821F035
:10239000FE4141EA006070602078C0063DD530699A
:1023A00000F03801B06A082905D018291BD100F0C7
:1023B0000300012817D13068C00502D5E0698028E4
:1023C00065D1FFF7BBF841F2030188421ED8206AAD
:1023D000716821F0F841202814BF41EA806041F083
:1023E0008040706019E03068E169002900F0C08029
:1023F00040F0800000F00FFB05463068C005E0D4D7
:10240000FFF7A2F8401B0228F7D9E7E0206AF1683D
:1024100021F07C5141EA0060F0602078000738D458
:102420002078800647D42078400756D4676A67B37F
:10243000306900F03800182840F0D280B16A306B63
:10244000012F24D0A26A01F0030393421FD1E26A54
:10245000C1F3051191421AD10146226B6FF35F213E
:10246000013A914213D1626BC0F34621013A914285
:102470000DD1A26BC0F30641013A914207D1E16B45
:10248000C0F306600139884201D100204EE10120ED
:10249000F8BD706F616999B340F001007067FFF794
:1024A00053F80546706F8007BAD4FFF74DF8401B0C
:1024B0000228F7D992E03068A169002949D040F498
:1024C000805000F0A8FA054630688004ABD4FFF7CE
:1024D0003BF8401B0228F7D980E0D6F8000440F40E
:1024E0008070C6F80004FFF72FF80546D6F8000400
:1024F000C00524D4FFF728F8401B6428F6D96DE006
:1025000020F001007067FFF71FF80546706F800725
:102510007FF586AFFFF718F8401B0228F6D95DE07B
:1025200020F0010000F077FA0546306840077FF59B
:1025300033AFFFF709F800F0D7FBF6D9F6E0A06853
:1025400000286BD005287CD001287ED000F067FBE6
:102550007EE020F4805000F05EFA0546306880048A
:102560007FF561AFFEF7F0FF00F0BEFBF6D9DDE0CE
:1025700020F0800000F04FFA05463068C0057FF576
:102580004CAFFEF7E1FF00F0AFFBF6D9CEE000F074
:1025900092FA00F040FA054641F28837306880032D
:1025A0007FF5ACAEFEF7D0FF411B0320B942F5D951
:1025B000BCE0306840F480203060306840F4803007
:1025C00000F029FA054641F28837306880033FF56C
:1025D00095AEFEF7B9FF401BB842F6D90320F8BD0F
:1025E000306820F0807000F016FA0546022F08D1FE
:1025F000306880013DD5FEF7A7FF00F075FBF7D9E5
:1026000094E0306880017FF540AFFEF79DFF00F059
:102610006BFBF6D98AE000BF0044025800F0FFFAD5
:102620003067FEF791FF054641F28837306F80072B
:102630007FF5FCAEFEF788FF411B0320B942F5D9B8
:1026400074E0306F40F004003067306F40F00100FC
:102650003067FEF779FF054641F28837306F800713
:102660003FF5E4AEFEF770FF411B0320B942F5D9F8
:102670005CE004F12805B06A40F2F33188432ECDC6
:102680000843591E40EA0210B0626FF35F214FF415
:10269000FE024FF47E4000EB452080B20844A16B5F
:1026A00002EB01414FF0FE4201F4FE010844E16BF0
:1026B00002EB016101F0FE41084430634FF6F8710E
:1026C000F06A20F00100F062706B8843A16C40EA70
:1026D000C1007063206CF16A21F00C010843F062C4
:1026E000F06A616C20F002000843F062F06A40F486
:1026F0008030F062F06A40F40030F062F06A40F43A
:102700008020F062F06A40F00100F062306840F032
:10271000807000F080F90446306880013FF5B5AE66
:10272000FEF712FF011B03200229F5D9F8BD0000B6
:102730001E4800F06FBA00BF70B370B5044690F841
:10274000450015460E4628B9002084F8440020466E
:1027500000F026F8206804F10801FEF7ADFD2068BE
:10276000A2683146FEF7EEFDD4E90102E36A29468C
:10277000FEF786FD2068A16850F8212042F0010292
:1027800040F821200548016841F000410160012026
:1027900084F84500002070BD0120704700400052C1
:1027A00070470000014800F025BB00BF10E000E0CA
:1027B00058B110B500F045FB03D100F075FA00F0F8
:1027C00006F800F07EFB00F086B9012070477047E4
:1027D00090F83D1001290ED1022180F83D10084AE1
:1027E00001688868734600F001FB9E4618BFB2F589
:1027F000803F02D170470120704700F027BB00BF27
:102800000700010010B548B10446D0F8800008B9AF
:1028100000F0C0FA00F019F9012801D1012010BD23
:10282000A06A08B100F059FA00F04CFA21F02A0130
:10283000816000F027FBBDE8104000F0D9BE704772
:1028400009490968084018BF012070470029064956
:10285000096814BF084321EA0000034908600868BA
:1028600002490860704700BF546D002400100060EA
:10287000B0B5234A9168B1F1FF3F38DD21491368B3
:1028800022A44B62137981F828305379CB625369C3
:102890000B63D3888B8693688B63D368CB63926911
:1028A0000A64194B0022292A06D0A55CDD601D6848
:1028B0006D06FCD50132F6E700220A600A68002A9C
:1028C000FCD002684A6042688A608268CA60C26856
:1028D0000A6102694A6142698A618269CA61C069A2
:1028E00008620020086008680028FCD0B0BD91682C
:1028F00041F000419160816902318161B0BD00BF4A
:1029000024ED00E0280100241C1001400D0A456E52
:1029100074657220486172644661756C745F4861C9
:102920006E646C65722C2053797374656D204861F8
:102930006C742E0D0A000000F8B5044607280ED866
:10294000FF2500260027072E17D8F0B200F02CF83C
:1029500000281CBF3546012007440136F3E7092C47
:1029600015D0082C1DD1002000F01EF8C8B10120A0
:10297000012400F019F8A8B913E0F9B285EA0400BF
:1029800081F001010843B0FA80F044090AE0012017
:1029900000F00AF828B1022000F006F808B101247E
:1029A00000E000242046F8BD074901EBC00251F8C1
:1029B0003000938800699179184018BF0120081AE7
:1029C000B0FA80F04009704710D60008B8EE400B0E
:1029D00081EE000B53EC102B3047BFF34F8FBFF34A
:1029E0006F8F704706EB460084F80A800130C0B252
:1029F0000AF0C6B860602168084020607047608AAD
:102A0000D4E90012105C8862608A01306082A1897A
:102A100080B2884270473060FEF796BDC2F346220E
:102A2000B8EE433A32EE002A81EE031A21EE021A82
:102A300002EE102AB8EE422A32EE002A81EE022A75
:102A4000BCEEC22A80ED002A70472420C4F8800022
:102A50002068016821F001010160204600F0F4BD0A
:102A60002369D3F80130B3F1EF3F7047D6F8A820BF
:102A7000114488427047046830462946626809F06C
:102A8000EFB90020CDE90000029000210023049856
:102A90007047C4F8DC00D4F8DC007047C0B20AF01C
:102AA0006FB8386840F001003860386800F0010005
:102AB000309030987047306820F480303060306853
:102AC00020F480207047DAF81C00514640F40030B2
:102AD000CAF81C007047012084F8480084F83E00C2
:102AE00084F83F0084F8400084F8410084F84200F4
:102AF00084F8430084F8440084F8450084F84600D4
:102B000084F8470084F83D00002010BD586D9C46B5
:102B100000F0070005287047A268D4F8DC10914245
:102B20007047D6F8A8301A4491427047DAF800107E
:102B30008F42704704F12400002100F039BAD6F822
:102B40002CC00BF10400DC457047201D012100F072
:102B5000CFB9F16A04F13000A1427047DAF84810A9
:102B6000002552467047D6F8A8502944884270473D
:102B7000DAF84010002552467047CDE90090204613
:102B80005946029770470968C1F30211515C01F080
:102B90001F01C84080BDD6F8A420BA427047201D4E
:102BA000022100F0A5B9F16A04F14400A142704786
:102BB000DAF844100025524670477B6813F1050F80
:102BC00070470843CAF848007047886900F110024E
:102BD000A24270473860FEF7B7BCF16A04F12800E2
:102BE000A1427047F86940F40030F86170473A68D4
:102BF00012F1050F70479AED000A41EC110B704776
:102C0000386840F002003860386800F00200009038
:102C100000987047016841F0020101607047306F11
:102C200020F001003067306F20F004007047C1F3DE
:102C3000066102EE101AB8EE422A32EE000A81EE68
:102C4000000ABCEEC00A10EE101A704751F8041CBE
:102C5000B1F1EF3F7047316B013188427047084353
:102C6000CAF84000704797E80C02D7E9030770479D
:102C7000D6F8A820104481427047204659463A466B
:102C80007047CDE90017204659467047D7E9002321
:102C9000D7E90217704700222B46204600F07EBE7F
:102CA000306B013081427047002084F83C002046A0
:102CB0007047F06A0BF1040158457047B96811F18B
:102CC000050F70472068416821F490414160816898
:102CD0007047F269013291427047204600F034BCDF
:102CE00007F10801B8427047411B032002297047D1
:102CF000C2F3064202EE102AB8EE422A32EE002A51
:102D000081EE022ABCEEC22A80ED012A7047E268F9
:102D10001368B3F1EF3F7047F169013188427047A2
:102D2000D6F8A41059457047C96904F13402084423
:102D300082427047D6F8A830194488427047D6F8C6
:102D4000A420A242704703F1040C83427047D6F8D6
:102D5000A860304481427047D6F8A410B942704749
:102D600007F10C01B8427047FF6817F1050F704773
:102D7000D6F8A40083427047016841F00101016068
:102D8000704702F070029142704704F12400022162
:102D900000F00EB9002084F87C002046FFF74FBDFC
:102DA000D6F8A410A1427047D6F8A400B8427047E4
:102DB00002F1040C824270472046342109F04CB9DC
:102DC000F8683A68CDE90010594620467047D6F8B1
:102DD000A8502B4499427047D7E900232046594612
:102DE0007047D6F8A8603044874270470240002000
:102DF000062A7047016821F0020101607047515CAA
:102E000001F01F01C84080BDB8626FF35F214FF42D
:102E10007E4000EB42204FF0FE4280B208444FF467
:102E2000FE0101EB034101F4FE010844296902EBB4
:102E3000016101F0FE4108447047326B013291425A
:102E40007047044690F83D0000287047086840F03D
:102E500001000860002070476FF35F2302EE103A14
:102E6000B8EE422A00EE032A03EE102AB7EE000A5B
:102E70007047F16A04F13400A1427047201D00211F
:102E800000F036B8016841F001010160204670474A
:102E9000F06810F00200704704F12400012100F0F6
:102EA00087B8F16A04F58070A1427047C5F3CC057C
:102EB00003F003036C43022B00EE104AB8EE400A05
:102EC0007047022084F83D00211D206800F0D8BA28
:102ED00021F4D0710160816821F00101816020201E
:102EE000C4F880007047D6F8A4205A457047000007
:102EF000F8B5B74F0546B86A00F00300032804BFD1
:102F00000120F8BD38680C4620F08060FFF762FEB3
:102F100006463868000105D5FEF716FB801B02281F
:102F2000F7D941E095E80F00BE6A26F47C360139F6
:102F300046EA0030FFF768FFB8636869F96A21F074
:102F4000C0010843F862A869F96A21F0200108432A
:102F5000F8624FF6F871F86A20F01000F862F86B2A
:102F60008843E969012C40EAC100F863F86A40F03F
:102F70001000F8624FF4001008BF4FF48010002CCE
:102F800008BF4FF40020F96A0843F862386840F03F
:102F90008060FFF71FFE04463868000106D4FEF784
:102FA000D3FA001B0328F7D30320F8BD0020F8BD97
:102FB000F8B5874F0546B86A00F00300032804BF40
:102FC0000120F8BD38680C4620F08050FFF702FE63
:102FD00006463868800005D5FEF7B6FA801B022841
:102FE000F7D941E095E80F00BE6A26F07C760139FA
:102FF00046EA0050FFF708FF38646869F96A21F46F
:1030000040610843F862A869F96A21F40071084335
:10301000F8624FF6F871F86A20F48070F862786C04
:103020008843E969012C40EAC1007864F86A40F4F9
:103030008070F8624FF0807008BF4FF40000002CE1
:1030400008BF4FF48000F96A0843F862386840F01E
:103050008050FFF7BFFD04463868800006D4FEF7B5
:1030600073FA001B0328F7D30320F8BD0020F8BD36
:10307000FEB50C48016841F002010160006800F0F3
:103080000200009003200490002003900120029091
:1030900004200190009801A90348FEF78FF906B0BB
:1030A00080BD00BFE0440258000402587047000091
:1030B000044804210160704702484FF480210160F8
:1030C000704700BF1804025810B5EC4CA06828B136
:1030D000A0680138A06001D10120A070002001216A
:1030E00030280ED02218136A4BB1136A013B1362C9
:1030F00005D15177137F012B01D1536A13620C3034
:10310000EEE760686FF000410130606060688842FF
:1031100001D10020606009F043FD607801306070EB
:10312000C0B20A2838BF10BD00206070BDE8104052
:1031300009F034BDB0B52448244BD0F8801041F4D8
:103140007001C0F88010196801F00F01062904D839
:103150001968072262F303011960A9491D4D0A6825
:1031600042F001020A6000220A610C682C400C60E7
:103170001C68240704D51C68072565F303041C603C
:10318000154B8A61CA610A628B62144BCB62144B85
:103190000B634A638B63CA630B644A640B6823F452
:1031A00080230B600A660F490968B2EB517F02D198
:1031B0000D4901220A600D4943F2D2020A604FF024
:1031C00000610160B0BD00BF08ED00E000200052CA
:1031D000004402587FEDF6EA000202020000FF01FF
:1031E000800201010010005C088100510040005283
:1031F0002DE9F0419CB0FEF719FA12208DF80C0071
:103200000DF10408032400258DF80F4004954FF0BC
:10321000105002900120ADF804004FF48070ADF81A
:103220000D004046FEF7DCF90F208DF80C008DF8FC
:103230000F40ADF80D504FF0C040029040F2011029
:10324000ADF804004FF0807004904046FEF7C8F9D6
:103250000420FEF7F5F96748016889030BD4FFF7EE
:10326000BCFBC0F83C52FFF7B8FB016841F40031E9
:103270000160FFF7B2FB0168C90324D40021016794
:1032800043F6E07CBFF34F8FC26EC2F3C903C2F3B3
:103290004E319A075C1C0CEA41161746234647EA52
:1032A000060507F14047013BC0F84C52F7D14B1ED1
:1032B00000291946EFD1BFF34F8F016841F48031E7
:1032C0000160FFF78AFBFEF75FF914A82021FDF7E4
:1032D0001BFB08F108004421FDF716FB4648016876
:1032E00021F0040101600021009144490A6822F0A4
:1032F00001020A60096801F001010091C16841F40E
:103300004041C160C16801F4404100910099C16829
:103310008904FCD5022010900E90CDE90A00A0216E
:1033200000240D91082508940494129411954FF4EB
:103330008030029005210C910120019004200F9013
:1033400001A8FEF7BFFF00B1FEE740201B90CDE9CA
:1033500018004FF480611A91CDE9164503201590AD
:1033600004213F20149014A8FEF7F4FD00B1FEE7FD
:10337000234C206840F080002060D4F8F40040F036
:103380000200C4F8F400D4F8F40000F00200009049
:103390000098FEF70DF8D4F8DC0040F00050FFF77D
:1033A00078FB00F0005000900098D4F8DC0040F06A
:1033B0008040FFF76EFB00F0804000900098D4F84A
:1033C000DC0040F00040FFF764FB00F0004000909C
:1033D0000098D4F8A80040F08050C4F8A800D4F8B1
:1033E000A80040F00050C4F8A80009F0C7F81CB0CD
:1033F000BDE8F08114ED00E00C4802582C040058A0
:103400000044025810B51C4C61682068890708D533
:10341000800706D54FF6FD70FFF7ECFA1748C06835
:10342000804761682068490708D5400706D54FF6F0
:10343000FB70FFF7DFFA1148006980476168206878
:10344000090708D5000706D54FF6F770FFF7D2FA3F
:103450000A484069804761682068C90601D5C006EE
:1034600000D410BD4FF6EF70FFF7C4FA034880692F
:10347000BDE81040004700BF0C000040840000245D
:1034800070B5294A0368904205D0B0F1804F1CBF47
:10349000264CA04234D123F070034C682343904261
:1034A0000ED0B0F1804F0BD0204CA0421CBF204C5E
:1034B000A04205D0204CA0421CBF1E4CA04229D1E6
:1034C000CC6823F4407323434E6923F080030C68D7
:1034D0008D6833430360C562846290420BD0154A05
:1034E000904208D0154A904205D0154A904202D029
:1034F000144A904201D1096901630121416170BD03
:103500000B4CA042C7D00B4CA042C4D00A4CA042E6
:10351000C1D0C6E7094CA042D2D0094CA042CFD0BE
:10352000084CA042CCD0CFE700000140000400408E
:103530000008004000040140000C00400040014031
:10354000004801400044014010B5816ACA0706D016
:103550000268C36A546824F40034234353608A0722
:1035600006D50268036B546824F480342343536007
:103570004A0706D50268436B546824F48024234329
:1035800053600A0706D50268836B546824F400442C
:1035900023435360CA0606D50268C36B946824F4BB
:1035A0008054234393608A0606D50268036C9468AE
:1035B00024F40054234393604A060FD50268436CF9
:1035C000546824F480141C435460B3F5801F05D163
:1035D000836C546824F4C00423435360090606D561
:1035E0000168C06C4A6822F400221043486010BD94
:1035F000BCB504460020C4F88800FDF7A5FF0546C9
:1036000020680168090708D56FF07E4000904FF4EC
:103610000011FFF740FB58B920680068400709D542
:103620006FF07E4000904FF48001FFF734FB08B14B
:103630000320BCBD00202021C4F8801084F87C0049
:10364000C4F88410BCBD0000FEB504460168806863
:10365000974ED4E903230D682E4018436569636EC5
:103660002843E56928431843924B30430860924E43
:10367000486820F4405010434860A069B1421CBF24
:10368000226A10438A681A408C4B10438860626A31
:10369000C86A20F00F001043C8628948814228D0D0
:1036A000884881422FD08848814236D0874881425D
:1036B0003DD08748814200F043808648814200F037
:1036C0004880B14200F04E808348814200F056802D
:1036D0008248814240F06880586D9C46C0F3C20029
:1036E000052800F262800127DFE800F06054565898
:1036F0005A5CFFF70BFA00F258800027DFE800F071
:10370000564A4C4E5052FFF701FA00F24E80002705
:10371000DFE800F04C4042444648FFF7F7F900F27A
:1037200044800027DFE800F04236383A3C3EFFF79D
:10373000EDF93AD80027DFE800F0392D2F31333585
:10374000FFF7E4F931D80027DFE800F0302426281D
:103750002A2CFFF7DBF928D80027DFE800F0271B29
:103760001D1F2123986D9C4600F0070005281CD8DA
:103770000227DFE800F01B0F11131517586D9C4648
:10378000C0F3C200052810D80127DFE800F00F03BE
:103790000507090B042709E0082707E0102705E0C3
:1037A000202703E0402701E09C4680277748B1426C
:1037B0000FD00121B5F5004F1BD1082F25D8DFE828
:1037C00007F00570C7C773C7C7C78F00FEF7E8FCCF
:1037D0008AE0402F30D0042F31D0082F33D0102F63
:1037E00039D0202F41D0022F40F0B180FDF774FF77
:1037F0002DE0082F14D8DFE807F0058CABAB8FABBA
:10380000ABAB9300FEF7CCFC8EE0102F00F0A8804D
:10381000202F6BD0402F40F09B804FF4004065E09C
:10382000102F00F0A880202F00F08080402F40F063
:103830008F804FF4004079E04FF4004015E0684677
:10384000FDF756FF02E06846FDF798FF0198002853
:103850007BD0626A09E0DCF8000080064C4804D5A1
:10386000DCF80010C1F3C101C8404A4931F8121018
:103870006268B0FBF1F002EB4201884267D3B0EB23
:10388000023F64D8010E000210EB520041F100012A
:103890000023FDF701F8A0F540713F4A914252D94B
:1038A00055E0FEF787FC1FE06846FDF721FF1AE0B0
:1038B000F369FFCFFFF4FF11000C005800440258D9
:1038C0000044004000480040004C004000500040D0
:1038D00000780040007C00400014014000100140CE
:1038E0006846FDF74BFF019878B3626A294931F8C1
:1038F0001210B0FBF1F061684A0802EB4000B0FB27
:10390000F1F04FF6F071014021D0C0F342000843BE
:1039100019E0FEF74FFC07E06846FDF7E9FE02E01C
:103920006846FDF72BFF019878B1626A194931F8B2
:103930001210B0FBF1F0616800EB5100B0FBF1F048
:1039400080B2102803D32168C860002100E0012163
:1039500000204FF00112C4E91A2020670846FEBD7E
:10396000DCF8000080060A48C0D5DCF80010C1F37E
:10397000C101C840BAE7DCF8000080060448D5D58C
:10398000DCF80010C1F3C101C840CFE700093D00D9
:103990000090D003E8D50008FFFC0F002DE9F843A4
:1039A000DDF820900446984616460F46006809F157
:1039B0000105C1693940C91BB1FA81F14909B14218
:1039C0001CD1002DF5D0FDF7BFFDA0EB080220684B
:1039D00001684A4515D8B9F1000F12D04907E8D55A
:1039E000C1690905E5D54FF4006101620168FFF77F
:1039F0006FFAC4F8840004F1880006E00020BDE8F6
:103A0000F883FFF765FA04F18400002184F87C1044
:103A1000202101600320BDE8F8830000034800F086
:103A200007B800BF01482C3000F002B8D0000024D5
:103A300070B504460068C66905688168B10616D588
:103A4000406AA168E28A8854E18A4A1CE282E189DC
:103A500092B28A4201D30022E282628B8A4202D26F
:103A6000618B01316183616A09B1C0B28847300658
:103A700018D5280616D5A08A58B1012084F8280048
:103A8000FEF7BDFF01D300206082A08A0138A0822A
:103A900008E02068016821F080010160016841F0C0
:103AA00040010160700617D5680615D5A08A40B19F
:103AB000FEF7A5FF01D300206082A08A0138A08212
:103AC0000AE02168206A0A6822F040020A6000B118
:103AD0008047002084F828002068016A41F0010135
:103AE0000162016A41F002010162016A41F00401D0
:103AF0000162016A41F008010162016A41F01001AE
:103B00000162016A41F040010162016A41F4807181
:103B10000162016A41F400710162016A41F40031FD
:103B20000162016A41F480110162016A41F02001E1
:103B3000016270BD10B500F00F03064CB0F1FF3FFD
:103B4000034A2344C8BF83180801187010BD00BF82
:103B500000E400E014ED00E070B5EFF3108372B6FE
:103B600084685CB10269151D0D6011680161106007
:103B7000611E8160002083F3108870BD00240C60FA
:103B80002AB1D24D2C6834B183F3108801E083F35D
:103B90001088102070BD154C2468E1672F49C4E9D6
:103BA0001A10416A4E1C4662D4F8F8600136C4F817
:103BB000F86031B1006A206750F8741F61670C67C4
:103BC00003E00462246704F174000121A163E2644C
:103BD00004600821216328680130286083F310887D
:103BE000204602F0C5FCD4F8840070BD9C0100247E
:103BF00010B5EFF3108272B6184C836EA34229D130
:103C0000D0F8F8308B4225D1C16E19B30B68384C0F
:103C1000A3421FD14C6AECB100238366013C4C6285
:103C200006D0D0E91C345C6723670C6A844200D15B
:103C30000B62016B08290DD11021C0F88410F049E6
:103C40000B6801330B6082F3108802F07BFBEFF30B
:103C5000108272B682F3108810BD00BFF13B0008DD
:103C60002DE9F0410F463021984616460446FCF7F0
:103C70004BFEF11C069867600027454621F00301C2
:103C800020F00300C4E90580E1610A1DB0FBF2F3F6
:103C90009F4204D0AE182E6001373546F8E78242C5
:103CA000C4E9023302D90520BDE8F081681A002179
:103CB00040F8041C0E49C4F81080EFF3108072B66F
:103CC00021602E490A6832B12D4B1B68DD6ADC6227
:103CD00005F1280602E02A4E2346254634600132CB
:103CE000C4E90A350A6080F310880020BDE8F0813D
:103CF000434F4C422DE9F041204BEFF3108272B656
:103D0000002101601C68013C1C6007D0D0E90A1347
:103D1000CB6299621A4B1B68834201D1184B196020
:103D2000B74CD0E908154FF00008C0E90888012712
:103D300020680130206082F3108895B1EFF3108085
:103D400072B6C1F88470C1F86880226801322260BE
:103D50000E6F80F31088084602F0F4FA013D3146F8
:103D6000EBE7EFF3108072B621680139216080F330
:103D7000108802F08FFA0020BDE8F081880100244D
:103D800084010024B0B5EFF3108472B609B1456820
:103D90000D600AB18168116004990BB1C2681A60A4
:103DA000059A09B1036A0B6006990AB1436A136068
:103DB00009B1806A086084F310880020B0BDFF203C
:103DC0007047FF2070470000F8B5EFF3108172B61E
:103DD000D0F824E0BEF1010F02D881F3108843E04F
:103DE000026ABEF1020F166F07D1D26AF36A9342DC
:103DF00038BF066281F3108836E0DFF8F8CE14464B
:103E0000DCF800300133CCF80030D56AF36A81F376
:103E10001088EFF3108172B6076ABC4201D0456A80
:103E200007E0AB4238BF3246456AAE4501D137465E
:103E300002E03A463C46AE463E6FA642E5D1DCF88B
:103E40000030013BCCF80030A24209D0D2E91C3549
:103E500002625D672B671467636F536762671A6757
:103E600081F3108802F016FA0020F8BDB0B50446C0
:103E7000EFF3108272B6014654F8043D186A48B157
:103E80005C6A013C5C620ED0D0E91C451C6265672F
:103E90002C670AE09868196921601C6101309860FC
:103EA00082F310880FE000241C6200238366C0F8B0
:103EB0008430C36F1960CE490B6801330B6082F305
:103EC000108802F03FFA0020B0BD00BFB801002406
:103ED0002DE9F04106462D480F46EFF3108172B6EA
:103EE00098460468D01C20F003053462304681F304
:103EF0001088294600F07EF9EFF3108172B668B998
:103F0000306AA042F1D100203860B8F1000F0BD028
:103F1000B74802686AB181F3108807E03860002072
:103F200081F31088BDE8F08181F310881020BDE88E
:103F3000F081324AC4E91A26C4E91E57D4F8F820A1
:103F40000132C4F8F820B26A531CB36232B1726A0B
:103F5000226752F8743F63671C6703E0746224674A
:103F600004F174020123A363C4F84C801460092394
:103F70002363026801320260204681F3108802F058
:103F8000F7FAD4F88400BDE8F08100BF9C0100245A
:103F900010B5EFF3108272B6184C836EA34229D18C
:103FA000D0F8F8308B4225D1C16E19B30B68314C73
:103FB000A3421FD18C6AECB100238366013C8C6262
:103FC00006D0D0E91C345C6723674C6A844200D178
:103FD0004B62016B09290DD11021C0F8841084496E
:103FE0000B6801330B6082F3108802F0ABF9EFF33A
:103FF000108272B682F3108810BD00BF913F000896
:10400000B8010024F8B50F4634211D461646044673
:10401000FCF77AFC25F00300E061C4E90466A661C0
:10402000676031180838A0600220E06041F8086D30
:10403000E94870604C6031600020E8492062EFF38D
:10404000108072B621602E490A6832B12D4B1B6870
:104050001D6B1C6305F12C0602E02A4E2346254603
:1040600034600132C4E90B350A6080F31088002007
:10407000F8BD00BF455459422DE9F041204BEFF304
:10408000108272B6002101601C68013C1C6007D0E0
:10409000D0E90B130B63D9621A4B1B68834201D121
:1040A000184B1960ED4CD0E909154FF00008C0E934
:1040B0000988012720680130206082F3108895B1BB
:1040C000EFF3108072B6C1F88470C1F8688022687E
:1040D000013222600E6F80F31088084602F032F938
:1040E000013D3146EBE7EFF3108072B621680139EC
:1040F000216080F3108802F0CDF80020BDE8F08147
:10410000900100248C010024B0B5EFF3108472B646
:1041100009B145680D600AB18168116004990BB15D
:10412000C2681A60059A09B1436A0B6006990AB120
:10413000836A136009B1C06A086084F310880020A4
:10414000B0BDFF207047FF2070470000F8B5EFF3C7
:10415000108172B6D0F828E0BEF1010F02D881F3C9
:10416000108843E0426ABEF1020F166F07D1D26A8F
:10417000F36A934238BF466281F3108836E0DFF875
:1041800044CF1446DCF800300133CCF80030D56A57
:10419000F36A81F31088EFF3108172B6476ABC426C
:1041A00001D0856A07E0AB4238BF3246856AAE452A
:1041B00001D1374602E03A463C46AE463E6FA64243
:1041C000E5D1DCF80030013BCCF80030A24209D048
:1041D000D2E91C3542625D672B671467636F5367D2
:1041E00062671A6781F3108802F054F80020F8BD66
:1041F000B80100242DE9F041EFF3108872B68C4627
:10420000D0E9023103EBC103103B63453BD9744B4A
:104210004E1C714900278E461D68436905625C6823
:104220007146744514D107B943611F68FC1A083CF4
:1042300064452DD2D7E90041724671450AD1C16863
:104240001C600139C1604169B94207D1436105E091
:104250001B6804E0002E18BF013E2346012788F3A7
:104260001088002E18BF013EEFF3108872B6016A65
:10427000A94203D0C168436905624E1C002ECED10D
:1042800088F3108801E088F310880020BDE8F081F1
:10429000002CF5D0A4EB0C0114290AD30CEB030578
:1042A000C1680131C16045F8087F1D60C5F804E0B0
:1042B00001E03D46A44681685860A1EB0C01083935
:1042C000816041698B4208BF456103F1080088F3B2
:1042D0001088BDE8F08100BF2DE9F047EFF31081B1
:1042E00072B630B150F8044C3B4A944218BF002CCF
:1042F00004D181F310880320BDE8F087924622683C
:10430000364B9A42F5D1BA4BA0F1080240F804AC02
:104310001F682762534650F8080CA368801A184497
:10432000A0606069824238BF6261A06A00284DD0F7
:1043300001204FF00008DFF8809F002841D0656A17
:104340002046AE6F81F310883146FFF753FFEFF33D
:10435000108172B62762A0B3626A95420CD1AA6F2F
:10436000B24209D1A26A013AA26214D0D5E91C2353
:10437000626253671A6710E050F8082D5346C0F880
:1043800004A0121AA3681A44A2606269904238BF5E
:104390006061A06AD1E7C4F82480EA6FC5F868803C
:1043A000C5F884801060D9F800000130C9F8000019
:1043B00081F31088284601F0C5FFEFF3108172B633
:1043C000E7E781F3108801F065FF01E081F31088D1
:1043D0000020BDE8F08700BFEEEEFFFF45545942D4
:1043E0009C010024B0B5EFF3108272B6814C836E4D
:1043F000A34230D1D0F8F8308B422CD1C16E51B3EA
:104400000B68284CA34226D14C6924B30023836651
:104410000B6953B1013C4C610AD0D0E91C45834281
:1044200065672C6706D10C6104E00123CB6001E0D5
:1044300000230B61016B07290DD10721C0F88410FF
:10444000F7490B6801330B6082F3108801F07AFFA3
:10445000EFF3108272B682F31088B0BDB801002469
:1044600070B50D4630210446FCF74EFA0D496560E3
:10447000EFF3108072B621602D490A6832B12D4BDE
:104480001B68DD69DC6105F1180602E0294E234650
:10449000254634600132C4E906350A6080F310888D
:1044A000002070BD4E4456442DE9F041204BEFF3FF
:1044B000108272B6002101601C68013C1C6007D0AC
:1044C000D0E90613CB6199611A4B1B68834201D175
:1044D000184B1960D24CD0E904154FF00008C0E920
:1044E0000488012720680130206082F3108895B18C
:1044F000EFF3108072B6C1F88470C1F8688022684A
:10450000013222600E6F80F31088084601F01AFF16
:10451000013D3146EBE7EFF3108072B621680139B7
:10452000216080F3108801F0B5FE0020BDE8F08125
:10453000800100247C010024F8B5EFF3108572B6E9
:104540008468066AB44304EA01077E1A18BF01268C
:1045500077B106EA52065EB9D2071C602AD04269DA
:104560000AB102691AB3826822EA0101816021E07E
:10457000069F17B1F44E34680CB107201BE0F14CD4
:10458000DFF870C02468C4E91E13D4F8F810C4F82A
:104590008020C4E91AC00131C4F8F810416969B13A
:1045A0000269226752F8743F63671C670AE0026A77
:1045B00011430162002085F31088F8BD046124676F
:1045C00004F1740214600122A2630131E7644161C5
:1045D0000722226330680130306085F3108820465E
:1045E00001F0C6FFEFF3108572B6D4F88400E2E75D
:1045F0009C010024E5430008B0B5EFF3108472B6C7
:1046000009B145680D601AB18168056AA943116056
:1046100004990BB102691A60059A09B143690B60EC
:104620000AB18069106084F310880020B0BDFF20BB
:104630007047FF20704700002DE9F04F85B0044619
:10464000EFF3108E72B690073DD4D4E90803A26848
:10465000019342EA010BC4F808B008B18843206214
:10466000D4E90405C8B3012D3CD1816F01EA0B05E3
:104670006B1A18BF0123002D00F0CF80D0F88050B6
:1046800005F0020603EA5603002B40F0C680C36F14
:10469000EA07C3F800B003D0A26822EA0101A160D2
:1046A0000021C4E90411C0F884108166F2490A6847
:1046B00001320A608EF3108801F044FEEFF3108E91
:1046C00072B6012794E0606918B12069002800F0F3
:1046D0009A80A0680840A06099E00DB10120E060D8
:1046E000002785E0E44A0021216111680131116051
:1046F0000022CDE903200021002202928EF31088CF
:10470000EFF3108E72B6E3683BB10020E06065699C
:10471000049FA0684BEA000B00E00746BB6FD7F888
:104720003090386FD7F8808003EA0B0CBCEB030A9B
:1047300018BF4FF0010AB9F1070F0AD1724608F00D
:10474000020E0AEA5E069646BCFA8CF25209324321
:1047500029D1B9F1070F0CD1FA6FC2F800B05FEAA6
:10476000C87202D0A2689A43A2600022C7F88420CF
:10477000BA66874207D07A6F42671067049ABA42D6
:1047800003D13A6F00E00022049262693B46013A8D
:10479000626111B1039A0B461767002139670397CD
:1047A000012102911946013DA8D104982061206A97
:1047B00028B100222262A26822EA0000A0608EF3E3
:1047C0001088CA4E029F69B10D6FEFF3108072B668
:1047D00032680132326080F31088084601F0B2FD81
:1047E0002946F0E7EFF3108E72B63068013830607A
:1047F00001998EF3108809B120468847012F08D10E
:1048000001F048FD05E0206A60EA010020628EF3B5
:104810001088002005B0BDE8F08F01990027E8E777
:10482000B8010024EFF3108272B64162002082F3D7
:1048300010887047F0B573480168013101608D49F7
:104840000968EFF30582114347D00168012944D17B
:104850006A490A686A49096842B3D2F8F030DBB3A2
:1048600000245D42C2E93C44994238BFDD436B18E5
:10487000D2E93A56ED1856F1000654F1000718BF78
:104880004FF0FF35C2F8E85018BF0026C2F8EC60C0
:10489000D0E90625D21855F1000354F100041CBFDD
:1048A0004FF0FF320023C0E9062315E042689AB1B9
:1048B000002354424360914238BFD4436218D0E988
:1048C0000445121955F1000453F100031CBF4FF0C9
:1048D000FF320024C0E904248160F0BD70B5654852
:1048E0000068EFF3058108434648016826D0012996
:1048F00024D1434A8368D0E908455E4212689A424F
:1049000038BFDE43B31800261B1955F1000456F1D9
:1049100000051CBF4FF0FF330024C0E90834374CBA
:10492000394B24681B683CB19C4202D0F14D2D6884
:1049300015B10025C4E93C2503B942600139016085
:1049400070BD00BF9C010024B801002410B5E848E8
:104950002B4A016800201268C1F8F400C1F8F02069
:1049600028494B6893B15C4248609A4238BFDC43A7
:104970002244D1E90434D21854F1000350F100006C
:104980001CBF4FF0FF320023C1E9042310BD00BF5C
:1049900070B5D748016869B31948D1F8F0200068AC
:1049A0002AB300235442C1E93C33904238BFD44378
:1049B0002218D1E93A45A41855F1000553F1000633
:1049C00018BF4FF0FF34C1F8E84018BF0025C1F808
:1049D000EC500C49D1E90645121955F1000453F188
:1049E00000031CBF4FF0FF320024C1E90624064932
:1049F000096801B170BD0349486070BD9C01002485
:104A0000041000E000020024A001002480B501F0A1
:104A1000A9F902F0B3F907480021C0E90811C0E97B
:104A20000A11C0E90011C0E90211C0E90411C0E98E
:104A3000061180BD6C01002410B50E4C206810F1E9
:104A40000F3F0AD04FF0F0302060FBF741FCFFF73A
:104A5000DDFFE4480168013101604FF0F030206073
:104A60000648006808F0D6F800202060BDE8104035
:104A7000FBF796BC14000024B8010024AC660024A7
:104A800010B5EFF3108272B69B4C836EA34229D10E
:104A9000D0F8F8308B4225D1C16E19B30B68284C81
:104AA000A3421FD1CC69ECB100238366013CCC61E9
:104AB00006D0D0E91C345C6723678C69844200D13E
:104AC0008B61016B0D290DD11D21C0F88410F449B3
:104AD0000B6801330B6082F3108801F033FCEFF3B5
:104AE000108272B682F3108810BD00BFB801002496
:104AF00070B50E46342115460446FBF705FF1049F4
:104B000025616660EFF3108072B621600E4A0D4990
:104B10000A6036490A6832B1354B1B685D6A5C62CF
:104B200005F1200602E0324E23462546346001326C
:104B3000C4E908350A6080F31088002070BD00BF0A
:104B40004554554DBC010024855000082DE9F8431B
:104B5000264BEFF3108172B6002202601C68013C04
:104B60001C6007D0D0E9082353621A62204B1B68EF
:104B7000834201D11E4B1A60C94DD0E906464FF061
:104B80000008C0E90688C2682B6801332B6042B177
:104B90000122826081F3108800F08AF9EFF310811E
:104BA00072B681F310884FF0010996B1EFF31080CF
:104BB00072B6C4F88490C4F868802968013129600D
:104BC000276F80F31088204601F0BCFB013E3C4675
:104BD000EBE7EFF3108072B629680139296080F3A2
:104BE000108801F057FB0020BDE8F88398010024ED
:104BF00094010024F8B5EFF3108372B63C4A85683F
:104C000014685DB1C268A2421AD0F9B1DFF858CF7A
:104C1000DCF80060F6B183F3108819E00121C0E9E7
:104C200002149CB30169012903D120218162E16A48
:104C30004161D4F8D810F1B10A6B0863D0621EE06C
:104C4000691C8160002083F31088F8BD83F310880D
:104C50001D20F8BD284EC4E91A60D4F8F86001366A
:104C6000C4F8F860C669AEB18769276757F8745F02
:104C700065672C6712E001460246C4F8D800C0E917
:104C80000B12D4F8D4000130C4F8D40083F3108898
:104C90000020F8BD8461246704F17407E1640121F8
:104CA000A1633C600D212163711CC161DCF800101F
:104CB0000131CCF8001083F310880169012910D16B
:104CC000E16A836A8B4288BF8162D2F8D000814258
:104CD00038BFC2F8D010D06A884202D9104600F01E
:104CE00083F8204601F044FCD4F88400F8BD00BFEE
:104CF0009C010024B8010024814A0008B0B5EFF3FC
:104D0000108472B609B145680D600AB181681160FE
:104D100004990BB1C2681A60059A09B183690B60E6
:104D200006990AB1C369136009B1006A086084F387
:104D300010880020B0BDFF207047FF2070470000A2
:104D4000F8B5EFF3108172B6D0F81CE0BEF1010F98
:104D500002D881F3108843E08269BEF1020F166F1A
:104D600007D1D26AF36A934238BF866181F3108813
:104D700036E0DFF820CF1446DCF800300133CCF801
:104D80000030D56AF36A81F31088EFF3108172B6B0
:104D90008769BC4201D0C56907E0AB4238BF3246E3
:104DA000C569AE4501D1374602E03A463C46AE46BB
:104DB0003E6FA642E5D1DCF80030013BCCF8003074
:104DC000A24209D0D2E91C3582615D672B67146766
:104DD000636F536762671A6781F3108801F05AFAAC
:104DE0000020F8BDB80100242DE9F0410446EFF39E
:104DF000108072B60D46216B51B1D4F8CC10E5622B
:104E0000A94238BF0D46E56380F31088BDE8F08104
:104E10000021E164234F0121A1630E212163C749D1
:104E20000A6802320A60D4F82C803E6880F3108849
:104E3000204601F09DFBEFF3108072B6E562D4F8D6
:104E4000CC10A94228BF2946E16380F31088204690
:104E500001F078FAEFF3108072B63968A14201D000
:104E6000226B1AB180F31088BDE8F081CA6AE16A4A
:104E700091420CD9E36B8B42F4D2934209D90122BF
:104E800002FA01F1094A136819431160EAE7A642E0
:104E9000E8D13C60A845E5D2034A42F82140E1E769
:104EA000B8010024A0010024B0660024A801002459
:104EB000F8B50446EFF3108072B6A26872B1704B79
:104EC000E1681B68994202D0DB4B1B68CBB1013A09
:104ED000A26006D080F31088002515E080F31088CA
:104EE00011E099B1D1F8D420013AC1F8D42010D002
:104EF000D4E90B231363DA62D1F8D830A3420BD183
:104F000008E080F310881E252846F8BD80F310883D
:104F1000E2E70022C1F8D820A36922692BB922B99F
:104F20000025E56080F31088EEE7D1F8C850012A2B
:104F300021D1E14A13680133136080F310882023E4
:104F4000D1F8D80006465EB13769012F03D1B76AA0
:104F50009F4238BF3B46F76A3E1A18BF3E46F2E70B
:104F6000EFF3108072B6C1F8D030116801391160CA
:104F7000AB4238BF1D46E169022911D321690129DD
:104F80000ED1CD4E31680131316080F3108820465A
:104F9000FFF7D6FEEFF3108072B631680139316049
:104FA000A66946B12169012921D12021E768A162C2
:104FB000F16A61611CE0C04E31680131316080F3FB
:104FC00010882020A062E068C16AA94202D0294668
:104FD000FFF70AFFEFF3108072B60025E560316835
:104FE0000139316080F3108801F054F98CE7002713
:104FF000D6F8D41029B1D6F8D820136B1463DC622C
:1050000003E0C6F8D840224623460131C4E90B2309
:105010000122C6F8D410C4E90226E1690139E16130
:1050200005D0D6E91C12A1614A67116701E0002191
:10503000A1610021C6F88410B166EE490A68013208
:105040000A6080F310882069012814D1E06958B102
:105050002046FFF775FEEFF3108072B6A16909B123
:10506000C96AA16280F31088F86AA84203D0384662
:105070002946FFF7B9FE304601F064F92CE700BF7E
:105080009C01002470B5DB4DEFF3108172B604462D
:105090000126286801302860D4F8D80058B186600D
:1050A00081F31088FFF704FFEFF3108172B6D4F894
:1050B000D8000028F2D128680138286081F31088D0
:1050C00070BD00BFB801002410B5EFF3108272B6B6
:1050D000C94C836EA3422DD1D0F8F8308B4229D130
:1050E000C16E39B30B682F4CA34223D1CC6A0CB3E9
:1050F00000238366013CCC6206D0D0E91C345C6797
:1051000023678C6A844200D18B62036B052B11D11B
:1051100009690B230029F34908BF0A23C0F884302A
:105120000B6801330B6082F3108801F00BF9EFF389
:10513000108272B682F3108810BD00BFB80100243F
:10514000F8B50F4644211D4616460446FBF7DCFB26
:10515000B0000699C4E90855A561C4E90176B1FB20
:10516000F0F06061E0600F49704305EB8000E061A2
:10517000EFF3108072B621602D490A6832B12D4BD1
:105180001B685D6B5C6305F1300602E0294E234627
:10519000254634600132C4E90C350A6080F310887A
:1051A0000020F8BD554555512DE9F041204BEFF356
:1051B000108272B6002101601C68013C1C6007D09F
:1051C000D0E90C134B6319631A4B1B68834201D15E
:1051D000184B1960C34CD0E90A154FF00008C0E91C
:1051E0000A88012720680130206082F3108895B179
:1051F000EFF3108072B6C1F88470C1F8688022683D
:10520000013222600E6F80F31088084601F09AF890
:10521000013D3146EBE7EFF3108072B621680139AA
:10522000216080F3108801F035F80020BDE8F0819E
:105230007801002474010024B8010024F8B5EFF3CC
:10524000108172B60024026982B1C56AC26883699E
:10525000C0E90442C0E9083345B10022846AC26251
:105260008262A04802680132026000E0002581F3FA
:105270001088F5B100279B4E8DB184B1EFF31080FB
:1052800072B6C4F88470A766316801313160246F4A
:1052900080F31088606F01F055F8013DECE7EFF303
:1052A000108072B631680139316080F3108800F0E7
:1052B000F1FF0020F8BD00BFB8010024F8B5EFF3FE
:1052C000108C72B604464569C06A4DB188B1421E61
:1052D000A06A30D0D0E91C56A5626E6735672CE015
:1052E000002A4BD0E84D2B68002B4CD08CF3108853
:1052F00046E0A269206A904208BFE0696A1E6261C6
:105300002569A26801352561022A0D68A0EB820695
:105310002662356008D3C2F10102043122B120C9EE
:1053200040F822500132F9E7A16B8CF3108819B3D1
:105330002046884720E00025A562C76FE2620A6820
:105340000025A66B85663A60A268022A07D3013A57
:10535000043704311AB108C9013A08C7FAE7CA4943
:10536000C0F884500A6801320A608CF3108800F09B
:10537000E9FF36B12046B047002502E08CF31088E3
:105380000B252846F8BDC14B1E680123C6E91F1333
:10539000BF49C6E91A14D6F8F8100131C6F8F8105A
:1053A00004F1280130B10B6833675F6F77675E6780
:1053B0003E6703E00E60366706F174010E6005215A
:1053C00031630130F264E0620121B1632868013089
:1053D0002860A76B8CF31088304601F0C9F8D6F826
:1053E0008450002FCDD0002DCBD12046B847D6F821
:1053F0008450C6E7B8010024C9500008B0B5EFF3E7
:10540000108472B609B145680D600AB10169116076
:1054100004990BB142691A60059A09B1836A0B605D
:1054200006990AB1C36A136009B1006B086084F37E
:1054300010880020B0BDFF207047FF20704700009B
:10544000F8B5EFF3108172B6D0F82CE0BEF1010F81
:1054500002D881F3108843E0826ABEF1020F166F12
:1054600007D1D26AF36A934238BF866281F310880B
:1054700036E0DFF8C0CE1446DCF800300133CCF85B
:105480000030D56AF36A81F31088EFF3108172B6A9
:10549000876ABC4201D0C56A07E0AB4238BF3246DA
:1054A000C56AAE4501D1374602E03A463C46AE46B3
:1054B0003E6FA642E5D1DCF80030013BCCF800306D
:1054C000A24209D0D2E91C3582625D672B6714675E
:1054D000636F536762671A6781F3108800F0DAFE22
:1054E0000020F8BDB8010024F8B5EFF3108C72B6B7
:1054F0000469C56A9CB1DDB1826AD2F88030012BA3
:1055000031D1D36F1C680C608468022C38D3013C05
:105510001E1D0431A4B308CE013C08C1FAE7002ADD
:1055200060D0E34E3368002B60D08CF310885BE0D2
:10553000026A8368022B20CA0D6006D35D1E043107
:105540001DB108CA013D08C1FAE7C1698A4208BF16
:1055500082690262611E0161002441690131416179
:105560008CF3108876E0076A8468022C08CF0B6001
:105570000ED3661E04315EB108CF013E08C1FAE7C2
:10558000691E48D0D2E91C3483625C67236744E01B
:10559000DFF8A0EDC669B74208BF8769DEF80030C2
:1055A0000133CEF800300762DEF80030013BCEF860
:1055B0000030D36F476A022C196802C706D3013C3A
:1055C00004331CB102CB013C02C7FAE7B74208BF63
:1055D000876947626B1E2CD0D2E91C1481624C672C
:1055E000216728E08CF310880A2433E0744B1C6890
:1055F0000023C4E91F137349C4E91A10D4F8F81042
:105600000131C4F8F8103DB3816A216751F8743F45
:1056100063671C6724E000238362C162DC480024C6
:10562000C2F8844094660168013101608CF31088EF
:105630000DE0002181620024C2F884409466C362B8
:10564000DEF800000130CEF800008CF31088104620
:1056500000F078FE2046F8BD8462246704F17401EE
:105660000C600121A163E26405212163691CC16210
:105670003068013030608CF31088204600F078FFED
:10568000D4F88440E6E700BFB80100249C01002460
:10569000C9500008F8B5EFF3108372B604464569A7
:1056A000C06A4DB188B1421EA06A2CD0D0E91C5608
:1056B000A5626E67356728E0002A47D0D64D2E6870
:1056C000002E48D083F3108842E0681E256960618F
:1056D000A2680135606A25610D68022A20C006D3E0
:1056E000013A04311AB120C9013A20C0FAE7E16950
:1056F000884208BFA069A16B606283F3108819B368
:105700002046884720E00025A562C66FE2620A684D
:10571000002585663260A268022A07D3013A043662
:1057200004311AB180C9013A80C6FAE7F549C0F8D8
:1057300084500A6801320A60A66B83F3108800F077
:1057400001FE36B12046B047002502E083F3108801
:105750000B252846F8BDB14E00273668C6E91F174D
:105760001849C6E91A14D6F8F8100131C6F8F8102D
:1057700030B1A16A316751F8747F77673E6703E003
:10578000A662366706F174010E60052131630130AF
:10579000F264E0620121B163286801302860A76BE0
:1057A00083F31088304600F0E3FED6F88450002FD3
:1057B000CFD0002DCDD12046B847D6F88450C8E7C9
:1057C0009C010024C9500008EFF3108272B6816377
:1057D000002082F31088704770B5EFF3108272B624
:1057E0000446006940B1411EE06811D0D0E91C3583
:1057F000E3605D672B670DE0A06888421DD2013031
:10580000E169A06082F31088A9B12046884712E0C0
:105810000023E3602161D4490025C0F884508566E7
:105820000B6801330B60E66982F3108800F08AFD93
:1058300036B12046B047002502E082F310882125CA
:10584000284670BD10B5EFF3108272B6744C836EAB
:10585000A34229D1D0F8F8308B4225D1C16E19B3BB
:105860000B68264CA3421FD10C69ECB10023836660
:10587000013C0C6106D0D0E91C345C672367CC681E
:10588000844200D1CB60016B06290DD10D21C0F8F7
:105890008410B5490B6801330B6082F3108800F067
:1058A00051FDEFF3108272B682F3108810BD00BF75
:1058B000B801002470B50E46282115460446FBF7B2
:1058C00023F80E49C4E90165EFF3108072B6216038
:1058D0002D490A6832B12D4B1B689D699C6105F109
:1058E000140602E0294E2346254634600132C4E9FD
:1058F00005350A6080F31088002070BD414D455386
:105900002DE9F041204BEFF3108272B600210160C7
:105910001C68013C1C6007D0D0E905138B615961FC
:105920001A4B1B68834201D1184B1960D94CD0E93E
:1059300003154FF00008C0E90388012720680130F3
:10594000206082F3108895B1EFF3108072B6C1F831
:105950008470C1F868802268013222600E6F80F383
:105960001088084600F0EEFC013D3146EBE7EFF30E
:10597000108072B621680139216080F3108800F030
:1059800089FC0020BDE8F081700100246C01002436
:10599000B8010024F8B5EFF3108272B683682BB11A
:1059A000591E8160002082F31088F8BD29B1B94BDF
:1059B0001C6834B182F3108801E082F310880D2056
:1059C000F8BDD34C164D2468C4E91A50D4F8F850E9
:1059D0000135C4F8F850056935B1C668266756F830
:1059E000747F67673C6703E0C460246704F1740652
:1059F000E1640121A163346006212163691C016116
:105A000018680130186082F31088204600F0B0FD5D
:105A1000D4F88400F8BD00BFB80100249C01002424
:105A200045580008B0B5EFF3108472B609B1456867
:105A30000D600AB18168116004990BB1C2681A60E7
:105A4000059A09B103690B600AB14069106084F3DB
:105A500010880020B0BDFF207047FF207047000075
:105A6000F8B5EFF3108172B6D0F810E0BEF1010F77
:105A700002D881F3108843E0C268BEF1020F166FAE
:105A800007D1D26AF36A934238BFC66081F31088A7
:105A900036E0DFF884CE1446DCF800300133CCF871
:105AA0000030D56AF36A81F31088EFF3108172B683
:105AB000C768BC4201D0056907E0AB4238BF324637
:105AC0000569AE4501D1374602E03A463C46AE464E
:105AD0003E6FA642E5D1DCF80030013BCCF8003047
:105AE000A24209D0D2E91C35C2605D672B671467FA
:105AF000636F536762671A6781F3108800F0CAFB0F
:105B00000020F8BDB8010024B0B5EFF3108172B6E3
:105B10000446006940B1421EE0680FD0D0E91C3550
:105B2000E3605D672B670BE0A068E2690130A0606D
:105B300081F31088AAB12046904712E00023E36069
:105B40002261E94A00238366C0F884301368013378
:105B50001360E56981F3108800F0F4FB0DB1204675
:105B6000A8470020B0BD00BFB8010024EFF31082A9
:105B700072B6C161002082F3108870472DE9F843A6
:105B8000DDE9089816460D460446EF221F464846B2
:105B90004146FAF7B2FE20464FF48071FAF7B4FEA0
:105BA0002021C4F8D0100A98C4F8C800E062C4E903
:105BB0001167A5620C99C4E9061109F103000B995C
:105BC000C4F8CC10E16320F00300E0602E49616569
:105BD00003212163A8F10401484521F0030118BF06
:105BE000043908446161A4650138206127492046D1
:105BF000FAF7A6FDA0683B4AC4F8DC0024493A4DF8
:105C0000EFF3108072B621600D9913683BB12D68D7
:105C1000D5F88C60C5F88C40C6F8884002E02C604E
:105C20002546264601331360AF4AC4E9225613685D
:105C30000133136001290ED117490968EFF305827A
:105C40001143B1F1F03F13D3A8490D6885B1EE6B54
:105C5000E96AE9630EE080F31088EFF3108072B612
:105C600011680139116080F3108800F013FB08E01F
:105C70000025002680F31088204600F063FB05B164
:105C8000EE630020BDE8F883916A0008996000087F
:105C900044524854B80100241400002410B5EFF316
:105CA000108172B6026B013A022A16D20D4B002205
:105CB00002601C68013C1C6009D0D0E92223C2F8B4
:105CC0008C30C3F88820084B1B68834201D10648FA
:105CD000026081F31088002010BD81F3108811202C
:105CE00010BD00BFB4010024B0010024EFF3108206
:105CF00072B6C0F8E010002082F3108870470000F0
:105D0000C948EFF3108172B6006881F310887047BC
:105D10009C010024B0B5EFF3108472B609B1856A16
:105D20000D600AB1016B116004990BB142681A60F1
:105D3000059A11B1D0F8C8300B60069912B1D0F8AD
:105D4000CC301360079A09B183690B60089912B1CE
:105D5000D0F88830136009B1006F086084F31088B0
:105D60000020B0BDB0B50B4C202080210025206163
:105D7000AF48C4E90055C4E90255FAF7C5FDE5612D
:105D80000549C4E90555C4E90855A06A0843A0625D
:105D9000B0BD00BF9C01002480001001FF207047AF
:105DA000FF207047F8B5EFF3108372B6D0F8C84003
:105DB0008C4201D2182239E00DD1C46A9C4D55F8AD
:105DC0002450854207D1012505FA04F4194D2E68A7
:105DD00026EA04042C60D0F8CC401460954AC0F840
:105DE000CC10D0F8D060C56A8E4288BF0E461468C9
:105DF000C66300228C4238BFAC4217D2A5490F6857
:105E0000874213D1AE4205D00A4A0120A840156846
:105E100028431060864850F82400086083F31088F7
:105E200000F038FAEFF3108372B6002283F3108883
:105E30001046F8BDA80100242DE9F8430446EFF30D
:105E4000108072B60D46D4F8C8101160216B59B19C
:105E5000D4F8D010C4E93255A94288BF2946E1637D
:105E6000E16280F310882EE00E212163C34F894E3A
:105E70000021E1640121A163396803313960D6F85A
:105E80000090D4F82C8080F31088204600F070FB3E
:105E9000D4F8D000C4E93255A84288BF2846E06350
:105EA000E062204600F04EFAEFF3108072B63968D7
:105EB000013939603168A14201D0226B32B180F3DF
:105EC000108800F0E7F90020BDE8F883A145F6D17D
:105ED000CA6AE16A9142F2D83460A845EFD2544AC6
:105EE00042F82140EBE700BFB8010024A0010024E4
:105EF00070B5E648C04E0468EFF3108072B674B314
:105F00002168B1422BD1A268D4F8DC10914202D9A9
:105F10001146C4F8DC20E2681368B3F1EF3F07D103
:105F20002369D3F80130B3F1EF3F01D1914209D297
:105F300080F31088204600F061F9EFF3108072B60C
:105F4000D4F8DC1051F8041CB1F1EF3F07D080F316
:105F50001088204600F014F9EFF3108072B680F339
:105F60001088EFF3108072B6304DD4E90732E16A41
:105F7000A2422B6005D02E4B43F82120EE4B226A23
:105F80001A602C4A12688A4204D2294951F8221018
:105F9000E94A116080F31088E7480568A5423BD0C4
:105FA000EFF3108072B675B32968B1422BD1AA689D
:105FB000D5F8DC10914202D91146C5F8DC20EA6818
:105FC0001368B3F1EF3F07D12B69D3F80130B3F178
:105FD000EF3F01D1914209D280F31088284600F0AA
:105FE0000DF9EFF3108072B6D5F8DC1051F8041CEF
:105FF000B1F1EF3F07D080F31088284600F0C0F8D9
:10600000EFF3108072B680F31088CD484FF08051C6
:106010000160EFF3058000B170BDEFF3108062B650
:1060200080F3108870BD00BF9C010024CC010024C7
:10603000B0660024AC010024B0B5EFF3108172B655
:10604000026B032A0ED1924A1268EFF305831A43BA
:10605000B2F1F03F10D3B84A14686CB1E56BE26A54
:10606000E2630BE0426B012A11BF1220002242635F
:10607000192081F31088B0BD00240025AD4A1368B3
:106080000133136081F3108800F05CF904B1E5631B
:106090000020B0BDA001002410B5A8480468EFF3AB
:1060A000108072B6D4F8E02080F3108812B1204638
:1060B00000219047D4E9111088471248016809B1BE
:1060C000204688470021EFF3108072B6E164012179
:1060D000A163216397490A6801320A60D4F8E0207D
:1060E00080F31088EFF3148020F0040080F314880C
:1060F00012B12046012190472046BDE8104000F033
:1061000037BA00BFBC01002410B58C4AEFF31081F0
:1061100072B6146844B15E4A1268EFF305831A43FD
:1061200006D081F3108801E081F31088132010BDA0
:10613000114A944206D040B17E4A13684BB181F3B4
:106140001088F3E781F31088F0E781F310880020CE
:1061500010BD0023C4F88430E0640123A36304234A
:10616000236310680130106081F31088204600F02E
:10617000FFF9D4F8840010BDB8670024B8010024EA
:10618000F0B5EFF3108172B690B30368F34A93420F
:106190002ED1C46864B3D0F8DC504DB381F31088BD
:1061A0006FF003062F1B06EA6703E1582344B1F1A1
:1061B000EF3F14BF1D461C46BF10032FF2D801E06D
:1061C00053F8041FB1F1EF3FFAD0EFF3108172B62C
:1061D000046894420CD1C268934209D9D0F8DC20FB
:1061E000934205D21A68B2F1EF3F18BFC0F8DC3015
:1061F00081F31088F0BD00BF4452485410B50A49DD
:10620000EFF3108472B6096801B1884784F31088EF
:1062100010BD00BF044AEFF3108172B61060002079
:1062200081F31088704700BFC001002410B5EFF360
:10623000108172B6026B531E022B0FD3032A11D0AA
:1062400072B9CA4A1468124A84421268EFF305838D
:106250000DD11A430BD1C24A126842B1142402E094
:1062600001224263002481F31088204610BD0122E0
:1062700082630024C46403220263B94A13680133B1
:10628000136081F3108800F073F9EEE79C0100249D
:106290001400002410B5B248006800B110BDB14828
:1062A0000468B2480068A042F8D0EFF3108072B6DC
:1062B0007CB32168A94A91422BD1A268D4F8DC10A2
:1062C000914202D91146C4F8DC20E2681368B3F1A8
:1062D000EF3F07D12369D3F80130B3F1EF3F01D18C
:1062E000914209D280F310882046FFF787FFEFF331
:1062F000108072B6D4F8DC1051F8041CB1F1EF3FF5
:1063000007D080F310882046FFF73AFFEFF31080A4
:1063100072B680F3108894484FF080510160EFF31B
:1063200005800028BAD1EFF3108062B680F31088A0
:1063300010BD00BFB8010024A00100249C0100246E
:1063400004ED00E0F8B50446EFF3108072B6834E1A
:106350002CB32168B14222D1FCF7DEFB02D91146F1
:10636000C4F8DC20FCF7D3FC04D1FCF779FB01D1A5
:10637000914209D280F310882046FFF73FFFEFF3E8
:10638000108072B6D4F8DC10FCF760FC07D080F304
:1063900010882046FFF7F4FEEFF3108072B680F30A
:1063A0001088EFF3108772B604F14C00616E11B1E2
:1063B00000F05AFD01E000210160694D28680138B4
:1063C0002860A16B206B41B1013802280DD3606BAE
:1063D00038B900202063A06307E030B1606B00286B
:1063E00048D003200021C4E90C01F4485D4900684D
:1063F00087F310880C68A0422DD0EFF3108072B69E
:106400002CB32168B14222D1FCF786FB02D9114698
:10641000C4F8DC20FCF77BFC04D1FCF721FB01D1A4
:10642000914209D280F310882046FFF7E7FEEFF390
:10643000108072B6D4F8DC10FCF708FC07D080F3AB
:1064400010882046FFF79CFEEFF3108072B680F3B1
:106450001088286800B1F8BDE0484FF08051016015
:10646000EFF305800028F6D1EFF3108062B680F3D9
:106470001088F8BD00202063D34AE06A52F820104B
:1064800029B1486A4C620462C4E90810ADE742F8D9
:106490002040CF4A0121C4E90844814013681943D0
:1064A0001160CC490A689042BFF49FAF0860CA49A6
:1064B0000A68002A50D0D36B9842BFF496AFD06AD6
:1064C000834206D0012202FA00F0C04A1368184342
:1064D00010600C6087F310880C68EFF3108072B6C0
:1064E0002CB32168B14222D1FCF716FB02D9114628
:1064F000C4F8DC20FCF70BFC04D1FCF7B1FA01D1A5
:10650000914209D280F310882046FFF777FEEFF31F
:10651000108072B6D4F8DC10FCF798FB07D080F33B
:1065200010882046FFF72CFEEFF3108072B680F340
:106530001088286800287FF48EAFA8484FF080515B
:106540000160EFF3058000287FF485AFEFF3108042
:1065500062B680F31088F8BD0C6046E74452485498
:10656000B8010024A001002404ED00E09C010024F7
:10657000F8B50446EA480668EFF3108072B67CB3BB
:1065800021688F4A91422BD1A268D4F8DC10914245
:1065900002D91146C4F8DC20E2681368B3F1EF3F7A
:1065A00007D12369D3F80130B3F1EF3F01D1914214
:1065B00009D280F310882046FFF720FEEFF3108009
:1065C00072B6D4F8DC1051F8041CB1F1EF3F07D0DB
:1065D00080F310882046FFF7D3FDEFF3108072B6EA
:1065E00080F31088EFF3108772B6A6420AD12046D6
:1065F00050F84C1F0131022901D300F011FC714900
:10660000E0690860C44D286801382860A06B012843
:1066100034D10022216AE06AA263A14212D0626AE8
:106620004A621162684A52F82030A34222D142F8ED
:10663000201066490A68EAB1012303FA00F022EA51
:10664000000016E0604941F82020614A01218140A4
:106650001068884310605D4A136813B1C94319403C
:106660001160002800F0908090FAA0F0FB49B0FA89
:1066700080F00860FA480168A1424CD0F84887F3DE
:1066800010880468A64237D0EFF3108072B67CB34E
:106690002168EF4A91422BD1A268D4F8DC109142D4
:1066A00002D91146C4F8DC20E2681368B3F1EF3F69
:1066B00007D12369D3F80130B3F1EF3F01D1914203
:1066C00009D280F310882046FFF798FDEFF3108081
:1066D00072B6D4F8DC1051F8041CB1F1EF3F07D0CA
:1066E00080F310882046FFF74BFDEFF3108072B661
:1066F00080F31088286800B1F8BD38484FF0805109
:106700000160EFF305800028F6D1EFF3108062B648
:1067100080F31088F8BDD14ACF4B116853F821108F
:1067200001602A490C68E4B12C6801342C6087F3BD
:106730001088EFF3108772B62C68013C2C600C684F
:1067400094FAA4F4B4FA84F453F824301268DE6B9B
:10675000B24206D3036001200A68A04022EA00008A
:10676000086087F3108828680028C5D11B484FF0BF
:1067700080510160EFF305800028BDD1EFF3108058
:1067800062B680F31088F8BDB54800210160B348B7
:106790002021016087F3108828680028ACD10F48B9
:1067A0004FF080510160EFF305800028A4D1EFF392
:1067B000108062B680F31088F8BD00BF9C010024F1
:1067C00044524854CC010024B0660024A80100249F
:1067D000A4010024AC010024A001002404ED00E089
:1067E000F8B50446EFF3108772B64C3000F03CFB6E
:1067F000206B012804D0022805D187F3108886E099
:1068000087F3108883E00121CB4DA163022121632E
:10681000296801312960D4F8E060F8B1A26ED4F89B
:10682000F81087F310880AB120469047EFF31080E4
:1068300072B60021A16380F3108838480068EFF336
:106840000581084322D190480068A0421ED1EFF391
:10685000148020F0040080F3148827E00020E06416
:106860002868013028602D4887F310880068EFF30E
:106870000581084322D184480068A0421ED1EFF36D
:10688000148020F0040080F3148827E02548007865
:10689000C0070BD0EFF31480B0EE400A400705D4D8
:1068A000EFF3148020F0040080F3148816B1204622
:1068B0000121B047EFF3108072B619E01948007853
:1068C000C0070BD0EFF31480B0EE400A400705D4A8
:1068D000EFF3148020F0040080F3148816B12046F2
:1068E0000121B0472046FFF743FEEFF3108072B658
:1068F00080F310880C48016809B120468847EFF3FF
:10690000108072B629680139296080F31088FFF77A
:10691000C1FC0020F8BD00BFB80100241400002411
:106920009C01002434EF00E0BC01002470B55648FF
:10693000474E0468EFF3108072B674B32168B14219
:106940002BD1A268D4F8DC10914202D91146C4F8C8
:10695000DC20E2681368B3F1EF3F07D12369D3F875
:106960000130B3F1EF3F01D1914209D280F3108899
:106970002046FFF743FCEFF3108072B6D4F8DC102A
:1069800051F8041CB1F1EF3F07D080F31088204686
:10699000FFF7F6FBEFF3108072B600252D4980F368
:1069A0001088EFF3108072B60D601CB1216B0029C6
:1069B00039D0002580F31088002D33D0EFF31080FC
:1069C00072B62968B1422BD1AA68D5F8DC10914281
:1069D00002D91146C5F8DC20EA681368B3F1EF3F2D
:1069E00007D12B69D3F80130B3F1EF3F01D19142C8
:1069F00009D280F310882846FFF700FCEFF31080DF
:106A000072B6D5F8DC1051F8041CB1F1EF3F07D095
:106A100080F310882846FFF7B3FBEFF3108072B6BF
:106A200080F3108870BDD4E90721184BA261A14200
:106A30001A60BED0E26AE36B9A42BAD1064B43F8C1
:106A400022100649096853F8215005490D60B1E745
:106A500044524854D0010024B0660024AC01002404
:106A6000A001002410B5EFF3108372B6C46914605E
:106A7000054AC0E906111268824201D1034801604B
:106A800083F31088002010BD9C010024CC01002459
:106A9000EFF3108272B6016B042907D193490B689A
:106AA00001330B6082F31088FFF74CBC836ED0F883
:106AB000F81082F3108803B11847704710B50446E8
:106AC000EFF3108072B6216B032902D880F310888F
:106AD00030E00322226304290BD10021A1661A2190
:106AE000C4F8841081490A6801320A6080F3108872
:106AF0000EE01A21C4F884107C490A6801320A6049
:106B0000A26ED4F8F81080F310880AB1204690479E
:106B1000D4F884001A2804D12046FFF713FC002083
:106B200010BD7249EFF3108072B60A68013A0A602C
:106B300080F310881B2010BDB80100240748EFF334
:106B4000108172B6006881F310887047034AEFF332
:106B5000108172B6106081F310887047C80100245C
:106B600010B5EFF3108472B6016A09B1172006E080
:106B7000083001680029F9D000F052F9002084F3B0
:106B8000108810BD10B5EFF3108372B6046A0CB90B
:106B9000C0E9021283F31088002010BDF8B50F463B
:106BA00034211D4616460446F9F7AEFE0798E0600C
:106BB0000699C4E904656760DDF820C0444A2046B0
:106BC00040F8081F9349EFF3108572B621603F49E2
:106BD0000B682BB11668B76AB46207F1240201E0B2
:106BE0002646274614605A1CC4E909670A60BCF1AE
:106BF000010F01D100F014F985F310880020F8BDD1
:106C000070B5EFF3108172B6026ADAB3E44C00F1AA
:106C10000803246894420ED8E04D2D6895420AD9A5
:106C2000DD4E3668B24210D2141BAD1BA41004EB2B
:106C3000A50401340DE0DC4C24689C4202D01C68A1
:106C4000212C0AD2C468846009E0941B012505EB5D
:106C5000A4041D68212D01D32C44203C1C608469B0
:106C6000A34208D0C56965612C6115689D4207D1B2
:106C7000A261146004E014689C4201D100231360F7
:106C80000022026281F31088002070BDB0B5EFF3DE
:106C9000108572B60446006A18B104F1080000F0CD
:106CA000E3F80A49002020600A68013A0A6007D028
:106CB000D4E909018162486205490968A14201D10C
:106CC0000349086085F310880020B0BDF801002456
:106CD000F4010024B549EFF3108072B60A6801325E
:106CE0000A6080F31088CF48FFF72CBBB80100245E
:106CF000F0B5EFF3108C72B609B144680C6006462B
:106D000056F8085FB16991B1A54C2768B94211D313
:106D1000A24C2468A1420DD29F4E3668B14213D2D4
:106D2000C91BA41B891001EBA401013110E000264E
:106D3000294612E09C490968891B18BFA5F120016A
:106D4000202D98BF002107E0891B012404EBA1013D
:106D5000212D01D329442039012602B11660059A5C
:106D600003B1196006990AB1C368136009B1406A9A
:106D700008608CF310880020F0BD00BF2DE9F043BF
:106D800087B01B4E194C802100253046C4E90155BF
:106D9000C4E903552560F9F7B7FD06F180024FF409
:106DA00080601449C4E90566C4E90721DFF848801A
:106DB0000FF24809164E774FC4E909050022CDE9C4
:106DC0000010CDE902224046494632463B46CDE915
:106DD0000455FEF7D3FE18B1D4E90810A26AEEE715
:106DE0000020C4E90B0007B0BDE8F083C80100240F
:106DF00034670024B8680024B8670024537973749A
:106E0000656D2054696D6572205468726561640017
:106E1000956E00084D495441FF207047FF20704790
:106E200001684A1C022A01D3826902B170474A1ED6
:106E30005B4B2029584988BF1F221B68096801EB5A
:106E40008201564A12688A1A28BF99180A682AB11C
:106E5000536950611861C0E9042302E0C0E90400ED
:106E600008608161704700BF816989B1026982420F
:106E700007D0436953611A610B68834206D191615F
:106E800003E00A68824201D100220A600021816188
:106E9000704700002DE9FE4F3E49884218BFBDE80B
:106EA000FE8F00273C4B3F4E0DF1040ADFF8F890AF
:106EB0000DF108080025EFF3108072B619680A6812
:106EC00002920AB1C2F818800F60344A196804317E
:106ED00012681960914202D131490968196037601E
:106EE000344680F31088EFF3108372B6029E002EB2
:106EF0003AD0002132690191964205D07169516101
:106F0000C2F818800A61114602913168212907D31D
:106F100020393160C6F818A03661019600210AE0D8
:106F2000D6E90121F568326022B1C6F818A03661B1
:106F3000019600E0B761C9F8006083F3108809B1D9
:106F400028468847EFF3108B72B6C9F80070019895
:106F5000B04203D13046B761FFF762FF8BF3108870
:106F6000EFF3108372B6C1E72168264619B183F3A7
:106F70001088094B9FE7DA480121CB4A816303213E
:106F8000016311680131116083F31088FFF7F0FA93
:106F9000014B90E74D495441E0010024E4010024F5
:106FA000DC010024D4010024D8010024B80100240D
:106FB000FF207047FF207047FF207047FF20704779
:106FC000FF207047F9F7E4B920B1EFF3108072B6F3
:106FD00080F31088704720B1EFF3108072B680F311
:106FE00010887047FF20704710B5A0B10368624C4D
:106FF000A34210D189B152B1DC4B1B68EFF3058479
:1070000023430CD1D84BDA4C1B68A34207D0BDE810
:107010001040FCF7A1BD022010BD032010BD0420CC
:1070200010BD00BFB86700242DE9F84307460220D1
:10703000002F62D08846099930295ED19A48DDF840
:107040002090EFF3108172B615461C462D4B026856
:107050000132026081F310882949002209681E6804
:107060008A4205D2BE4203D0013206F12803F6E778
:10707000EFF3108172B60268013A026081F3108862
:10708000FFF708F9BE420AD064B1291D29F00300B8
:1070900021F00301814208D90520BDE8F8830220D0
:1070A000BDE8F8830320BDE8F883DE48DE4A0168C6
:1070B0001068EFF30583184312D0DC4B002099428F
:1070C00008BF13201268EFF305863243B2F1F03F98
:1070D00038BF1320994210D0B2F1F03F03D20CE038
:1070E000DE48814208D0384641462A46234601B050
:1070F000BDE8F043FCF7B4BD1320BDE8F88300BF42
:10710000880100248401002458B101681A4A914280
:1071100007D1E9490968EFF30582114303D0132031
:10712000704702207047E549E54A09689142F6D068
:10713000FCF7E0BD40B1B0B504680F4DAC42BDE80E
:10714000B04001D1FCF71EBE0220704728B1016893
:10715000094A914201D1FCF737BE0220704700BFB7
:1071600040B150F8041C29B10968034A914201D189
:10717000FCF77CBE03207047434F4C4270B550B1C2
:107180000468634DAC4206D139B112B1C46994426E
:1071900005D2052070BD022070BD032070BD3BB13B
:1071A000C54C2468EFF305852C431CBF042070BD3B
:1071B000C24CC34D2468AC420CD0BF4C2568EFF3E1
:1071C0000586354308D02468EFF305852C43B4F1D8
:1071D000F03F01D2132070BDBDE87040FCF778BECF
:1071E0002DE9F04107460220002F5AD08846069923
:1071F000342956D18848EFF3108172B615461C46E3
:107200002B4B02680132026081F31088274900226B
:1072100009681E688A4205D2BE4203D0013206F1D7
:107220002C03F6E7EFF3108172B60268013A0260B0
:1072300081F31088FFF72EF8BE4205D03DB1642CD3
:1072400008D20520BDE8F0810220BDE8F0810320CE
:10725000BDE8F081EB48EA4A01681068EFF3058366
:10726000184312D0E84B0020994208BF132012683F
:10727000EFF305863243B2F1F03F38BF1320994255
:107280000FD0B2F1F03F03D20BE0DF48814207D0CC
:10729000384641462A462346BDE8F041FCF7B2BED7
:1072A0001320BDE8F08100BFB80100249001002444
:1072B0008C01002458B10168154A914207D1E84970
:1072C0000968EFF30582114303D0132070470220B1
:1072D0007047E449E44A09689142F6D0FCF7CCBE15
:1072E000B867002440B1B0B50468094DAC42BDE8B0
:1072F000B04001D1FCF708BF0220704728B10168F7
:10730000034A914201D1FCF721BF0220704700BF20
:1073100045545942B0B5D0B1D249EC4B0A6819680E
:10732000EFF30584214314D0CF4C0021A24208BFC3
:1073300013211B68EFF305852B43B3F1F03F38BFF2
:107340001321A2420DD0B3F1F03F05D209E0032191
:1073500007E0C5498A4203D0BDE8B040FCF7BCBF96
:1073600013210846B0BD00BF9C0100241400002476
:10737000B867002470B505460620002D40D0302A9D
:107380003ED191480C46EFF3108172B6244B02684F
:107390000132026081F310882049002209681E68CA
:1073A0008A4205D2AE4203D0013206F11803F6E755
:1073B000EFF3108172B60268013A026081F310881F
:1073C000FEF768FFAE4204BF062070BDA548BF4A65
:1073D00001681068EFF30583184312D0A24B002018
:1073E000994208BF13201268EFF305863243B2F1C9
:1073F000F03F38BF1320994202D0B2F1F03F03D2E0
:1074000070BDEB48814205D028462146BDE870405A
:10741000FDF726B8132070BDB801002480010024B8
:107420007C0100249C01002414000024B86700247F
:1074300058B10168374A914207D1E9490968EFF329
:107440000582114303D01320704706207047E54999
:10745000E54A09689142F6D0FDF726B8B8670024DE
:10746000B0B5A0B104682B4DAC4210D1FBB1049C67
:1074700054B1DB4C2468EFF305852C4319D1EF4C54
:10748000D94D2468AC4214D00025012401E0062522
:107490000024002C2C4618BF0824032A98BF2C4631
:1074A0000CB12046B0BDBDE8B040FDF745B803259E
:1074B000EEE70425ECE700BF140000249C01002443
:1074C000B867002440B1B0B50468124DAC42BDE8C5
:1074D000B04001D1FDF790B80620704770B110B5EB
:1074E0000C4C0368A342BDE8104007D16FF00203C3
:1074F0001A421CBF08207047FDF79EB8062070474F
:1075000028B10268034B9A4201D1FDF78BB90620DE
:10751000704700BF4E445644F8B506461C20002E66
:1075200045D0342B43D19F480D46EFF3108172B6FE
:107530001446274B02680132026081F31088234908
:10754000002209681F688A4205D2B74203D001327F
:1075500007F12003F6E7EFF3108172B60268013AF3
:10756000026081F31088FEF795FEB74204BF1C202D
:10757000F8BD012C84BF1F20F8BDDB48D94A016843
:107580001068EFF30583184312D0D84B00209942BE
:1075900008BF13201268EFF305873A43B2F1F03FBA
:1075A00038BF1320994202D0B2F1F03F03D2F8BDA8
:1075B000CE48814206D0304629462246BDE8F840F2
:1075C000FDF796BA1320F8BDB801002498010024F5
:1075D0009401002458B101683B4A914207D1C14946
:1075E0000968EFF30582114303D0132070471C2074
:1075F0007047BD49BD4A09689142F6D0FDF7A6BA69
:10760000140000249C010024B867002410B510B3B6
:1076100002682D4B9A421ED151B1EA4A1268EFF32B
:1076200005831A4319D1E54AE54B12689A4214D0F2
:10763000E44A1368EFF30584234308D01268EFF39C
:1076400005831A43B2F1F03F3CBF132010BDBDE8E3
:107650001040FDF7CFBA1C2010BD042010BD00BFA4
:10766000140000249C010024B867002440B1B0B588
:107670000468154DAC42BDE8B04001D1FDF73EBBFA
:107680001C20704728B101680F4A914201D1FDF7D3
:1076900057BB1C20704700BF90B101680A4A914255
:1076A0000ED1E0490A68EFF305831A430AD009684E
:1076B000EFF305821143B1F1F03F03D2132070477D
:1076C0001C207047FDF7F4BB4554554D14000024B1
:1076D0002DE9F84307460920002F61D08946099912
:1076E00044295DD1B248DDF82080EFF3108172B6F5
:1076F00015461C462D4B02680132026081F310884A
:107700002949002209681E688A4205D2BE4203D078
:10771000013206F13003F6E7EFF3108172B602682A
:10772000013A026081F31088FEF7B4FDBE4209D031
:107730005CB125B1102D02D8B5EB980F08D9052002
:10774000BDE8F8830920BDE8F8830320BDE8F8838D
:10775000B548B44A01681068EFF30583184312D0A6
:10776000B24B0020994208BF13201268EFF3058640
:107770003243B2F1F03F38BF1320994210D0B2F13A
:10778000F03F03D20CE0A948814208D03846494670
:107790002A46234601B0BDE8F043FDF7D1BC1320D3
:1077A000BDE8F883B80100247801002474010024A6
:1077B000B867002458B10168524A914207D19949EB
:1077C0000968EFF30582114303D0132070470920A5
:1077D00070479549954A09689142F6D0FDF7E4BC97
:1077E000140000249C010024B867002428B101681B
:1077F000444A914201D1FDF721BD0920704700BFE5
:1078000010B5A0B103683F4CA34210D189B152B169
:10781000844B1B68EFF3058423430CD1824B834CCC
:107820001B68A34207D0BDE81040FDF747BD092003
:1078300010BD032010BD042010BD00BF9C0100241A
:1078400040B1B0B504682F4DAC42BDE8B04001D1A5
:10785000FDF7D4BD0920704728B10168294A91423B
:1078600001D1FDF7EDBD0920704700BF10B5A0B1F3
:107870000368244CA34210D189B152B1E24B1B687A
:10788000EFF3058423430CD1D44BD54C1B68A342A2
:1078900007D0BDE81040FDF727BE092010BD03202A
:1078A00010BD042010BD00BF10B5A0B10368154C79
:1078B000A34210D189B152B1EE4B1B68EFF305849E
:1078C00023430CD1C54BC64C1B68A34207D0BDE86F
:1078D0001040FDF7DFBE092010BD032010BD0420BD
:1078E00010BD00BF140000249C010024B8670024D0
:1078F00028B10268034B9A4201D1FDF765BF092008
:10790000704700BF5545555130B102685D4B9A42F2
:1079100002D119B1FDF760BF0C20704722207047DB
:10792000F8B506460C20002E3AD0282B38D1A848AE
:107930000D46EFF3108172B614461F4B02680132F8
:10794000026081F310881B49002209681F688A427F
:1079500005D2B74203D0013207F11403F6E7EFF383
:10796000108172B60268013A026081F31088FEF756
:1079700091FCB74213D0D4489949006888420CD092
:10798000E5480168EFF3058211430AD00068EFF380
:1079900005810843B0F1F03F03D21320F8BD0C205D
:1079A000F8BD304629462246BDE8F840FDF782BFC3
:1079B000B8010024700100246C0100249C01002403
:1079C000B86700241400002458B101682D4A914280
:1079D00007D1DE490968EFF30582114303D0132074
:1079E00070470C207047B8497D4A09689142F6D02B
:1079F000FDF786BF88B10268224B9A420DD151B182
:107A0000EB4A1268EFF305831A4308D1AE4A744B70
:107A100012689A4203D0FDF7BDBF0C2070470420C6
:107A2000704700BF140000249C010024B8670024A4
:107A300040B1B0B50468134DAC42BDE8B04001D1CF
:107A4000FDF7F0BF0C20704728B101680D4A914244
:107A500001D1FEF705B80C20704700BF28B10168BE
:107A6000084A914201D1FEF74FB80C20704700BF81
:107A700028B10268034B9A4201D1FEF777B80C2077
:107A8000704700BF414D45532DE9F04F87B0074681
:107A90000E20002F00F098800E461699B1F5807FD9
:107AA00040F092804A48EFF3108172B615469B462B
:107AB000DDE91083DDF854C0DDF84C90464C0268D7
:107AC00001320260434A81F3108803EB080100236E
:107AD0000139126818E0DAF80C40A04507D3DAF84B
:107AE0001030984503D24FF00008012300E0002336
:107AF000A14206D3DAF81040A1423CBF4FF0000883
:107B00000123013A0AF18804D4F800A01AB1012B2C
:107B100018BFBA45DFD1EFF3108172B66446026830
:107B2000013A026081F31088FEF7B4FBBA4506D033
:107B3000B8F1000F18BF002D03D1032044E00E2040
:107B400042E0119AC82A01D205203DE012991F296E
:107B500001D90F2038E0894501D9182034E0012CE3
:107B600001D9102030E0A446D948D84CCA46D0F8F4
:107B700000902068EFF30583184313D0DFF854E337
:107B80000020F14508BF13202368EFF305841C4350
:107B9000B4F1F03F38BF1320F14515D0B4F1F03FF8
:107BA00003D211E0CB4881450DD01498CDE9008275
:107BB000CDE9021ACDE9040C31462A465B46384627
:107BC000FDF7DCFF00E0132007B0BDE8F08F00BF39
:107BD000B8010024B4010024B00100249C01002459
:107BE000B8670024B9490968EFF3058211431CBF47
:107BF0001320704728B101685A4A914201D1FEF71B
:107C00004DB80E20704700BF1400002428B1026850
:107C1000544B9A4201D1FEF769B80E20704700BF5D
:107C200040B1B0B504684F4DAC42BDE8B04001D1A1
:107C3000FEF770B80E20704710B5B0B10368494C1C
:107C4000A34212D19AB1A14B1B68EFF305842343E1
:107C50001CBF132010BDD0F8C8308B423CBF182089
:107C600010BDBDE81040FEF79DB80E2010BD0320EA
:107C700010BD00BF1400002410B5A0B10368394C3A
:107C8000A34210D18AB11F2984BF0F2010BD8F4B92
:107C90001B68EFF3058423431CBF132010BDBDE810
:107CA0001040FEF7C9B80E2010BD032010BD00BF64
:107CB0008748006828B185480068EFF305810843CC
:107CC00000D07047FEF714B99C01002428B1016868
:107CD000244A914201D1FEF7AFB90E20704700BF90
:107CE00028B101681F4A914201D1FEF79FBA0E20C8
:107CF000704700BF68B101681A4A914209D17349BF
:107D00000968EFF3058211431CBF13207047FEF78B
:107D100067BD0E20704700BF1400002410B580B16D
:107D20000368104CA3420CD16AB1684B1B68EFF397
:107D3000058423431CBF132010BDBDE81040FEF78F
:107D400091BE0E2010BD032010BD00BF1400002402
:107D500028B10168034A914201D1FEF7AFBE0E205F
:107D6000704700BF4452485428B10168604A9142AC
:107D700001D1FEF7F5BE1520704700BF10B598B1D0
:107D800003685B4CA3420FD181B1504B1B68EFF3EA
:107D9000058423431B09B3F10F3F24BF132010BDFB
:107DA000BDE81040FEF7EEBE152010BD162010BD38
:107DB000140000242DE9F04707461520002F5CD061
:107DC0008A460B99342958D12D480A9C089DEFF317
:107DD000108172B6914698462B4B026801320260C0
:107DE00081F310882749002209681E688A4205D25B
:107DF000BE4203D0013206F12403F6E7EFF310810F
:107E000072B60268013A026081F31088FEF742FA06
:107E1000BE421DD0FDB1012C20D82D482B4A01684F
:107E20001068EFF3058318431BD02A4B00209942BA
:107E300008BF13201268EFF305842243B2F1F03F2C
:107E400038BF1320994218D0B2F1F03F0CD214E0A1
:107E50001520BDE8F0871620BDE8F0871720BDE8A3
:107E6000F0871C48814207D0384651464A4643466F
:107E7000BDE8F047FEF792BE1320BDE8F08700BFD3
:107E8000B8010024F8010024F401002428B101689D
:107E9000174A914201D1FEF7B3BE1520704700BFCB
:107EA00058B10168124A914207D108490968EFF3B5
:107EB0000582114303D013207047152070470449F1
:107EC000044A09689142F6D0FEF7E0BE140000248F
:107ED0009C010024B867002440B1B0B50468044D8B
:107EE000AC42BDE8B04001D1FEF702BF152070479B
:107EF0004D4954411D20704770B5EFF3108272B6A2
:107F0000C8B303682A4CA34235D10469036ACCB3D1
:107F10008D689E68AE4227D1CD68DE68AE4223D11F
:107F20000D691E69AE421FD14D695E69AE421BD11B
:107F30008D699E69AE4217D1CD69DE69AE4213D11B
:107F40000D6A1E6AAE420FD14D6A5E6AAE420BD117
:107F50008D6A9E6AAE4207D1CD6ADE6AAE4203D117
:107F60000D6B1E6BAE421CD03433013CC569AB4275
:107F7000CDD38369CBE7264801680131016082F3E4
:107F8000108870BD82F310880022FDF783FB18B1C2
:107F90001F48016801310160064801680131016034
:107FA00070BD58680130586082F31088F4E700BF54
:107FB00055455551BC6C002470B58EB0EFF310855B
:107FC00072B6866AD6B13168104A914216D1B1684C
:107FD000022913D10121CDE901110490C06A039057
:107FE00001AC04F110002421F8F78EFC85F3108811
:107FF00006F52C702146FFF77FFF05E00448016875
:108000000131016085F310880EB070BD55444F4DAD
:10801000B86C00242DE9F04F8DB00C46DFF8741CCD
:108020000968D1F89060002E01F006829346421E46
:108030001F465F2A01F230800FF20400DFE812F0E1
:1080400060009902AA02CA02D602E402F1021203F7
:1080500032033D034B036B0377038A039603B70395
:10806000D803E303020410041C042A04370459044F
:108070008A0494049F046B00BE04CA04D604E2047C
:10808000030524058D00AD00CE00D90030053C0568
:10809000480569057405E5007F05A105AC051601D5
:1080A000CB05D7053801E505060645012C0648062F
:1080B000760167066C0681069306A506C006CB0608
:1080C000CE06EF068A011007D7079001B101BC0167
:1080D0001A071F072307DD014407FF01630720027A
:1080E0002C028B07990738023E02A307AB07B4079F
:1080F0004402F807FE074D02C0078C02CB070C08AC
:10810000307B800700F1D687FAF7B7FD0DB0BDE8E8
:10811000F04FFEF769BF14F1350F17D8FAF7B8FE24
:1081200014D0FAF7A6FE02D8FAF795FD0BD9FAF7A4
:1081300037FE02D8FAF79AFC05D9B169A14205D8F1
:10814000FAF7EAFD02D8002C43F0F18520465946A3
:108150000DB0BDE8F04FFFF759BA14F1450F17D82D
:10816000FAF796FE14D0FAF71EFD02D8FAF773FD5F
:108170000BD9FAF715FE02D8FAF778FC05D9B169E0
:10818000A14205D8FAF7C8FD02D8002C43F0CF85EC
:108190002046FFF70FFB00F0D4BE14F1450F17D8AF
:1081A000FAF776FE14D0FAF7FEFC02D8FAF753FD80
:1081B0000BD9FAF7F5FD02D8FAF758FC05D9B169E1
:1081C000A14205D8FAF7A8FD02D8002C43F0AF85EC
:1081D00020460DB0BDE8F04FFFF708BB307B8007AD
:1081E00000F19A87FAF749FD0DB0BDE8F04FFFF7AF
:1081F00007BB307B800700F1C687FAF734FDFAF73A
:10820000BCFCFFF71DFB03F094BD307B80071FD53E
:1082100014F1450F17D8FAF7C6FC03D8FAF71BFD7F
:1082200043F27585FAF7BCFD03D8FAF71FFC43F259
:108230006E85B169A14203D8FAF76EFD43F26785F6
:10824000002C03F065852068D049884243F06085A2
:10825000BBF1000F1ABFC4E90F6BDFF8441B00210C
:1082600020460DB0BDE8F04FFFF742BB14F1290FD7
:1082700017D8FAF70DFE14D0FAF7AFFC02D8FAF7C8
:10828000EAFC0BD9FAF78CFD02D8FAF7EFFB05D917
:10829000B169A14205D8FAF73FFD02D8002C43F09E
:1082A0004685204659460DB0BDE8F04FFFF7A2BB0A
:1082B000307B800701F13180D7E900232046594601
:1082C0000DB0BDE8F04FFDF7C8BB307B80071FD570
:1082D00014F1290F17D8FAF780FC03D8FAF7BBFC82
:1082E00043F21885FAF75CFD03D8FAF7BFFB43F2B7
:1082F0001185B169A14203D8FAF70EFD43F20A8550
:10830000002C03F008852068A149884243F00385CA
:10831000BBF1000F1ABFC4E9086BDFF8881A00210F
:1083200020460DB0BDE8F04FFFF7A2BB307B8007C1
:1083300001F15D80BBF1000F0FBF0021D4F8940064
:10834000C0F818B0DFF8601A20460DB0BDE8F04F55
:10835000FFF75CBC20460DB0BDE8F04FFDF7D4BE82
:1083600014F5807F17D2FAF793FD14D0FAF799FD30
:1083700002D8FAF770FC0BD9FAF712FD02D8FAF717
:1083800075FB05D9B169A14205D8FAF7C5FC02D839
:10839000002C43F0CC8420460DB0BDE8F04FFFF731
:1083A000A9BC307B800701F14A80FAF766FC0DB06A
:1083B000BDE8F04FFFF7B2BC14F5807F17D2FAF793
:1083C00067FD14D0FAF76DFD02D8FAF744FC0BD91B
:1083D000FAF7E6FC02D8FAF749FB05D9B169A142E0
:1083E00005D8FAF799FC02D8002C43F0A084204667
:1083F0000DB0BDE8F04FFFF7ABBC14F1350F17D847
:10840000FAF746FD14D0FAF734FD02D8FAF723FC48
:108410000BD9FAF7C5FC02D8FAF728FB05D9B169E0
:10842000A14205D8FAF778FC02D8002C43F07F84EB
:10843000FAF723FC0DB0BDE8F04FFFF79FBC14F135
:10844000350F17D8FAF724FD14D0FAF712FD02D829
:10845000FAF701FC0BD9FAF7A3FC02D8FAF706FBEE
:1084600005D9B169A14205D8FAF756FC02D8002C0B
:1084700043F05D8420460DB0BDE8F04FFFF706BD28
:10848000307B800701F10B80FAF700FCFAF7F9FB6B
:10849000FFF722FD03F04DBC307B800701F19F8088
:1084A000FAF7F4FBFAF7EDFBFEF7B6FC03F041BC7C
:1084B00020460DB0BDE8F04FFEF780BD20460DB060
:1084C000BDE8F04FFEF77CBD307BC00740F07585FE
:1084D0002046FEF780FD00F06DBD307B800721D582
:1084E000A14243F0248414F5807F1AD2F26A04F585
:1084F0008070A24204D8326B0132904243F213845E
:10850000FAF71DFC05D8D6F8A8301A44904243F279
:108510000A84B269A24204D8F2690132904243F25D
:1085200002840C460121EFF3108072B6A16321632F
:108530000025E564DFF874180A6801320A6080F3E8
:108540001088EFF3148020F0040080F31488204694
:10855000FEF70EF803F0ECBB307B800701F1E680FC
:108560007B683A68204659460DB0BDE8F04F03F0ED
:108570008DBC307B800701F11D81D7E90131FAF70D
:108580001FFCFEF751FD03F0D4BB00BF554555510C
:10859000414D455314F1310F17D8FAF779FC14D037
:1085A000FAF7D7FA02D8FAF756FB0BD9FAF7F8FB25
:1085B00002D8FAF75BFA05D9B169A14205D8FAF7F2
:1085C000ABFB02D8002C43F0B2832046FEF79CFDA3
:1085D00000F0B7BC307B800701F14E81FAF743FB16
:1085E000FAF7CBFAFEF7A6FD03F0A3BB307B8007BA
:1085F00001F10C82D7E90023B96800912046594661
:10860000FBF7DDFB03F095BB307B800701F1848233
:10861000D7E90023204659460DB0BDE8F04FFBF7DF
:10862000D0BB14F1310F17D8FAF732FC14D0FAF797
:1086300090FA02D8FAF70FFB0BD9FAF7B1FB02D880
:10864000FAF714FA05D9B169A14205D8FAF764FB23
:1086500002D8002C43F06B8320460DB0BDE8F04FEC
:10866000FEF774BD307B800716D5ACB1042CC3F087
:108670005E83201FF16A884203D3316B0131A1422E
:108680000AD2D6F8A4108842C3F05183D6F8A800C5
:108690000844A042C3F04B8320460DB0BDE8F04F24
:1086A000FEF75EBD307B800701F1A082FAF794FBF4
:1086B0000DB0BDE8F04FFEF761BD307B800701F1E2
:1086C000D682D7E90023B868009059462046FEF7C5
:1086D00087FD03F02EBB14F1350F17D8FAF7D8FB3E
:1086E00014D0FAF7C6FB02D8FAF7B5FA0BD9FAF7A5
:1086F00057FB02D8FAF7BAF905D9B169A14205D8F2
:10870000FAF70AFB02D8002C43F011832046FEF74B
:10871000D1FD00F016BC307B800701F10383FAF72E
:10872000A2FAFAF72AFAFEF7DDFD03F002BB307B6E
:10873000800701F1C18397E80C40D7E903A17F6965
:10874000CDE9021720465946CDE900EAFBF7F9FCCE
:1087500003F0EFBA307B800701F19384FAF783FAD4
:10876000FAF70BFAFBF7EFFC03F0E3BA14F1350F5D
:1087700017D8FAF78DFB14D0FAF77BFB02D8FAF77B
:108780006AFA0BD9FAF70CFB02D8FAF76FF905D998
:10879000B169A14205D8FAF7BFFA02D8002C43F01C
:1087A000C68220460DB0BDE8F04FFEF7A7BD307B76
:1087B000800717D5B4B1082CC3F0B982A4F1080022
:1087C000F16A884203D3316B0131A1420AD2D6F853
:1087D000A4108842C3F0AB82D6F8A8000844A04297
:1087E000C3F0A58220460DB0BDE8F04FFEF792BD64
:1087F000307B800701F11185FAF73FFA0DB0BDE833
:10880000F04FFEF7B7BD14F1310F17D8FAF740FB60
:1088100014D0FAF79EF902D8FAF71DFA0BD9FAF735
:10882000BFFA02D8FAF722F905D9B169A14205D8F1
:10883000FAF772FA02D8002C43F079822046FEF74C
:10884000F7FD7EE3307B800701F121857B68B86806
:108850003A68009059462046FEF702FE03F069BAD6
:10886000307B800701F15885FAF710FAFAF709FA18
:10887000FEF728FE03F05DBA307B800701F1F38537
:10888000D7E90023B968009120465946FBF7CFFE8F
:1088900003F04FBA307B800701F16B86D7E90023E4
:1088A000204659460DB0BDE8F04FFBF7C2BE14F1AB
:1088B000310F17D8FAF7ECFA14D0FAF74AF902D8C0
:1088C000FAF7C9F90BD9FAF76BFA02D8FAF7CEF82A
:1088D00005D9B169A14205D8FAF71EFA02D8002CD1
:1088E00043F02582FAF7C9F90DB0BDE8F04FFEF765
:1088F000F5BD307B80071FD514F1310F17D8FAF77B
:1089000028F903D8FAF7A7F943F20782FAF748FAE9
:1089100003D8FAF7ABF843F20082B169A14203D859
:10892000FAF7FAF943F2F981002C03F0F781206895
:10893000D749884243F0F281BBF1000F1ABFC4E966
:108940000A6BDFF86C14002120460DB0BDE8F04F33
:10895000FEF7D6BD307BC00740F02F8320460DB018
:10896000BDE8F04FF7F714BD307B800701F16B864F
:10897000FAF732FA0DB0BDE8F04FFEF7CDBD14F1B5
:10898000350F17D8FAF784FA14D0FAF772FA02D82A
:10899000FAF761F90BD9FAF703FA02D8FAF766F891
:1089A00005D9B169A14205D8FAF7B6F902D8002C69
:1089B00043F0BD812046FEF70DFEC2E2307B80070A
:1089C00001F18686FAF74FF9FAF7D7F8FEF74EFE6F
:1089D00003F0AFB9307B800701F14487FAF743F920
:1089E000FAF7CBF8FCF7A7F903F0A3B9307B8007BF
:1089F00002F10280FAF74AF9FAF743F9FCF79DF918
:108A000003F097B914F1350F17D8FAF741FA14D0DB
:108A1000FAF72FFA02D8FAF71EF90BD9FAF7C0F9CC
:108A200002D8FAF723F805D9B169A14205D8FAF7B7
:108A300073F902D8002C43F07A8120460DB0BDE8CE
:108A4000F04FFEF71FBE14F1350F17D8FAF720FAD2
:108A500014D0FAF70EFA02D8FAF7FDF80BD9FAF7A4
:108A60009FF902D8FAF702F805D9B169A14205D8F1
:108A7000FAF752F902D8002C43F0598120460DB084
:108A8000BDE8F04FFEF708BE307B800702F156804C
:108A9000D7E90131FAF794F9FEF71AFE03F049B964
:108AA000307B800702F1AD80FAF7DDF8FAF765F860
:108AB000FCF7C1FC03F03DB9307B800702F16B810C
:108AC000FAF7E4F8FAF7DDF8FCF7B7FC03F031B990
:108AD00014F1450F17D8FAF7DBF914D0FAF763F859
:108AE00002D8FAF7B8F80BD9FAF75AF902D8F9F719
:108AF000BDFF05D9B169A14205D8FAF70DF902D831
:108B0000002C43F0148120460DB0BDE8F04FFEF775
:108B1000A3BE307B800702F1E081FAF7AEF80DB01A
:108B2000BDE8F04FFEF7A2BE307B800702F106825F
:108B3000FAF7A3F80DB0BDE8F04FFEF7B5BE14F19B
:108B4000290F17D8FAF7A4F914D0FAF746F802D883
:108B5000FAF781F80BD9FAF723F902D8F9F786FF6B
:108B600005D9B169A14205D8FAF7D6F802D8002C88
:108B700043F0DD80204659460DB0BDE8F04FFEF7CA
:108B8000C3BE307B800702F11182FAF725F90DB0E0
:108B9000BDE8F04FFEF7C4BE14F1290F17D8FAF75D
:108BA00077F914D0FAF719F802D8FAF754F80BD974
:108BB000FAF7F6F802D8F9F759FF05D9B169A142D9
:108BC00005D8FAF7A9F802D8002C43F0B080204667
:108BD000FEF7FAFEB5E1307B800702F13182FAF749
:108BE00055F8FAF74EF8FEF723FF03F0A2B8307BF2
:108BF000800702F1CC82D7E90023B96800912046B2
:108C00005946FCF728FF03F094B814F1290F17D840
:108C1000FAF73EF914D0F9F7E0FF02D8FAF71BF89B
:108C20000BD9FAF7BDF802D8F9F720FF05D9B169D9
:108C3000A14205D8FAF770F802D8002C43F07780EB
:108C400020460DB0BDE8F04FFEF7FEBE14F1290F2F
:108C500017D8FAF71DF914D0F9F7BFFF02D8F9F7C2
:108C6000FAFF0BD9FAF79CF802D8F9F7FFFE05D9FD
:108C7000B169A14205D8FAF74FF802D8002C43F0A9
:108C8000568020460DB0BDE8F04FFEF7E7BE00BFAE
:108C90004E4456449C010024307B800702F1FD8243
:108CA000D7E902ECD7E90489D7E900311837726DAA
:108CB000A1CFCDE9001ECDE9049059460896CDE933
:108CC00002C8CDE90657204603F026FA03F031B872
:108CD00014F5807F17D2FAF7DBF814D0FAF7E1F831
:108CE00002D8F9F7B8FF0BD9FAF75AF802D8F9F712
:108CF000BDFE05D9B169A14205D8FAF70DF802D831
:108D0000002C43F014802046FEF76CFF19E1FCF7BD
:108D1000F7FF054603F00CB8307B800702F12E8385
:108D200097E80C40D7E90381D7E90507CDE90210A0
:108D300020465946CDE900E80497FEF771FF02F09E
:108D4000F8BF307B800702F1168497E82C47D7E9FB
:108D50000701CDE90501204659468DE82047FDF77A
:108D60001DF802F0E6BF307B800702F1318597E8FD
:108D70002C47D7E90701CDE90501204659468DE882
:108D80002047FDF70DF802F0D4BF307B800702F1D9
:108D90004286F9F772FF0DB0BDE8F04FFEF74CBF09
:108DA00065C00008BDC00008F5C30008B801002474
:108DB000B97F0008D9C400083C020024206D0024BB
:108DC000307B800702F15786F9F757FF0DB0BDE8F9
:108DD000F04FFEF751BFFEF76BFFEBE014F5807F1D
:108DE00017D2FAF755F814D0FAF75BF802D8F9F76A
:108DF00032FF0BD9F9F7D4FF02D8F9F737FE05D9BE
:108E0000B169A14205D8F9F787FF02D8002C42F0DA
:108E10008E8720460DB0BDE8F04F03F02DBB14F552
:108E2000807F17D2FAF734F814D0FAF73AF802D85C
:108E3000F9F711FF0BD9F9F7B3FF02D8F9F716FECE
:108E400005D9B169A14205D8F9F766FF02D8002C0F
:108E500042F06D8720460DB0BDE8F04FFEF736BFFB
:108E6000307BC00740F0A98020460DB0BDE8F04F30
:108E7000FDF7D0B90DB0BDE8F04FFDF75FBE20465D
:108E8000FDF764FE96E014F1350F17D8FAF700F8F5
:108E900014D0F9F7EEFF02D8F9F7DDFE0BD9F9F798
:108EA0007FFF02D8F9F7E2FD05D9B169A14205D8E3
:108EB000F9F732FF02D8002C42F0398720460DB076
:108EC000BDE8F04FFEF750BF307B800702F103860C
:108ED00007F1080CD7E9000300289CE826108DE86C
:108EE00026105FF83021594608BF02462046FEF79B
:108EF00061FF0546002842F01B873868002859D0DA
:108F0000C4E90B6056E014F1350F17D8F9F7C0FF2C
:108F100014D0F9F7AEFF02D8F9F79DFE0BD9F9F797
:108F20003FFF02D8F9F7A2FD05D9B169A14205D8E2
:108F3000F9F7F2FE02D8002C42F0F9862046FEF73F
:108F4000AFFF0546002842F0F38620460DB0BDE88D
:108F5000F04F02F04DBF307B800702F10086D7E969
:108F60000023B968009120465946FDF757FF02F0EB
:108F7000E0BE307BC00720D1F9F77FFE0DB0BDE821
:108F8000F04FFEF719B8307BC00716D10DB0BDE821
:108F9000F04FFEF70FB8307BC0070ED120460DB062
:108FA000BDE8F04FFEF70EB8307BC00705D1204674
:108FB000FEF70AF8002502F0BBBEF32502F0B8BEAA
:108FC000307B800702F14C86F9F757FE0DB0BDE803
:108FD000F04F02F055BF307B800702F16D862046CE
:108FE000594632460DB0BDE8F04F02F0C3BE14F54D
:108FF000807F17D2F9F74CFF14D0F9F752FF02D84F
:10900000F9F729FE0BD9F9F7CBFE02D8F9F72EFDB7
:1090100005D9B169A14205D8F9F77EFE02D8002C26
:1090200042F0858620460DB0BDE8F04FFEF758BEF1
:1090300020460DB0BDE8F04FFDF7BABF307B80078A
:1090400002F14F86B868D7E90023009059462046C0
:10905000FDF7C8FF02F06DBE307B80077FF575AF6E
:109060005FF8AC02006801287FF46FAF5FF8B412BC
:10907000A4F11000F4258A699042C2F05986C969AA
:109080001144884282F0548654F8042C1044103065
:10909000884282F04C8658E7B0F5803FC2F03586B2
:1090A000A0F5803021465A463B460DB0BDE8F04F52
:1090B000FEF720BF14F1310F14D8F9F74AFD02D89A
:1090C000F9F7C9FD0BD9F9F76BFE02D8F9F7CEFC19
:1090D00005D9B169A14205D8F9F71EFE02D8002CC6
:1090E00042F025861BF1050F02F22186F16A0BF191
:1090F0000400594503D8F9F7AEFD7FF605A8F9F746
:109100000FFE03D8F9F7B2FC7EF6FEAFBBF1000FFD
:1091100042F00D86FEF7F8BF14F1450F14D8F9F7A9
:1091200042FD02D8F9F797FD0BD9F9F739FE02D8BD
:10913000F9F79CFC05D9B169A14205D8F9F7ECFD16
:1091400002D8002C42F0F385A0685844584514D941
:10915000F16A594503D8F9F77EFD7FF643A8F9F780
:10916000DFFD03D8F9F782FC7FF63CA8B1695945C9
:1091700003D8F9F7D1FD7FF635A8BBF1000F42F017
:10918000D685FFF72FB814F1450F14D8F9F70BFD6A
:1091900002D8F9F760FD0BD9F9F702FE02D8F9F70A
:1091A00065FC05D9B169A14205D8F9F7B5FD02D82A
:1091B000002C42F0BC851BF1050F02F2B885F9F7CF
:1091C000BEFC03D8316B013188420CD9D6F8A4100B
:1091D000594504D8D6F8A8201144884203D9BBF1D8
:1091E000000F42F0A48517F1150F02F2A08507F1D8
:1091F0001400BC4503D8316B013188420AD9D6F836
:10920000A410B94202F29385D6F8A82011448842EE
:1092100002F28D853A6812F1050F02F28885101D61
:10922000624503D3316B013188420BD9D6F8A410C3
:109230008A4204D3D6F8A8301944884202D9002AB9
:1092400042F075857B6813F1050F02F2708503F11A
:10925000040E634503D3316B01318E450BD9D6F82B
:10926000A4108B4204D3D6F8A8000844864502D93E
:10927000002B42F05C85D7F8089019F1050F02F237
:10928000568509F1040EE14503D3306B0130864564
:109290000CD9D6F8A480C14504D3D6F8A800404420
:1092A000864503D9B9F1000F42F04185F86810F105
:1092B000050F02F23C8500F1040E604503D3316BCB
:1092C00001318E450BD9D6F8A480404504D3D6F899
:1092D000A81041448E4502D9002842F028853F69F4
:1092E00017F1050F02F2238507F1040E674504D339
:1092F000316B01318E457EF682AFD6F8A4C067454A
:1093000005D3D6F8A81061448E457EF678AF002FBD
:1093100042F00D850027FEF772BF14F1050F02F22F
:109320000685211DF06AA04202D8F9F786FD08D90A
:10933000F9F705FD02D8F9F7F4FB02D9002C42F049
:10934000F6841BF1050F02F2F2840BF1040158457B
:1093500002D8F9F772FD09D9F9F7C5FD02D8F9F776
:10936000E0FB03D9BBF1000F42F0E18417F1090FD4
:1093700002F2DD84F9F7B4FC02D8F9F75EFD07D9F3
:10938000F9F709FC02F2D384F9F7CBFB02F2CF84A0
:10939000F9F72DFC02F2CB84F9F70AFD03D3336B06
:1093A00001339C450BD9D6F8A4309A4204D3D6F8A1
:1093B000A81019448C4502D9002A42F0B884F9F764
:1093C000FCFB02F2B484191D834203D3F9F768FC55
:1093D0007EF674AFF9F7CCFC03D3F9F7B8FC7EF650
:1093E0006DAF002B42F0A3840023FEF767BF14F596
:1093F000807F17D2F9F755FD03D8F9F72CFC42F21C
:109400008F84F9F7CDFC03D8F9F730FB42F288845A
:10941000B169A14203D8F9F77FFC42F28184002CA4
:1094200002F07F842068BE49884242F07A84D4F8F2
:109430009000B0423EF47EAFF22502F079BC14F504
:10944000807F14D2F9F72DFD02D8F9F704FC0BD96F
:10945000F9F7A6FC02D8F9F709FB05D9B169A142D1
:1094600005D8F9F759FC02D8002C42F0608417F1B6
:10947000050F02F25C84381DF16AB94203D8F9F78E
:10948000EAFB7EF692AFF9F767FC03D8F9F7EEFA3C
:109490007EF68BAF002F42F04A84FEF786BF14F1B0
:1094A000350F14D8F9F7E5FC02D8F9F7D4FB0BD93E
:1094B000F9F776FC02D8F9F7D9FA05D9B169A142D2
:1094C00005D8F9F729FC02D8002C42F030841BF1B2
:1094D000050F02F22C84F9F7ECFB02D8F9F7ADFC8A
:1094E00009D9F9F700FD02D8F9F71BFB03D9BBF145
:1094F000000F42F01C8417F1110F02F2188407F1DB
:109500001001B84202D8F9F798FC07D9F9F743FBE4
:1095100002F20D84F9F705FB02F20984F9F767FB03
:1095200002F20584111D824203D3336B0133994249
:1095300009D9D6F8A4309A4202D3F9F748FC02D9E7
:10954000002A42F0F483F9F738FB02F2F083F9F7CE
:10955000FAFB03D3316B01318C450BD9D6F8A4103B
:109560008B4204D3D6F8A85029448C4502D9002B4D
:1095700042F0DD83F9F7A2FB02F2D98301F1040C7A
:10958000814203D3356B0135AC450BD9D6F8A4E045
:10959000714504D3D6F8A8507544AC4502D90029CA
:1095A00042F0C583F9F7E0FB02F2C18307F1040C36
:1095B000874204D3306B013084457EF667AFD6F81E
:1095C000A400874205D3D6F8A850284484457EF6E7
:1095D0005DAF002F42F0AB830027FEF757BF14F1B9
:1095E000350F14D8F9F745FC02D8F9F734FB0BD93D
:1095F000F9F7D6FB02D8F9F739FA05D9B169A142D2
:1096000005D8F9F789FB02D8002C42F090831BF1B2
:10961000050F02F28C83F9F74CFB02D8F9F70DFC29
:1096200009D9F9F760FC02D8F9F77BFA03D9BBF145
:10963000000F42F07C8317F1110F02F2788307F1DB
:109640001001B84202D8F9F7F8FB07D9F9F7A3FAE5
:1096500002F26D83F9F765FA02F26983F9F7C7FA46
:1096600002F26583111D824203D3336B01339942A9
:1096700009D9D6F8A4309A4202D3F9F7A8FB02D947
:10968000002A42F05483F9F798FA02F25083F9F76E
:109690005AFB03D3316B01318C450BD9D6F8A4109A
:1096A0008B4204D3D6F8A85029448C4502D9002B0C
:1096B00042F03D83F9F702FB02F2398301F1040C19
:1096C000814203D3356B0135AC450BD9D6F8A4E004
:1096D000714504D3D6F8A8507544AC4502D9002989
:1096E00042F02583F9F740FB02F2218307F1040CD5
:1096F000874204D3306B013084457EF6D3AED6F872
:10970000A400874205D3D6F8A850284484457EF6A5
:10971000C9AE002F42F00B830027FEF7C3BE00BF87
:10972000445248543C020024206D00241BF10101E6
:1097300082F0FD82F06A584502D8F9F77EFB0FD916
:10974000F9F7D1FB02D8F9F7ECF909D9B2695A4512
:1097500002D8F9F7BEFA03D9BBF1000F42F0E78255
:1097600017F1090F02F2E382F9F7BAFA02D8F9F712
:1097700064FB07D9F9F70FFA02F2D982F9F7D1F9A8
:1097800002F2D582F9F719FA02F2D182191D834249
:1097900003D3F9F785FA7EF6E4AEF9F7E9FA03D3D5
:1097A000F9F766FA7EF6DDAE002B42F0C0820023A8
:1097B000FEF7D7BE14F1310F14D85FF8040A006821
:1097C00001280FD15FF80C1AF9F7FFF90AD8C96917
:1097D00004F130020844824204D82046302102F0CD
:1097E0003BFC10B1002C42F0A2821BF1010182F07F
:1097F0009E82F06A584502D8F9F71FFB0FD9F9F796
:1098000072FB02D8F9F78DF909D9B2695A4502D825
:10981000F9F75FFA03D9BBF1000F42F0888217F124
:10982000090F02F28482F9F75BFA02D8F9F705FB17
:1098300007D9F9F7B0F902F27A82F9F772F902F270
:109840007682D7E90131CA1893420FD2834204D3FA
:10985000306B013082427EF692AEF9F789FA05D379
:10986000D6F8A860304482427EF689AE002B42F0E2
:109870005E820023FEF783BE14F1310F14D8F9F78E
:1098800068F902D8F9F7E7F90BD9F9F789FA02D89C
:10989000F9F7ECF805D9B169A14205D8F9F73CFA16
:1098A00002D8002C42F043821BF1050F02F23F82E6
:1098B000F9F745F903D8316B013188420CD9D6F854
:1098C000A410594504D8D6F8A8201144884203D9D9
:1098D000BBF1000F42F02B8217F1150F02F2278225
:1098E00007F11400BC4503D8316B013188420AD915
:1098F000D6F8A410B94202F21A82D6F8A820114470
:10990000884202F214823A6812F1050F02F20F82C5
:10991000101D624503D3316B013188420BD9D6F853
:10992000A4108A4204D3D6F8A8301944884202D938
:10993000002A42F0FC817B6813F1050F02F2F781E7
:1099400003F1040E634503D3316B01318E450BD90E
:10995000D6F8A4108B4204D3D6F8A8000844864554
:1099600002D9002B42F0E381D7F8089019F1050FD6
:1099700002F2DD8109F1040EE14503D3306B0130C1
:1099800086450CD9D6F8A480C14504D3D6F8A800E2
:109990004044864503D9B9F1000F42F0C881F86808
:1099A00010F1050F02F2C38100F1040E604503D3EC
:1099B000316B01318E450BD9D6F8A480404504D3D4
:1099C000D6F8A81041448E4502D9002842F0AF8154
:1099D0003F6917F1050F02F2AA8107F1040E6745EE
:1099E00004D3316B01318E457EF6FAADD6F8A4C0B2
:1099F000674505D3D6F8A81061448E457EF6F0ADD4
:109A0000002F42F094810027FEF7EABD14F1310FD8
:109A100014D8F9F79EF802D8F9F71DF90BD9F9F720
:109A2000BFF902D8F9F722F805D9B169A14205D8E2
:109A3000F9F772F902D8002C42F079811BF1050F79
:109A400002F27581F9F735F902D8F9F7F6F909D973
:109A5000F9F749FA02D8F9F764F803D9BBF1000F16
:109A600042F0658117F10D0F02F26181F9F778F983
:109A700002D8F9F7E2F907D9F9F78DF802F2578120
:109A8000F9F74FF802F25381F9F7B1F802F24F817A
:109A9000F9F78EF903D3336B01339C450BD9D6F814
:109AA000A4309A4204D3D6F8A81019448C4502D9A0
:109AB000002A42F03C81F9F780F802F23881F9F788
:109AC00042F903D3316B01318C450BD9D6F8A4E0B0
:109AD000734504D3D6F8A81071448C4502D9002BE5
:109AE00042F02581F9F7EAF802F221810F1D814247
:109AF00004D3306B013087427EF67FADD6F8A400E8
:109B0000814203D3F9F76DF97EF677AD002942F073
:109B10000E810021FEF771BD14F1050F02F20781DD
:109B2000211DF06AA04202D8F9F787F908D9F9F7A0
:109B300006F902D8F8F7F5FF02D9002C42F0F780B9
:109B40001BF1050F02F2F3800BF10401584502D816
:109B5000F9F773F909D9F9F7C6F902D8F8F7E1FF6F
:109B600003D9BBF1000F42F0E28017F1090F02F2B6
:109B7000DE80F9F7B5F802D8F9F75FF907D9F9F7F8
:109B80000AF802F2D480F8F7CCFF02F2D080F9F79D
:109B90002EF802F2CC80F9F70BF903D3336B0133C3
:109BA0009C450BD9D6F8A4309A4204D3D6F8A81015
:109BB00019448C4502D9002A42F0B980F8F7FDFF1C
:109BC00002F2B580191D834203D3F9F769F87EF6D6
:109BD00021ADF9F7CDF803D3F9F7B9F87EF61AAD50
:109BE000002B42F0A4800023FEF714BD14F1350FC2
:109BF00014D8F9F73EF902D8F9F72DF80BD9F9F78F
:109C0000CFF802D8F8F732FF05D9B169A14205D8DB
:109C1000F9F782F802D8002C42F089801BF1050F79
:109C200002F28580F9F745F802D8F9F706F909D963
:109C3000F9F759F902D8F8F774FF03D9BBF1000F0F
:109C400042F0758017F1090F02F27180F9F748F8B8
:109C500003D8F9F725F87EF629ADF9F7A5F802F251
:109C60006680F9F705F87EF621AD02F060B814F1D0
:109C7000350F0FD85FF85405006801280AD15FF846
:109C80005815F8F7A2FF05D8F9F74EF802D8F9F7FA
:109C900093F810B1002C42F04A801BF1010182F0D0
:109CA0004680F06A584502D8F9F7C7F80FD9F9F796
:109CB0001AF902D8F8F735FF09D9B2695A4502D81E
:109CC000F9F707F803D9BBF1000F42F0308017F124
:109CD0000D0F02F22C80F9F743F802D8F9F7ADF82E
:109CE00007D9F8F758FF02F22280F8F71AFF02F2BC
:109CF0001E80D7E9002399188A420DD2824203D3ED
:109D0000F8F7CEFF7EF6DFACD6F8A400824203D38C
:109D1000F9F71DF87EF6D7AC002A42F00880002241
:109D2000FEF7D1BC14F1350F14D8F9F7A2F802D818
:109D3000F8F791FF0BD9F9F733F802D8F8F796FE48
:109D400005D9B169A14205D8F8F7E6FF02D8002C81
:109D500041F0ED871BF1050F01F2E987F8F7EFFEFF
:109D600003D8316B013188420CD9D6F8A41059457B
:109D700004D8D6F8A8201144884203D9BBF1000FBB
:109D800041F0D58717F1150F01F2D18707F11400C3
:109D9000BC4503D8316B013188420AD9D6F8A410EA
:109DA000B94201F2C487D6F8A8201144884201F2D2
:109DB000BE873A6812F1050F01F2B987101D62459E
:109DC00003D3316B013188420BD9D6F8A4108A42F3
:109DD00004D3D6F8A8301944884202D9002A41F0A9
:109DE000A6877B6813F1050F01F2A18703F1040E2A
:109DF000634503D3316B01318E450BD9D6F8A410DE
:109E00008B4204D3D6F8A8000844864502D9002B1B
:109E100041F08D87D7F8089019F1050F01F2878777
:109E200009F1040EE14503D3306B013086450CD9AE
:109E3000D6F8A480C14504D3D6F8A800404486458E
:109E400003D9B9F1000F41F07287F86810F1050FDE
:109E500001F26D8700F1040E604503D3316B0131CF
:109E60008E450BD9D6F8A480404504D3D6F8A81067
:109E700041448E4502D9002841F059873F6917F1C6
:109E8000050F01F2548707F1040E674504D3316BC7
:109E900001318E457EF645ACD6F8A4C0674505D3A2
:109EA000D6F8A81061448E457EF63BAC002F41F0F9
:109EB0003E870027FEF735BC14F1350F14D8F8F7AC
:109EC000D8FF02D8F8F7C7FE0BD9F8F769FF02D818
:109ED000F8F7CCFD05D9B169A14205D8F8F71CFF08
:109EE00002D8002C41F023871BF1050F01F21F87D8
:109EF000F8F725FE03D8316B013188420CD9D6F82A
:109F0000A410594504D8D6F8A8201144884203D992
:109F1000BBF1000F41F00B8717F1190F01F2078712
:109F200007F11800BC4503D8316B013188420AD9CA
:109F3000D6F8A410B94201F2FA86D6F8A820114446
:109F4000884201F2F4863A6812F1050F01F2EF86B9
:109F5000101D624503D3316B013188420BD9D6F80D
:109F6000A4108A4204D3D6F8A8301944884202D9F2
:109F7000002A41F0DC867B6813F1050F01F2D786D9
:109F800003F1040E634503D3316B01318E450BD9C8
:109F9000D6F8A4108B4204D3D6F8A800084486450E
:109FA00002D9002B41F0C386D7F808E01EF1050F57
:109FB00001F2BD860EF10408E64503D3316B013191
:109FC00088450CD9D6F8A4108E4504D3D6F8A8003D
:109FD0000844804503D9BEF1000F41F0A886D7F8A8
:109FE0000CA01AF1050F01F2A2860AF10408E2455D
:109FF00003D3316B013188450CD9D6F8A490CA45FA
:10A0000004D3D6F8A8104944884503D9BAF1000F03
:10A0100041F08D86396911F1050F01F2888601F151
:10A020000408614503D3306B013080450BD9D6F865
:10A03000A490494504D3D6F8A8004844804502D9E5
:10A04000002941F074867F6917F1050F01F26F86D0
:10A0500007F10408674504D3306B013080457EF674
:10A060006FABD6F8A4C0674505D3D6F8A800604406
:10A0700080457EF665AB002F41F059860027FEF73C
:10A080005FBB14F1050F01F25286201DD6F82CC0DB
:10A09000A44503D8316B013188420BD9D6F8A410FE
:10A0A000A14204D8D6F8A8201144884202D9002C35
:10A0B00041F03D861BF1050F01F239860BF10400DA
:10A0C000DC4503D8316B013188420CD9D6F8A41095
:10A0D000594504D8D6F8A8201144884203D9BBF1C9
:10A0E000000F41F0248617F1150F01F2208607F1C9
:10A0F0001400BC4503D8316B013188420AD9D6F827
:10A10000A410B94201F21386D6F8A820114488425F
:10A1100001F20D863A6812F1050F01F20886101D52
:10A12000624503D3316B013188420BD9D6F8A410B4
:10A130008A4204D3D6F8A8301944884202D9002AAA
:10A1400041F0F5857B6813F1050F01F2F08503F10D
:10A15000040E634503D3316B01318E450BD9D6F81C
:10A16000A4108B4204D3D6F8A8000844864502D92F
:10A17000002B41F0DC85D7F8089019F1050F01F2AA
:10A18000D68509F1040EE14503D3306B01308645D5
:10A190000CD9D6F8A480C14504D3D6F8A800404411
:10A1A000864503D9B9F1000F41F0C185F86810F177
:10A1B000050F01F2BC8500F1040E604503D3316B3D
:10A1C00001318E450BD9D6F8A480404504D3D6F88A
:10A1D000A81041448E4502D9002841F0A8853F6966
:10A1E00017F1050F01F2A38507F1040E674504D3AB
:10A1F000316B01318E457EF6B3AAD6F8A4C067450F
:10A2000005D3D6F8A81061448E457EF6A9AA002F82
:10A2100041F08D850027FEF7A3BA14F1310F14D851
:10A220005FF8000B006801280FD15FF8041BF8F7F6
:10A23000CCFC0AD8C96904F130020844824204D82F
:10A240002046302101F008FF10B1002C41F06F854D
:10A250001BF1010081F06B85F16A594503D8F8F7CD
:10A26000FAFC7EF6C9AAF8F75BFD03D8F8F7FEFB07
:10A270007EF6C2AAB169594503D8F8F74DFD7EF6BE
:10A28000BBAABBF1000F41F05285FEF7B5BA14F13D
:10A29000310F14D8F8F75DFC02D8F8F7DCFC0BD9C5
:10A2A000F8F77EFD02D8F8F7E1FB05D9B169A142C4
:10A2B00005D8F8F731FD02D8002C41F03885F8F7C1
:10A2C0007CFC01F23485F06AF8F73DFD03D3326B74
:10A2D000013294450BD9D6F8A420934204D3D6F882
:10A2E000A81011448C4502D9002B41F0208517F1AC
:10A2F0000D0F01F21C85F8F733FD03D8F8F7D0FCF9
:10A300007EF6A5AAF8F750FD01F21185F8F7B0FC2A
:10A310007EF69DAA01F00BBD14F1310F14D8F8F7A9
:10A3200018FC02D8F8F797FC0BD9F8F739FD02D8DA
:10A33000F8F79CFB05D9B169A14205D8F8F7ECFC08
:10A3400002D8002C41F0F3841BF1050F01F2EF84D9
:10A35000D6F82C800BF10401D84502D8F8F76DFD32
:10A3600009D9F8F7C0FD02D8F8F7DBFB03D9BBF138
:10A37000000F41F0DC8417F1110F01F2D88407F1CE
:10A380001001B84502D8F8F758FD07D9F8F703FCD3
:10A3900001F2CD84F8F7C5FB01F2C984F8F727FC78
:10A3A00001F2C58402F1040C424503D3336B01333F
:10A3B0009C450BD9D6F8A4309A4204D3D6F8A810FD
:10A3C00019448C4502D9002A41F0B184F8F7F5FB15
:10A3D00001F2AD8403F1040C434503D3316B013129
:10A3E0008C450BD9D6F8A4E0734504D3D6F8A81051
:10A3F00071448C4502D9002B41F09984F8F75EFC3A
:10A4000001F2958401F1040C414503D3306B013016
:10A4100084450BD9D6F8A4E0714504D3D6F8A8003A
:10A420007044844502D9002941F08184F8F79CFCEE
:10A4300001F27D8407F1040C474504D3306B0130F1
:10A4400084457EF613AAD6F8A400874205D3D6F831
:10A45000A860304484457EF609AA002F41F0678445
:10A460000027FEF703BA14F1310F14D8F8F771FB87
:10A4700002D8F8F7F0FB0BD9F8F792FC02D8F8F7FE
:10A48000F5FA05D9B169A14205D8F8F745FC02D81B
:10A49000002C41F04C841BF1050F01F24884F8F7C1
:10A4A00008FC02D8F8F7C9FC09D9F8F71CFD02D856
:10A4B000F8F737FB03D9BBF1000F41F0388417F1EF
:10A4C0000D0F01F23484F8F74BFC02D8F8F7B5FC15
:10A4D00007D9F8F760FB01F22A84F8F722FB01F2B2
:10A4E0002684F8F784FB01F22284F8F761FC03D399
:10A4F000336B01339C450BD9D6F8A4309A4204D370
:10A50000D6F8A81019448C4502D9002A41F00F84CE
:10A51000F8F753FB01F20B84F8F715FC03D3316B0A
:10A5200001318C450BD9D6F8A4E0734504D3D6F895
:10A53000A81071448C4502D9002B41F0F883F8F73C
:10A54000BDFB01F2F4830F1D814204D3306B013057
:10A5500087427EF698A9D6F8A400814203D3F8F783
:10A5600040FC7EF690A9002941F0E1830021FEF72E
:10A570008AB914F1050F01F2DA83211DF06AA042B5
:10A5800002D8F8F75AFC08D9F8F7D9FB02D8F8F73F
:10A59000C8FA02D9002C41F0CA831BF1050F01F261
:10A5A000C6830BF10401584502D8F8F746FC09D9D7
:10A5B000F8F799FC02D8F8F7B4FA03D9BBF1000F09
:10A5C00041F0B58317F1090F01F2B183F8F788FB69
:10A5D00002D8F8F732FC07D9F8F7DDFA01F2A783C1
:10A5E000F8F79FFA01F2A383F8F701FB01F29F83CA
:10A5F000F8F7DEFB03D3336B01339C450BD9D6F858
:10A60000A4309A4204D3D6F8A81019448C4502D934
:10A61000002A41F08C83F8F7D0FA01F28883191DE3
:10A62000834203D3F8F73CFB7EF63AA9F8F7A0FB88
:10A6300003D3F8F78CFB7EF633A9002B41F0778328
:10A640000023FEF72DB914F1350F0FD8DFF8240DD4
:10A65000006801280AD1DFF8201DF8F7B6FA05D8FE
:10A66000F8F762FB02D8F8F7A7FB10B1002C41F015
:10A670005E831BF1010181F05A83F06A584502D8CC
:10A68000F8F7DBFB0FD9F8F72EFC02D8F8F749FAF8
:10A6900009D9B2695A4502D8F8F71BFB03D9BBF1B7
:10A6A000000F41F0448317F1090F01F24083F8F7DE
:10A6B00017FB03D8F8F7F4FA7EF65AA9F8F774FBFB
:10A6C00001F23583F8F7D4FA7EF652A901F02FBBD8
:10A6D00014F1350F14D8F8F7CCFB02D8F8F7BBFA11
:10A6E0000BD9F8F75DFB02D8F8F7C0F905D9B169C5
:10A6F000A14205D8F8F710FB02D8002C41F01783CF
:10A700001BF1050F01F21383F8F719FA03D8316B27
:10A71000013188420CD9D6F8A410594504D8D6F88E
:10A72000A8201144884203D9BBF1000F41F0FF82F9
:10A7300017F1150F01F2FB8207F11400BC4503D895
:10A74000316B013188420AD9D6F8A410B94201F21E
:10A75000EE82D6F8A8201144884201F2E8823A68D5
:10A7600012F1050F01F2E382101D624503D3316B34
:10A77000013188420BD9D6F8A4108A4204D3D6F806
:10A78000A8301944884202D9002A41F0D0827B685F
:10A7900013F1050F01F2CB8203F1040E634503D3DD
:10A7A000316B01318E450BD9D6F8A4108B4204D3FE
:10A7B000D6F8A8000844864502D9002B41F0B7829C
:10A7C000D7F8089019F1050F01F2B18209F1040ED2
:10A7D000E14503D3306B013086450CD9D6F8A4800F
:10A7E000C14504D3D6F8A8004044864503D9B9F141
:10A7F000000F41F09C82F86810F1050F01F297827A
:10A8000000F1040E604503D3316B01318E450BD945
:10A81000D6F8A480404504D3D6F8A81041448E450C
:10A8200002D9002841F083823F6917F1050F01F238
:10A830007E8207F1040E674504D3316B01318E45EA
:10A840007EF6C2A8D6F8A4C0674505D3D6F8A810EE
:10A8500061448E457EF6B8A8002F41F0688200273B
:10A86000FEF7B2B814F1350F14D8F8F702FB02D88E
:10A87000F8F7F1F90BD9F8F793FA02D8F8F7F6F8E8
:10A8800005D9B169A14205D8F8F746FA02D8002CDB
:10A8900041F04D821BF1050F01F24982F8F74FF9A3
:10A8A00003D8316B013188420CD9D6F8A410594530
:10A8B00004D8D6F8A8201144884203D9BBF1000F70
:10A8C00041F0358217F1150F01F2318207F11400C2
:10A8D000BC4503D8316B013188420AD9D6F8A4109F
:10A8E000B94201F22482D6F8A8201144884201F22C
:10A8F0001E823A6812F1050F01F21982101D62459D
:10A9000003D3316B013188420BD9D6F8A4108A42A7
:10A9100004D3D6F8A8301944884202D9002A41F05D
:10A9200006827B6813F1050F01F2018203F1040E28
:10A93000634503D3316B01318E450BD9D6F8A41092
:10A940008B4204D3D6F8A8000844864502D9002BD0
:10A9500041F0ED81D7F8089019F1050F01F2E78178
:10A9600009F1040EE14503D3306B013086450CD963
:10A97000D6F8A480C14504D3D6F8A8004044864543
:10A9800003D9B9F1000F41F0D281F86810F1050F39
:10A9900001F2CD8100F1040E604503D3316B01312A
:10A9A0008E450BD9D6F8A480404504D3D6F8A8101C
:10A9B00041448E4502D9002841F0B9813F6917F121
:10A9C000050F01F2B48107F1040E674504D3316B22
:10A9D00001318E457EF604A8D6F8A4C0674505D39C
:10A9E000D6F8A81061448E457DF6FAAF002F41F0ED
:10A9F0009E810027FDF7F4BF14F1050F01F2978146
:10AA0000211DD6F82C80A04502D8F8F716FA08D9EF
:10AA1000F8F795F902D8F8F784F802D9002C41F03C
:10AA200086811BF1050F01F282810BF10401D845EB
:10AA300002D8F8F702FA09D9F8F755FA02D8F8F768
:10AA400070F803D9BBF1000F41F0718117F1110FBC
:10AA500001F26D8107F11001B84502D8F8F7EDF960
:10AA600007D9F8F798F801F26281F8F75AF801F27D
:10AA70005E81F8F7BCF801F25A8102F1040C4245FC
:10AA800003D3336B01339C450BD9D6F8A4309A42DB
:10AA900004D3D6F8A81019448C4502D9002A41F0F5
:10AAA0004681F8F78AF801F2428103F1040C43452C
:10AAB00003D3316B01318C450BD9D6F8A4E0734533
:10AAC00004D3D6F8A81071448C4502D9002B41F06C
:10AAD0002E81F8F7F3F801F22A8101F1040C4145C7
:10AAE00003D3306B013084450BD9D6F8A4E071450F
:10AAF00004D3D6F8A8007044844502D9002941F057
:10AB00001681F8F731F901F2128107F1040C47457B
:10AB100004D3306B013084457DF66EAFD6F8A400C7
:10AB2000874205D3D6F8A860304484457DF664AFEB
:10AB3000002F41F0FC800027FDF75EBF14F1450FA8
:10AB400014D8DFF83008006801280FD1DFF8281882
:10AB5000F8F73BF80AD8C96904F144020844824274
:10AB600004D82046442101F077FA10B1002C41F0BE
:10AB7000DE801BF1010181F0DA80F06A584502D8CD
:10AB8000F8F75BF90FD9F8F7AEF902D8F7F7C9FF74
:10AB900009D9B2695A4502D8F8F79BF803D9BBF135
:10ABA000000F41F0C48017F1110F01F2C08007F1CE
:10ABB0001001B84202D8F8F740F907D9F7F7EBFFD0
:10ABC00001F2B580F7F7ADFF01F2B180D7E90131AD
:10ABD000CA1893420FD2834204D3306B01308242B1
:10ABE0007DF658AFF8F7C4F805D3D6F8A86030441E
:10ABF00082427DF64FAF002B41F099800023FDF794
:10AC000049BF14F1450F14D8F7F7CDFF02D8F8F774
:10AC100022F80BD9F8F7C4F802D8F7F727FF05D9BF
:10AC2000B169A14205D8F8F777F802D8002C41F0B5
:10AC30007E801BF1050F01F27A80F7F780FF03D8C1
:10AC4000316B013188420CD9D6F8A410594504D88B
:10AC5000D6F8A8201144884203D9BBF1000F41F077
:10AC6000668017F1150F01F2628007F11400BC45F0
:10AC700003D8316B013188420AD9D6F8A410B94201
:10AC800001F25580D6F8A8201144884201F24F8085
:10AC90003A6812F1050F01F24A80101D624503D394
:10ACA000316B013188420BD9D6F8A4108A4204D303
:10ACB000D6F8A8301944884202D9002A41F03780DA
:10ACC0007B6813F1050F01F2328003F1040E634536
:10ACD00003D3316B01318E450BD9D6F8A4108B42CA
:10ACE00004D3D6F8A8000844864502D9002B41F0C9
:10ACF0001E80D7F8089019F1050F01F2188009F1AC
:10AD0000040EE14503D3306B013086450CD9D6F8EB
:10AD1000A480C14504D3D6F8A8004044864503D991
:10AD2000B9F1000F41F00380F86810F1050F00F24F
:10AD3000FE8700F1040E604503D3316B01318E456F
:10AD40000BD9D6F8A480404504D3D6F8A8104144C6
:10AD50008E4502D9002840F0EA873F6917F1050FB8
:10AD600000F2E58707F1040E674504D3316B01312A
:10AD70008E457DF69BAED6F8A4C0674505D3D6F8C0
:10AD8000A81061448E457DF691AE002F40F0CF872C
:10AD90000027FDF78BBE14F1050F00F2C887211DB7
:10ADA000D6F82C80A04502D8F8F747F808D9F7F76D
:10ADB000C6FF02D8F7F7B5FE02D9002C40F0B787DE
:10ADC0001BF1050F00F2B3870BF10401D84502D83F
:10ADD000F8F733F809D9F8F786F802D8F7F7A1FEA3
:10ADE00003D9BBF1000F40F0A28717F1110F00F259
:10ADF0009E8707F11001B84502D8F8F71EF807D969
:10AE0000F7F7C9FE00F29387F7F78BFE00F28F8702
:10AE1000F7F7EDFE00F28B8702F1040C424503D3F5
:10AE2000336B01339C450BD9D6F8A4309A4204D336
:10AE3000D6F8A81019448C4502D9002A40F077872B
:10AE4000F7F7BBFE00F2738703F1040C434503D30D
:10AE5000316B01318C450BD9D6F8A4E0734504D38E
:10AE6000D6F8A81071448C4502D9002B40F05F87BA
:10AE7000F7F724FF00F25B8701F1040C414503D38F
:10AE8000306B013084450BD9D6F8A4E0714504D36A
:10AE9000D6F8A8007044844502D9002940F04787BD
:10AEA000F7F762FF00F2438707F1040C474504D32C
:10AEB000306B013084457DF605AED6F8A40087429C
:10AEC00005D3D6F8A860304484457DF6FBAD002F4D
:10AED00040F02D870027FDF7F5BD14F1450F14D87C
:10AEE000F7F761FE02D8F7F7B6FE0BD9F7F758FF70
:10AEF00002D8F7F7BBFD05D9B169A14205D8F7F72C
:10AF00000BFF02D8002C40F01287A0680BEB8000EA
:10AF100058450DD9F16A594503D8F7F79CFE7DF6DF
:10AF2000FCADF7F7FDFE03D8F7F7A0FD7DF6F5AD14
:10AF3000BBF1000F40F0FB86FDF7EFBD14F1450FAC
:10AF400014D8F7F730FE02D8F7F785FE0BD9F7F7DC
:10AF500027FF02D8F7F78AFD05D9B169A14205D8C4
:10AF6000F7F7DAFE02D8002C40F0E186A0680BEB80
:10AF70008000584514D9F16A594503D8F7F76BFE9C
:10AF80007DF6D6ADF7F7CCFE03D8F7F76FFD7DF66B
:10AF9000CFADB169594503D8F7F7BEFE7DF6C8AD10
:10AFA000BBF1000F40F0C386FDF7C2BD14F1290FBD
:10AFB00014D8DFF8A80E006801280FD1DFF82C1E86
:10AFC000F7F703FE0AD8C96904F12802084482424F
:10AFD00004D82046282101F03FF810B1002C40F0A1
:10AFE000A6861BF1010180F0A286F06A584502D8BE
:10AFF000F7F723FF0FD9F7F776FF02D8F7F791FDA0
:10B0000009D9B2695A4502D8F7F763FE03D9BBF1F3
:10B01000000F40F08C8617F1090F00F28886F7F7D1
:10B020005FFE03D8F7F73CFE7DF6AFADF7F7BCFE49
:10B0300000F27D86F7F71CFE7DF6A7AD00F077BE27
:10B0400014F1290F14D8F7F7C8FD02D8F7F703FE5B
:10B050000BD9F7F7A5FE02D8F7F708FD05D9B169B6
:10B06000A14205D8F7F758FE02D8002C40F05F86C1
:10B070001BF1050F00F25B86D6F82C800BF1040162
:10B08000D84502D8F7F7D9FE09D9F7F72CFF02D82F
:10B09000F7F747FD03D9BBF1000F40F0488617F1E1
:10B0A000110F00F2448607F11001B84502D8F7F7F6
:10B0B000C4FE07D9F7F76FFD00F23986F7F731FDC7
:10B0C00000F23586F7F793FD00F2318602F1040CA9
:10B0D000424503D3336B01339C450BD9D6F8A430DA
:10B0E0009A4204D3D6F8A81019448C4502D9002AF4
:10B0F00040F01D86F7F761FD00F2198603F1040C9C
:10B10000434503D3316B01318C450BD9D6F8A4E00C
:10B11000734504D3D6F8A81071448C4502D9002B8E
:10B1200040F00586F7F7CAFD00F2018601F1040C34
:10B13000414503D3306B013084450BD9D6F8A4E0E8
:10B14000714504D3D6F8A8007044844502D900297B
:10B1500040F0ED85F7F708FE00F2E98507F1040CF1
:10B16000474504D3306B013084457DF63AADD6F8BF
:10B17000A400874205D3D6F8A860304484457DF604
:10B1800030AD002F40F0D3850027FDF72ABD14F124
:10B19000290F14D8F7F721FD02D8F7F75CFD0BD97A
:10B1A000F7F7FEFD02D8F7F761FC05D9B169A142B6
:10B1B00005D8F7F7B1FD02D8002C40F0B8851BF197
:10B1C000050F00F2B485F7F774FD02D8F7F735FEE6
:10B1D00009D9F7F788FE02D8F7F7A3FC03D9BBF12A
:10B1E000000F40F0A48517F10D0F00F2A085F7F7CE
:10B1F000B7FD02D8F7F721FE07D9F7F7CCFC00F22C
:10B200009685F7F78EFC00F29285F7F7F0FC00F2D6
:10B210008E85F7F7CDFD03D3336B01339C450BD9F6
:10B22000D6F8A4309A4204D3D6F8A81019448C4515
:10B2300002D9002A40F07B85F7F7BFFC00F2778542
:10B24000F7F781FD03D3316B01318C450BD9D6F86B
:10B25000A4E0734504D3D6F8A81071448C4502D9F4
:10B26000002B40F06485F7F729FD00F260850F1D83
:10B27000814204D3306B013087427DF6BFACD6F8F3
:10B28000A400814203D3F7F7ACFD7DF6B7AC0029EB
:10B2900040F04D850021FDF7B1BC14F5807F15D23B
:10B2A000DFF8B80B0068012810D1DFF8401BF7F772
:10B2B0008CFC0BD8C96904F580720844824205D819
:10B2C00020464FF4807100F0C7FE10B1002C40F012
:10B2D0002E851BF1010080F02A85F26A5A4502D8BA
:10B2E000F7F7B9FC0FD9F7F71BFD02D8F7F722FDE6
:10B2F00009D9B169594502D8F7F70EFD03D9BBF159
:10B30000000F40F0148517F1250F00F2108507F1AA
:10B310002400BA4202D8F7F79EFC07D9F7F71CFDC4
:10B3200000F20585F7F706FD00F20185D7E902EC8A
:10B330000CEB0E0086450ED2964503D3316B0131DE
:10B3400088420CD9D6F8A4108E4504D3D6F8A8208C
:10B350001144884203D9BEF1000F40F0E884D6F8CA
:10B36000A824D7F81080904580F0E6840F2500F0DF
:10B37000DFBC00BF3C020024206D002414F5807F58
:10B3800014D2F7F78EFD02D8F7F765FC0BD9F7F763
:10B3900007FD02D8F7F76AFB05D9B169A14205D8C4
:10B3A000F7F7BAFC02D8002C40F0C1841BF1050F5E
:10B3B00000F2BD84F7F7C3FB03D8316B013188423B
:10B3C0000CD9D6F8A410594504D8D6F8A8201144B1
:10B3D000884203D9BBF1000F40F0A98417F11D0F7B
:10B3E00000F2A58407F11C00BC4503D8316B013184
:10B3F00088420AD9D6F8A410B94200F29884D6F847
:10B40000A8201144884200F292843A6812F1050F94
:10B4100000F28D84101D624503D3316B01318842E7
:10B420000BD9D6F8A4108A4204D3D6F8A830194410
:10B43000884202D9002A40F07A847B6813F1050F14
:10B4400000F27584181D634503D3316B01318842C6
:10B450000BD9D6F8A4108B4204D3D6F8A8502944AF
:10B46000884202D9002B40F06284D7F808E01EF130
:10B47000050F00F25C840EF10400E64503D3316B46
:10B48000013188420CD9D6F8A4108E4504D3D6F8E1
:10B49000A8502944884203D9BEF1000F40F04784E8
:10B4A000D7F80C8018F1050F00F2418408F1040070
:10B4B000E04503D3316B013188420CD9D6F8A41092
:10B4C000884504D3D6F8A8502944884203D9B8F156
:10B4D000000F40F02C84396911F1050F00F2278428
:10B4E00001F10409614503D3306B013081450BD96B
:10B4F000D6F8A400814204D3D6F8A8502844814548
:10B5000002D9002940F01384786910F1050F00F288
:10B510000E8400F10409604503D3356B0135A9455C
:10B520000BD9D6F8A4A0504504D3D6F8A85055445A
:10B53000A94502D9002840F0FA83BF6917F1050F29
:10B5400000F2F58307F10409674504D3356B013533
:10B55000A9457DF6EBABD6F8A4C0674505D3D6F870
:10B56000A8506544A9457DF6E1AB002F40F0DF838C
:10B570000027FDF7DBBB14F5807F14D2F7F791FCB1
:10B5800002D8F7F768FB0BD9F7F70AFC02D8F7F7F0
:10B590006DFA05D9B169A14205D8F7F7BDFB02D80C
:10B5A000002C40F0C4831BF1050F00F2C083F36A46
:10B5B0000BF104005B4502D8F7F74DFB09D9F7F70B
:10B5C000AFFB02D8F7F752FA03D9BBF1000F40F0F6
:10B5D000AE8317F1250F00F2AA8307F12400BB42C6
:10B5E00002D8F7F738FB07D9F7F7B6FB00F29F83CD
:10B5F000F7F73CFA00F29B83F7F7F9FA00F297832A
:10B60000101D0C939A4202D3F7F725FB09D9D6F8FF
:10B61000A4108A4202D3F7F78DFB02D9002A40F02A
:10B620008683786810F1050F00F281830346014696
:10B630000C9D181DAB4202D3F7F70DFB09D9D6F8C4
:10B64000A4108B4202D3F7F78EFA02D9002B40F0F8
:10B650006E83B8680B9010F1050F00F268830B9DA4
:10B660000C99281D8D4202D3F7F7F5FA0BD9D6F8BD
:10B67000A4100B9D8D4202D3F7F775FA03D90B98EE
:10B68000002840F05483D7F80C8018F1050F00F221
:10B690004E830C9908F10400884502D3F7F7DBFAD2
:10B6A0000AD9D6F8A410884502D3F7F75CFA03D973
:10B6B000B8F1000F40F03B83D7F8109019F1050F57
:10B6C00000F235830C9909F10400894502D3F7F79C
:10B6D000C2FA0AD9D6F8A410894502D3F7F743FA7B
:10B6E00003D9B9F1000F40F02283D7F814A01AF162
:10B6F000050F00F21C830C990AF104008A4502D35D
:10B70000F7F7A9FA0AD9D6F8A4108A4502D3F7F7B1
:10B710002AFA03D9BAF1000F40F00983D7F818E0EC
:10B720001EF1050F00F203830EF104000A900C983D
:10B73000864504D3316B0A98013188420DD9D6F879
:10B74000A4108E4505D3D6F8A80008440A99814272
:10B7500003D9BEF1000F40F0EA82F86910F1050F3D
:10B7600000F2E582011D0A910C99884205D3316BE4
:10B77000DDF828C001318C450CD9D6F8A450A84278
:10B7800005D3D6F8A81029440A9D8D4202D9002875
:10B7900040F0CD82396A11F1050F00F2C8820C9D8C
:10B7A00001F1040CA94203D3376B0137BC450CD916
:10B7B000D6F8A470B94204D3D6F8A8603E44B44584
:10B7C00003D9002940F0B38200210B9DFDF7C1BAD7
:10B7D00014F1050F00F2AB82201DF36AA34202D8D8
:10B7E000F7F739FA08D9F7F7DBFA02D8F7F73EF995
:10B7F00002D9002C40F09B821BF1050F00F29782CA
:10B800000BF104005B4502D8F7F725FA09D9F7F7E1
:10B8100087FA02D8F7F72AF903D9BBF1000F40F0F5
:10B82000868217F1250F00F2828207F12400BB42C5
:10B8300002D8F7F710FA07D9F7F78EFA00F27782F5
:10B84000F7F714F900F2738238680C9010F1050FC5
:10B8500000F26D820C9D1A46281D9D4202D3F7F717
:10B86000FAF909D9D6F8A4108D4202D3F7F762FA93
:10B8700002D9002D40F05B82786810F1050F00F2CC
:10B88000568203460146181D934202D3F7F7E3F9A7
:10B8900009D9D6F8A4108B4202D3F7F764F902D97C
:10B8A000002B40F04482B8680B9010F1050F00F2B5
:10B8B0003E820B99081D914202D3F7F7CCF90BD9C0
:10B8C000D6F8A4100B9D8D4202D3F7F74CF903D99B
:10B8D0000B98002840F02B82D7F80C8018F1050F48
:10B8E00000F2258208F10400904502D3F7F7B3F97E
:10B8F0000AD9D6F8A410884502D3F7F734F903D94A
:10B90000B8F1000F40F01382D7F8109019F1050F2D
:10B9100000F20D8209F10400914502D3F7F79BF97B
:10B920000AD9D6F8A410894502D3F7F71CF903D930
:10B93000B9F1000F40F0FB81D7F814A01AF1050F00
:10B9400000F2F5810AF10400924502D3F7F783F97A
:10B950000AD9D6F8A4108A4502D3F7F704F903D917
:10B96000BAF1000F40F0E381D7F818E01EF1050F9F
:10B9700000F2DD810EF104000A90964504D3316B8C
:10B980000A98013188420DD9D6F8A4108E4505D306
:10B99000D6F8A80008440A99814203D9BEF1000FE5
:10B9A00040F0C581F86910F1050F00F2C081011D5A
:10B9B0000A91904205D3316BDDF828C001318C45E6
:10B9C0000CD9D6F8A450A84205D3D6F8A81029441B
:10B9D0000A9D8D4202D9002840F0A981396A11F1EF
:10B9E000050F00F2A4810D1D914203D3376B01377F
:10B9F000BD420CD9D6F8A470B94204D3D6F8A860D9
:10BA00003E44B54203D9002940F091810021DDE98F
:10BA10000B52FDF7B0B914F5807F14D2F7F741FA55
:10BA200002D8F7F718F90BD9F7F7BAF902D8F7F7F0
:10BA30001DF805D9B169A14205D8F7F76DF902D80B
:10BA4000002C40F0748117F1050F00F27081381D51
:10BA5000F16AB94203D8F7F7FEF87DF69AA9F7F72D
:10BA60007BF903D8F7F702F87DF693A9002F40F091
:10BA70005E81FDF78EB914F5807F14D2F7F711FAC5
:10BA800002D8F7F7E8F80BD9F7F78AF902D8F6F7F2
:10BA9000EDFF05D9B169A14205D8F7F73DF902D804
:10BAA000002C40F0448117F1050F00F24081381D51
:10BAB000F16AB94203D8F7F7CEF87DF685A9F7F712
:10BAC0004BF903D8F6F7D2FF7DF67EA9002F40F0A0
:10BAD0002E81FDF779B914F1350F0DD8DF480068D4
:10BAE000012809D1C149F7F770F805D8F7F71CF913
:10BAF00002D8F7F761F910B1002C40F018811BF162
:10BB0000010180F01481F06A584502D8F7F795F9E1
:10BB10000FD9F7F7E8F902D8F7F703F809D9B269AE
:10BB20005A4502D8F7F7D5F803D9BBF1000F40F01A
:10BB3000FE8017F1190F00F2FA8007F11801B842E0
:10BB400003D8F7F7ADF87DF6C3A9F7F72DF900F2A2
:10BB5000EE80F7F78DF800F2EA80FDF7B9B914F13D
:10BB6000050F00F2E480211DF06AA04202D8F7F729
:10BB700064F908D9F7F7E3F802D8F6F7D2FF02D94B
:10BB8000002C40F0D4801BF1050F00F2D0800BF1A7
:10BB90000401584502D8F7F750F909D9F7F7A3F986
:10BBA00002D8F6F7BEFF03D9BBF1000F40F0BF800B
:10BBB00017F10D0F00F2BB80F7F7D2F802D8F7F7B4
:10BBC0003CF907D9F6F7E7FF00F2B180F6F7A9FFD5
:10BBD00000F2AD80F7F70BF800F2A980111D824248
:10BBE00003D3336B0133994209D9D6F8A4309A4272
:10BBF00002D3F7F7ECF802D9002A40F09880F6F764
:10BC0000DCFF00F29480F7F79EF803D3316B01312B
:10BC10008C450BD9D6F8A4108B4204D3D6F8A85083
:10BC200029448C4502D9002B40F08180F7F746F873
:10BC30007DD80F1D814204D3306B013087427DF6E1
:10BC400091A9D6F8A400814205D3D6F8A85028447B
:10BC500087427DF687A9002969D10021FDF782B9C5
:10BC60001BF1010163D2F06A584502D8F7F7E5F8F5
:10BC70000ED9F7F738F902D8F6F753FF08D9B269A9
:10BC80005A4502D8F7F725F802D9BBF1000F4ED17B
:10BC900017F1050F4BD8391DB84203D8F7F700F854
:10BCA0007DF692A9F7F780F803D8F6F7E1FF7DF665
:10BCB0008BA9E7BBFDF788B914F1050F37D8201D14
:10BCC000F16AA14203D8F6F7C6FF7DF688A9F7F717
:10BCD00067F803D8F6F7CAFE7DF681A93CBBFDF7ED
:10BCE0007EB917F10D0F22D8F16A07F10C00B942A5
:10BCF00003D8F6F7B0FF7DF6A5A9F7F72DF816D80B
:10BD0000F6F7B4FE13D8FDF79DB91D2510E074B900
:10BD100009250DE05CB90C250AE044B9062507E0C9
:10BD20002CB90E2504E0002C0C463CF4FBABF425AA
:10BD300028460DB0BDE8F08FD7F814909145BCF4BB
:10BD4000B3AF1825F4E700BFB0B5B34804682CB111
:10BD50002046D4F89050FAF743FD00E0002504484F
:10BD6000026822B120462946BDE8B0401047B0BD68
:10BD7000C06C0024F8B520B3044600200D464FF0F7
:10BD8000FF31164620603448FBF740FC334800681A
:10BD9000C8B105F11002154869460023FBF7EEF91A
:10BDA0000746F0B9D6F8B004411CC6F8B01460B12B
:10BDB000D6F8AC1400988A6888605060C0E9011217
:10BDC00008E0F42710E01D270BE00098C6F8AC044B
:10BDD000C0E90100066000270098C56010302060AF
:10BDE00000901D48FBF758FC3846F8BD206D002434
:10BDF00010B5044618484FF0FF31FBF707FC174811
:10BE0000006850B184492046096850F8102DD1F8D7
:10BE100090108A4203D0032418E01D2416E0D1F8C4
:10BE2000B024002AF7D0013AC1F8B02408D054E970
:10BE3000032393605A60D1F8AC34834203D100E00D
:10BE40000022C1F8AC24FBF765FA04460248FBF770
:10BE500023FC204610BD00BF400200243C02002409
:10BE600010B54AB103781478A34205D133B119B1A2
:10BE7000013901320130F5E7002010BD012010BD6D
:10BE800013464FF0FF3200F001B800002DE9F047F3
:10BE9000002934D09946002B31D00E460021DFF81E
:10BEA0003085C9F8001015460138EFF3108172B6DD
:10BEB000D8F800200132C8F8002081F31088072844
:10BEC0001FD8DFE800F004203847566472845248D7
:10BED0000068D0F8900018B1007B800700F19980CD
:10BEE00000275048DFF840A1F6F720FE7DD2F6F794
:10BEF000C2FD00287BD104F128000137F4E70324B8
:10BF000084E0082476E044480068D0F8900018B136
:10BF1000007B800700F17D8000274048DFF800A10A
:10BF2000F6F704FE61D2F6F7A6FD00285FD104F112
:10BF30002C000137F4E700274048DFF804A1F6F7AA
:10BF4000F5FD52D2F6F797FD002850D104F1180004
:10BF50000137F4E700273548DFF8D4A0F6F7E6FD0F
:10BF600043D2F6F788FD002841D104F120000137C3
:10BF7000F4E700273348DFF8D0A0F6F7D7FD34D236
:10BF8000F6F779FD98BB04F130000137F5E700279B
:10BF90002848DFF8A4A0F6F7C9FD26D2F6F76BFD16
:10BFA00028BB04F114000137F5E700272948DFF822
:10BFB00024A4F6F7BBFD18D2046830462946A26ACD
:10BFC000FFF74EFF98B904F188000137F1E7002729
:10BFD0001E48DFF87CA0F6F7A9FD06D2F6F74BFD68
:10BFE00028B904F124000137F5E70D2402E0C9F86F
:10BFF00000400024EFF3108072B6D8F80010013929
:10C00000C8F8001080F31088FAF744F92046BDE81C
:10C01000F087F224EEE700BF9C0100248C0100248D
:10C02000900100248401002488010024940100244C
:10C03000980100246C010024700100247C0100247C
:10C04000800100247401002478010024F4010024FC
:10C05000F8010024B001002450F8040C401A18BF65
:10C06000F420704770B58EB0EFF3108572B6C66BD2
:10C07000DEB13168274A914217D1B168022914D143
:10C08000012102910490006C03900221019101AC06
:10C0900004F110002421F4F737FC85F3108806F52D
:10C0A0002C702146FBF728FF05E0F24801680131BA
:10C0B000016085F310880EB070BD00BF70B58EB002
:10C0C000EFF3108572B6066ADEB13168E84A914234
:10C0D00017D1B168022914D1012102910490406A5C
:10C0E00003900321019101AC04F110002421F4F725
:10C0F0000BFC85F3108806F52C702146FBF7FCFE3F
:10C1000005E0DC4801680131016085F310880EB05C
:10C1100070BD00BF55444F4D2DE9F84F04460E2029
:10C12000002C00F052818B461199B1F5807F40F0D0
:10C130004C81DFF89CC2EFF3108072B6DDE90B573B
:10C140009A46DDF84890DDF83CE00026A24BDCF88A
:10C1500000100131CCF800109E4980F31088781946
:10C16000009201380968D3F800808E420DD2A045B4
:10C170000BD0D8F81030AB4203D3D8F80C3098422B
:10C1800005D2013608F18803EDE7764601E07646F0
:10C190000025EFF3108072B6DCF800100139CCF8FE
:10C1A000001080F31088FAF775F8A0450BD03DB168
:10C1B000BAF1000F04D0C82F08D20520BDE8F88FCF
:10C1C0000320BDE8F88F0E20BDE8F88F0D991F29D8
:10C1D00002D90F20BDE8F88F0E98884202D91820A6
:10C1E000BDE8F88FDDF84080B8F1010F02D91020CA
:10C1F000BDE8F88FB7487949006888420DD0784A81
:10C200003B461068EFF30581084309D01068EFF34F
:10C2100005810843B0F1F03F02D21320BDE8F88F4A
:10C2200028461946EF229846F4F767FB20464FF45C
:10C230008071F4F769FBE81C4A4620F00307A8F177
:10C24000040020F00308AF4218BFA8F10408D9F891
:10C250000C0081071CD504F1A4004FF440714FF489
:10C2600040791546FFF786FD002840F0AE80D4F8EF
:10C27000A4004FF44071EF22F4F73FFBD4F8A40080
:10C280002A4600F5407020F00700C4E92A09E86852
:10C290000D9BA8F13C01E362C4F8C830C4F8BC109F
:10C2A000616108EB0705DDF82890C4E90666C4F86B
:10C2B000B470C4F844A0C4F84890C4F828B0E7604B
:10C2C00002F52C760E9B2021C4E93331E36303236E
:10C2D0004449C4E91514236310F00100C4E92600A1
:10C2E0004249A5F13D03C4F8B83023613E4808BF78
:10C2F0000146D2F818C0536BA5F1340020F00300BA
:10C30000C162C0E90042C0E9023CC0E904A9916DE4
:10C31000D4F8E050A1EB0A01B1FA81F14FEA511EC5
:10C3200002F5D871C0E9065EC0E90816A060C4E94C
:10C33000242020460099F4F78BFAA068254DC4F814
:10C34000DC004A49244AEFF3108072B62160296864
:10C3500039B11268D2F88C30C2F88C40C3F88840EA
:10C3600002E0146022462346194E0131C4E922231B
:10C370002960109F316801313160012F0ED11849B9
:10C380000968EFF305821143B1F1F03F13D3184967
:10C390000E6886B1F56BF16AF1630EE080F31088E8
:10C3A000EFF3108072B631680139316080F3108884
:10C3B000F9F770FF08E00025002680F3108820467A
:10C3C000F9F7C0FF06B1F5630020BDE8F88F00BFA4
:10C3D000B8010024B4010024B0010024B86700248F
:10C3E00014000024916A000815800008C1060008A6
:10C3F000A001002470B58EB0EFF3108572B628B39B
:10C4000002681A4B9A4221D1D0F890602EB332685C
:10C41000494B9A4221D1B268022A1ED1D0F8942009
:10C420000123CDE9040102932021042301939069A3
:10C43000039001AC04F11400F4F766FA85F3108858
:10C4400006F52C702146FBF757FD0CE03B480168D0
:10C450000131016085F3108805E038480168013139
:10C46000016085F310880EB070BD00BF445248547F
:10C4700055444F4DB86C0024B0B504461548EFF351
:10C48000108172B60068A0421ED0206B421E202090
:10C49000012A1CD82063D4F89050EF2281F3108831
:10C4A000E0686169F4F729FA2069696D093020F0C4
:10C4B0000300A0602046F4F7CBF90320EFF31081CE
:10C4C00072B62063002002E081F31088202081F3FF
:10C4D0001088B0BD9C01002470B58EB01549EFF3F3
:10C4E000108572B609684E6ADEB13268124B9A4204
:10C4F00017D1B268022A14D1012202920490886AEC
:10C50000039024210022019201AC04F11000F4F701
:10C51000FBF985F3108806F52C702146FBF7ECFC3F
:10C5200005E0064801680131016085F310880EB00E
:10C5300070BD00BFD801002455444F4DB86C002495
:10C54000CD498A7AC87A824201D100207047885C3E
:10C550000132D3B2092B88BF00228A72704700BF14
:10C5600080B500F021F900F0ADF900F019F800F005
:10C5700087F9BDE8804000F093B9000006480168E3
:10C5800041F080710160054800214160016841F07F
:10C5900001010160704700BFFCED00E0001000E009
:10C5A0002DE9F0439BB050484FF003094FF00108CC
:10C5B00002274E4D4E4E016841F0080101600168AE
:10C5C00001F0080108910899016841F0100101602B
:10C5D000016801F0100108910899016841F04001DB
:10C5E0000160016801F0400108910899016841F07B
:10C5F00080010160016801F08001089108990168DB
:10C6000041F480710160016801F48071089108991A
:10C6100050F80C1C41F4805140F80C1C50F80C0CE4
:10C6200000F4805008900898CDF82C90CDF8288020
:10C6300009970C200C904CF2B370089008AC284677
:10C640002146B0474FF680700890214605F580607E
:10C65000B04705F540602146CDF82090B0474FF433
:10C660007F400890214605F58050B04740F2CF60EA
:10C670000890214605F5A050B0474FF480510020A6
:10C68000CDE910011A90CDE91800CDE90E00CDE9F1
:10C690000A00CDE90670CDE90487CDE902772021B3
:10C6A000CDE90C01052001901249089104F1280000
:10C6B00001F5827109911821F4F726F901A92046A4
:10C6C0000A46F6F739F820B10BA04FF49271F4F74F
:10C6D000D3FD114840F614710160104900680860EC
:10C6E0001BB0BDE8F08300BFE0440258000C0258C4
:10C6F000BD130008004000522E2E2F2E2E2F5573F2
:10C7000065722F6273702F7372632F6273705F662E
:10C710006D635F696F2E6300546D0024001000602C
:10C7200010B594B001AC302104F11C00F4F7ECF822
:10C730001948016841F00101016000684FF0FF31C4
:10C7400000F00100009004914FF080410191002021
:10C750008021CDE90601059003901048104900683A
:10C76000B0FBF1F0013880B2029000982046F6F755
:10C770001FF820B10B4840F23621F4F77DFD1C2054
:10C7800000210222F4F77CFF1C20F4F76BFF01A8C4
:10C79000F6F71EF814B010BDE84402580C0000244F
:10C7A00080841E009DD7000870B586B0FA4800212D
:10C7B00002226423002401734181DE48A02C05D0AD
:10C7C0000519103429732A71AB60F7E7062164223A
:10C7D000A0F86B10A0F86820A0F85B10A0F8582013
:10C7E000A0F84B10A0F84820A0F83B100287A04802
:10C7F0000025224E016841F002010160016801F04C
:10C80000020101910199016841F004010160016890
:10C8100001F0040101910199016841F040010160BA
:10C82000016801F0400101910199016841F0800126
:10C830000160016801F0800101910199016841F4F2
:10C8400080710160006800F4807001900198CDE96A
:10C8500002550320049001AC082D0AD006EBC50058
:10C8600021468088019056F83500F4F7A7FD013580
:10C87000F2E706B070BD00BFF87D002410D60008B6
:10C8800010B5064C0120A0470220A0470320A04776
:10C8900004202146BDE81040084700BF39CB0008FE
:10C8A000002107480022302A06D083180C32196272
:10C8B000596259771977F6E701210170FFF730BF08
:10C8C000840000242DE9F04FB5B05F485F4B002194
:10C8D0004FF004225E4C614E5E4D01824182C18266
:10C8E0000183418381828187C187A0F84210A0F82B
:10C8F0004410A0F84610C0E90232574BC0E90D328F
:10C90000C0E90054564CC0E90B46C0E9071141622A
:10C9100080F82810A0F84010524A80F85410534E66
:10C9200002651F91504BC0E912630120019001265E
:10C9300001A8F4F769FF4E4F4FF00709DFF838A15F
:10C94000F6F7AFF8F6F7ADF8386940F01000386147
:10C95000386900F0100030903098CDF8D090032066
:10C96000CDE93260022031904FF40070309030AE4B
:10C97000404831468346D047584631464FF4806898
:10C98000CDF8D090CDF8C080D047252004210022DA
:10C99000F4F776FE2520F4F765FE28464FF4E131E2
:10C9A00000220C2300F0FEF8286A314640F04000D7
:10C9B0002862A86940F00800A861286840F02000BB
:10C9C00028600BF58065F6F71BF9F6F719F9B868DA
:10C9D00040F48020B860B86800F48020009000988F
:10C9E000CDF8D09003203390012032900220CDE981
:10C9F00030802846D0474FF4006030903146CDF863
:10CA0000D0902846D047272004210322F4F738FE8F
:10CA10002720F4F727FE20464FF4165100220C235E
:10CA200000F0C0F8206A40F040002062A06940F0A9
:10CA30000800A061206840F020002060F6F718FB95
:10CA400035B0BDE8F08F00BFD0000024586D002441
:10CA500058750024001001405871002458790024B2
:10CA600000480040AD300008B9300008B13000087F
:10CA7000E044025800000258BD1300082DE9F047B9
:10CA80004FF0000A2B4D4FF005094FF00108002729
:10CA90000026A02F4BD0F0B2EC19F5F74DFF21790D
:10CAA00020B1042907D884F804902CE0062907D384
:10CAB00084F8049023E0092906D8481C207122E05C
:10CAC00099B1481E20711AE0A07A08B9F5F78AFFDB
:10CAD0002089C0B1E188814218D20131E1808142D0
:10CAE00011D106EB460003301EE0A07A012806D1E2
:10CAF00006EB460084F80AA00230F5F7CFFF84F871
:10CB00000CA0A4F806A010370136C2E7E07A00288E
:10CB1000F9D0217B01312173C9B28142F3D306EBF5
:10CB2000460084F80CA00130F5F7B8FFEBE7BDE84C
:10CB3000F08700BF587D00240138C1B2032988BFA7
:10CB4000704740B20D4951F820000121F5F77EBE33
:10CB50000138C1B2032988BF704710B540B20749F8
:10CB600051F820402046F5F76BFEB0FA80F04109FD
:10CB70002046BDE81040F5F769BE00BF00D60008AA
:10CB80000549CA7A8854C87A0130C2B2092A88BFD6
:10CB90000020C872704700BFF87D0024FFF76EBF09
:10CBA000704700002DE9F041A4B00DF104080E46D5
:10CBB000074668211C46154608F12400F3F7A4FE39
:10CBC0000020CDE903000B900990CDE90700CDE9E5
:10CBD0000176CDE905544046F5F714FE20B104482E
:10CBE00040F22631F4F748FB24B0BDE8F08100BFE5
:10CBF000BCD700080249C8600A685206FCD57047D5
:10CC00001C100140F6F7F4FAF5F7CCFDF7F714FF26
:10CC1000FEE7000080B588B04FF4807006900CA14C
:10CC20000F4A002301200590002004900220CDE946
:10CC300002004FF480500190034800900348FAF737
:10CC400023FF08B080BD00BFA8440024A8540024DE
:10CC5000417070205461736B2053746172740000D2
:10CC6000310E00081EF0040F0CBFEFF30880EFF345
:10CC70000980F5F7FDBD00000FB4054B10B503A901
:10CC8000044A029800F0F4F810BC5DF814FB0000B0
:10CC9000F5CB0008000000247CB50C001D461646AC
:10CCA000014601D0601E00E00020CDE90010064BD7
:10CCB0006A462946304600F0DBF8002C02D0009A84
:10CCC000002111707CBD00009FD5000802E008C85B
:10CCD000121F08C1002AFAD170477047002001E0F6
:10CCE00001C1121F002AFBD1704700002DE9FF5F30
:10CCF00082B00021DDE90430020DDDF840B00343CD
:10CD000018D044F61050A2F2FF3242431514119885
:10CD100001281FD0A5EB0B00401C5FEA000A4FF072
:10CD200000064E4FDFF83891B046504615D5CAF18F
:10CD3000000413E0119801244AA3012801D16FEAED
:10CD40000B010298119AC0E90031C0E9024206B015
:10CD5000BDE8F09FCBF10000DFE704460021404A28
:10CD6000491842EB0450CDE9001012E0E00707D06B
:10CD700032463B4640464946F3F716FF8046894611
:10CD800032463B4610461946F3F70EFF06460F465D
:10CD90006410002CEAD1DDE90401DDE90023BAF1D9
:10CDA000000F06DAF3F700FF42464B46F3F7FCFEAE
:10CDB00005E0F3F76BFF42464B46F3F767FF044687
:10CDC0000E460022284BF3F7E9FF03D84FF0FF305F
:10CDD000014607E00022254B20463146F3F73DFE91
:10CDE000F3F7C3FF102409E0002C0ADB0A2200231A
:10CDF000F3F752FD039B30321A55641E50EA0102CC
:10CE0000F2D1641C039AC4F111031444119A012A4B
:10CE100003D0012208430DD10AE0084304D00020CA
:10CE20004FF0110B119072E7A3EB0B056D1E0DE097
:10CE30005B4504DD4FF0000205F1010504E003DA73
:10CE40004FF00002A5F10105002AECD002981199DB
:10CE5000C0E90231C0E9004579E700000000144054
:10CE60000000F03F300000000000F0430000E03F11
:10CE70002DE9FF4F95B09B468946064600250FE2F7
:10CE8000252877D100242746F84A0121059400E09F
:10CE9000044316F8013F203B01FA03F01042F7D19A
:10CEA00030782A2811D06FF02F033078A0F13002AB
:10CEB000092A16D8059A44F0020402EB820203EB19
:10CEC00042021044761C0590EFE759F8042B0592B6
:10CED000002A03DA504244F40054059044F002045E
:10CEE000761C30782E2816D116F8010F44F0040471
:10CEF0002A280DD06FF02F023078A0F13003092BD3
:10CF000009D807EB870302EB4303C718761CF3E746
:10CF100059F8047B761C30786C280FD006DC4C283E
:10CF200017D068280DD06A2814D104E0742810D0D6
:10CF30007A280FD10DE044F400140AE044F4801480
:10CF400001E044F440147278824202D104F5801466
:10CF5000761C761C307866280BD013DC582877D0E6
:10CF600009DC002875D04528F6D04628F4D047289B
:10CF70001AD19DE118E0632835D0642879D065285E
:10CF800012D195E1702873D008DC6728F1D06928A8
:10CF90006FD06E280DD06F2806D1B5E073282CD045
:10CFA000752875D0782874D05A46179990476D1C0B
:10CFB00075E1C4F30250022809D003280DD0D9F836
:10CFC000001004280DD00D6009F1040967E1D9F8BB
:10CFD0000010EA17C1E90052F6E7D9F800100D80F9
:10CFE000F2E70D70F0E719F8041B8DF8001000202F
:10CFF0008DF80100EA46012003E059F804AB4FF038
:10D00000FF3061074FF0000102D40DE008F101018B
:10D010008846B9420FDA8045F8DB1AF80810002973
:10D02000F4D108E008F1010188468142FADB1AF8E0
:10D0300008100029F6D105985B46A0EB08072146A9
:10D040003846179A00F094FA284400EB080507E0E8
:10D050004DE029E10DE01AF8010B5A461799904767
:10D06000B8F10108F7D25B4621463846179A13E11A
:10D0700042E00A220092C4F302524FF0000A022A50
:10D0800008D059F804CB032A4FEAEC710AD00DE01E
:10D0900029E02AE009F1070121F00702F2E802C1C4
:10D0A000914609E00FFA8CFC4FEAEC71042A03D197
:10D0B0004FFA8CFC4FEAEC71002907DA0A4600218E
:10D0C000DCF1000C61EB02012D2202E0220504D507
:10D0D0002B228DF80420012203E0E20701D0202258
:10D0E000F7E7904659E00A2102E010220DE01021F6
:10D0F0004FF0000A00910BE010224FF0000A44F0BC
:10D1000004040827009203E008224FF0000A00926E
:10D11000C4F30252022A05D059F804CB0021032A95
:10D1200008D009E009F1070121F00702F2E802C185
:10D13000914605E01FFA8CFC042A01D10CF0FF0C8B
:10D140004FF00008220728D5702806D0009B83F0F6
:10D15000100353EA0A0305D00EE040228DF80420A4
:10D16000012208E05CEA010206D030228DF804209A
:10D170008DF8050002229046009B83F0080353EAD5
:10D180000A030AD15CEA010201D1620705D5302207
:10D190008DF804204FF001087F1E582804D034A0D9
:10D1A00003900EA802900DE036A0F9E753466046C2
:10D1B000009AF3F771FB84460398825C0298401E44
:10D1C000029002705CEA0100F0D1029806A9081AE8
:10D1D00000F1200A600702D524F4803400E0012722
:10D1E000574502DDA7EB0A0000E0002000EB0A0132
:10D1F000009005984144401A0590E00306D45B4630
:10D200002146179A059800F0B3F90544002706E077
:10D2100001A85A46C05D179990476D1C7F1C474571
:10D22000F6DBE0030CD55B462146179A059800F023
:10D230009FF9054404E030205A46179990476D1C29
:10D240000099481E00900029F5DC08E00298029938
:10D250005A460078491C0291179990476D1CBAF103
:10D260000001AAF1010AF1DC65E1000009280100D2
:10D27000303132333435363738396162636465664C
:10D28000000000003031323334353637383941420E
:10D29000434445460000000000F058F90544761C60
:10D2A000307800287FF4ECAD19B02846BDE8F08F47
:10D2B000620700D4062709F1070222F0070CFCE8F8
:10D2C0000223E14603F000485FEA080C02D00FF2A7
:10D2D000702C0DE05FEA045C02D50FF2682C07E0C9
:10D2E0005FEAC47C02D00FF2602C01E0AFF2700C58
:10D2F0004FF0FF3823F00043CDF850C065280CD024
:10D3000006DC452809D046281DD047283DD13DE000
:10D31000662818D067287ED138E00021112F01DB64
:10D32000112000E0781CCDE9000106A90EA8FFF746
:10D33000DDFCDDE90F010E9A03910021009207F157
:10D34000010A04914DE04FF000400097CDE9011033
:10D3500006A90EA8FFF7CAFCDDE90F0203920E9B97
:10D3600011990022DDF80CA00093049211B9791CE8
:10D3700000EB010AB7EB0A0004D4C0F1FF3007F15B
:10D38000010A0490AAEB0700019044E0012F00DAA3
:10D3900001270021112F01DD112000E03846CDE9E1
:10D3A000000106A90EA8FFF7A1FCDDE90F010E9A06
:10D3B0000391002104910092BA4621070CD40399ED
:10D3C000514500DA8A46BAF1010F05DD009AAAF14B
:10D3D0000101515C302908D0B84202DA10F1040F83
:10D3E00006DA0121CDE9011015E0AAF10101E9E712
:10D3F000002805DC049901440491AAEB000102E035
:10D40000411C514500DD8A460499401A401C019098
:10D410004FF000400290200704D40198504501DBF2
:10D42000CDF8048000208DF84F0002980DF14F07D1
:10D43000B0F1004F25D02B200E9002984FF002083B
:10D4400000280CDA404202902D200E9007E00A21BD
:10D450000298F3F770FA3031029007F8011DB8F125
:10D460000001A8F10108F2DC02980028EFD1791E32
:10D470000E980870307800F0200040F0450007F862
:10D48000020D12A8C01B00F107081498007800B123
:10D49000012000EB0A01019801EBE071059841447D
:10D4A000401A401E0590E00306D45B462146179AB9
:10D4B000059800F05DF805441498007818B15A46B4
:10D4C000179990476D1CE00324D55B462146179AB7
:10D4D000059800F04DF805441CE00498002807DB8F
:10D4E000DDE90301884203DD0098405C179901E003
:10D4F000179930205A469047049805F10105401CC1
:10D5000004900198401E019004D12E205A4617998C
:10D5100090476D1CBAF10001AAF1010ADDDC05E0BB
:10D5200017F8010B5A46179990476D1CB8F1000186
:10D53000A8F10108F4DC5B462146179A0598ABE692
:10D540002D0000002B000000200000002DE9F0411C
:10D55000044600251E461746880404D405E03946D3
:10D560002020B0476D1C641EF9D52846BDE8F08127
:10D570002DE9F041044600251E469046C80301D51A
:10D58000302700E02027880404D505E041463846CE
:10D59000B0476D1C641EF9D52846BDE8F0814A6885
:10D5A000002A06D00A68531C0B6010704868401EA1
:10D5B0004860704710B5044601E0FFF71BFB14F804
:10D5C000010B04490028F8D1BDE810400A20FFF7FC
:10D5D00011BB000000000024000000000102030451
:10D5E0000102030406070809010002000400060006
:10D5F00008000A000C00100020004000800000011C
:10D60000000100000002000000040000000800000B
:10D61000002002580001000000080258002000000D
:10D62000001C0258100000000018025804000000FE
:10D630000004025801000000001802580800000011
:10D640000018025880000000002002580008000066
:10D65000435055C0FBD3C3C2CA203D2025352E32CE
:10D660006625250D0A003D3D3D3D3D3D3D3D3D3D91
:10D670003D3D3D3D3D3D3D3D3D3D3D3D3D3D3D3DDA
:10D680003D3D3D3D3D3D3D3D3D3D3D3D3D3D3D3DCA
:10D690003D3D3D3D3D3D3D3D3D3D3D3D3D3D3D3DBA
:10D6A0003D3D3D3D3D0D0A002020202532642020D7
:10D6B0002020202020202535642020202020202507
:10D6C00035642020202020202025356420202020A3
:10D6D000202025730D0A00D6D0B6CFD6B4D0D0CA3C
:10D6E000B1BCE4203D20252E3966730D0A00BFD55C
:10D6F000CFD0D6B4D0D0CAB1BCE4203D20252E393D
:10D7000066730D0A00C8CECEF1D6B4D0D0CAB1BC73
:10D71000E4203D20252E3966730D0A00C4DAB4E6F4
:10D72000B3D8CAA3D3E0B4F3D0A1203D202564D759
:10D73000D6BDDA0D0A0020C8CECEF1D3C5CFC8BC05
:10D74000B620C8CECEF1D5BBB4F3D0A120B5B1C7B9
:10D75000B0CAB9D3C3D5BB2020D7EEB4F3D5BBCA6A
:10D76000B9D3C3202020C8CECEF1C3FB0D0A00419F
:10D770007070506F6F6CC4DAB4E6B3D8CACDB7C559
:10D78000B3C9B9A60D00417070506F6F6CC4DAB4A4
:10D79000E6B3D8C9EAC7EBB3C9B9A60D002E2E2F40
:10D7A0002E2E2F557365722F6273702F7372632F35
:10D7B0006273705F74696D65722E63002E2E2F2E5A
:10D7C0002E2F557365722F6273702F7372632F62E1
:10D7D00073705F756172745F6669666F2E630000B7
:10D7E00000D800080000002418000000CCCC00087D
:10D7F00018D8000818000024F08D0000DCCC0008C8
:10D800000000000001000000100000000090D003A4
:08D810000090D003F0F0F0F0ED
:040000050800029954
:00000001FF
