:020000040800F2
:1000000038FD0424AD020008B50200085DDA0108DD
:10001000D5030008D5030008D50300080000000040
:10002000000000000000000000000000550500086E
:10003000C1020008000000009B0400085F030008E4
:10004000C7020008C7020008C7020008C70200086C
:10005000C7020008C7020008C7020008C70200085C
:10006000C7020008C7020008C7020008C70200084C
:10007000C7020008C7020008C7020008C70200083C
:10008000C7020008C7020008C7020008C70200082C
:10009000C7020008C7020008C7020008C70200081C
:1000A000C7020008C7020008C7020008C70200080C
:1000B000115D0008C7020008C7020008C702000857
:1000C000C7020008C7020008C7020008C7020008EC
:1000D000C7020008F1720008C70200080173000897
:1000E000C7020008C702000800000000C70200089D
:1000F000C7020008C7020008C7020008C7020008BC
:10010000C7020008C7020008C7020008C7020008AB
:10011000C7020008C7020008C7020008C70200089B
:10012000C7020008C7020008C7020008C70200088B
:10013000C7020008C7020008C7020008C70200087B
:1001400000000000000000000000000000000000AF
:10015000C7020008C7020008C7020008C70200085B
:10016000C7020008C7020008C7020008C70200084B
:10017000C7020008C7020008C7020008000000000C
:10018000C7020008C7020008C7020008C70200082B
:10019000C7020008C7020008C7020008C70200081B
:1001A000C7020008C7020008C7020008C70200080B
:1001B000C7020008C7020008C7020008C7020008FB
:1001C000C7020008C7020008C7020008C7020008EB
:1001D000C7020008C7020008C7020008C7020008DB
:1001E000C7020008C7020008C7020008C7020008CB
:1001F000C7020008C7020008C7020008C7020008BB
:10020000C7020008C7020008C7020008C7020008AA
:10021000C7020008C7020008C7020008C70200089A
:10022000C7020008C7020008C7020008000000005B
:10023000C7020008C702000800000000C70200084B
:10024000C7020008C7020008C7020008C70200086A
:10025000C7020008C7020008C7020008C70200085A
:10026000C7020008C7020008C7020008C70200084A
:10027000C7020008C7020008C7020008000000000B
:10028000C7020008C7020008C702000800000000FB
:1002900000000000C7020008DFF80CD000F02EFDBF
:1002A0000048004761D7010838FD0424064880470C
:1002B00006480047FEE7FEE7FEE7FEE7FEE7FEE74B
:1002C000FEE7FEE7FEE7FEE7895B0008990200080B
:1002D0001C4B002438FD042400000008E04B0024DF
:1002E00000000008001000E07F1A06000000FF4038
:1002F00072B65FF824005FF8241001F10401016078
:100300004FF0E0205FF83010C0F8081D5FF83400AF
:100310005FF83410096801605FF83800016841F047
:10032000010101604FF0E0205FF8441041614FF09F
:10033000070101614FF00001C0F8181D4FF07F4127
:10034000C0F81C1D5FF85C10C0F8201D7047FFF757
:10035000FEBFFFF7FEBF01B5BDE80140704701B524
:1003600000F0FEF9BDE801407047FFF7FEBFFFF760
:10037000FEBF0000000000000000000000000000C0
:10038000EFF3108180F310880846704700000000EA
:10039000000000000000000000000000000000005D
:1003A0004FF00000C54A1060EFF3148020F0040005
:1003B00080F31488C2484FF4E021016062B64FF028
:1003C00080504FF0E021C1F8040DBFF34F8FBFF311
:1003D0006F8FFEE772B6DFF8ECC2BB480168CCF85D
:1003E0000010B7480168CCF80810B8480168CCF88C
:1003F0000C10B7480168CCF81010B6480168CCF86A
:100400001410EFF31480CCF81800EFF30981CCF846
:100410001C100868CCF820004868CCF82400CCF800
:100420002820CCF82C30CCF83040CCF83450CCF824
:100430003860CCF83C70CCF84080CCF84490CCF8D4
:1004400048A0CCF84CB00869CCF850004869CCF80A
:1004500054008869CCF80400C869CCF85800EFF360
:10046000148020F0010080F314889848017801700E
:100470009948016821F00101016011F089FF4FF0F6
:1004800000019648016096484FF080510160BFF32B
:100490004F8F62B66FF0020E70479248924A4FF04B
:1004A0000003016891B10360EFF3098C2CE9F00FB0
:1004B0001EF0100F01D12CED108A8C4C4CF804ED7D
:1004C0002568C1F808C00DB18D61236072B611684E
:1004D00051B972B6116809B962B6FAE74FF0006710
:1004E0004FF0E028C8F8047D016062B64F68804C88
:1004F0008D6907F101074F602560D1F808C0EFF35F
:100500001485D1F8984025F0010544EA050484F3E8
:1005100014887848D1F8900080B1416E71B1764965
:1005200000F16400B0E8FC0381E8FC0390E8FC0300
:1005300081E8FC036F484FF0050101605CF804EBB3
:100540001EF0100F01D1BCEC108ABCE8F00F8CF348
:1005500009887047EFF30980816911F8022C012A9C
:1005600043D1664A914218BF7047436964490A689B
:100570004FF00001C2F89810C2F8A030D2F89000F5
:10058000C06810F0020F29D0D2F8A800D2F8A41049
:10059000D2F8AC30D16010615361EFF309831EF0E3
:1005A000100F04BF43F001034EF0100EC2F8B0303C
:1005B00023F0010303F1200333E9060020E90600DC
:1005C00033E9060020E9060033E9060020E90600C9
:1005D00033E9060020E9060080F30988EFF3148070
:1005E00020F0010080F314887047464A914218BFFA
:1005F000704745490A68D2F89C10C2F89810D2F8A2
:100600009000C06810F0020F38D0D2F8B400D2F8D1
:10061000B810D2F8BC30D060116153612E4B1B680A
:1006200013F0010F0DD039490968D2F8A4008142B6
:1006300007D3D2F8A800884203D323F00103264948
:100640000B60D2F8B000EFF3098310F0010F1ABF6E
:100650002EF0100E20F001004EF0100E06CB06C05A
:1006600006CB06C006CB06C006CB06C0A0F1200014
:1006700080F3098826490A68D2F89C10EFF31480A9
:1006800040EA010080F31488704700BF00BF00BF3C
:1006900000BF00BF00BF00BF00BF00BF00BF00BF62
:1006A00001DF11F031FB1B4A1368D3F8A0E002DF31
:1006B000704700BF00BF00BF00BF7047544B00240D
:1006C00024ED00E0C4510024444B002428ED00E058
:1006D00034ED00E038ED00E034EF00E0444B00245E
:1006E00004ED00E0444B0024484B00247C510024DE
:1006F0007C51002494ED00E09CED00E0A20600088F
:10070000444B0024B0060008444B002438EF00E0BE
:10071000444B0024444B0024000000000000000073
:10072000026922F00702A2F144026FF00203136093
:100730004FF0000353609360D36013615361936182
:10074000D361136253629362D362136353634FF0B6
:10075000FF339363D1634FF08073136482607047FB
:100760002249086800F101000860214B1A683AB17B
:10077000A2F101021A601AB91E4B4FF00100186075
:100780001D490868026822B11C4B4FF001021A6033
:1007900008E000F104001A4B1A68904201D1194B8D
:1007A00018680860184B1A6812B918490868D0B15F
:1007B0002DE901401649086808B10DF045FE154BBA
:1007C0001A6872B10DF04CFA1348016849B9134820
:1007D0000168134A136813484FF08052994200D0C1
:1007E0000260BDE80140BFF34F8F7047904C00247A
:1007F0007C510024F44B0024EC4B0024F04B0024EB
:100800007C4C0024804C0024F44B0024F04B00244A
:10081000F04B0024F44B0024544B0024444B0024A0
:10082000484B002404ED00E0000000000000000040
:10083000026922F00702A2F144026FF00203136082
:100840004FF0000353609360D36013615361D36131
:1008500013625062836893629B6893614FF0000358
:10086000D362136353634FF0FF339363D1634FF04D
:1008700080731364826070472DE9F05F05460020A5
:1008800092469B4688460646814640241BE0284601
:1008900041464746224600F069F853465A46C01A78
:1008A000914110D311461846224600F050F82D1AF7
:1008B00067EB01084F4622460120002100F047F86F
:1008C00017EB00094E41201EA4F10104DFDC48466D
:1008D00031462A464346BDE8F09F40EA01039B07A4
:1008E00003D009E008C9121F08C0042AFAD203E0A5
:1008F00011F8013B00F8013B521EF9D27047D2B209
:1009000001E000F8012B491EFBD270470022F6E7F8
:1009100010B513460A4604461946FFF7F0FF204675
:1009200010BD30B50B46014600202022012409E00D
:1009300021FA02F59D4205D303FA02F5491B04FA98
:1009400002F52844151EA2F10102F1DC30BD202A77
:1009500004DB203A00FA02F1002070479140C2F116
:10096000200320FA03F3194390407047202A04DB48
:10097000203A21FA02F00021704721FA02F3D04018
:10098000C2F1200291400843194670472DE9FE4FFD
:10099000804681EA0300C00F0C46009021F0004120
:1009A00023F00045B8EB0200A94105D2404621469C
:1009B00090461C460B46024623F00040104347D0A9
:1009C000270DC7F30A00C3F30A510290401A0190A1
:1009D00040286BDAC3F3130040F4801B0098924662
:1009E00020B10023D2EB030A63EB0B0B01985946AD
:1009F000C0F140025046FFF7AAFF06460D4650469A
:100A00005946019A00F08CF910EB0800614100246E
:100A100087EA115284EAE7731A4340D0009A62B31E
:100A2000019A012A4FEA075215DC001B61EB020113
:100A30004FF0004202EA0752CDE90042001C41F5A6
:100A4000801132462B4600F08CF903B0BDE8F08FE0
:100A500040462146F9E7001B61EB0201001C41F50D
:100A6000801300185B412018A2F5001747EB030123
:100A700040EAD570B6196D4111E06D084FEA3606AF
:100A800045EAC0754FEA0752001B61EB0201001CEA
:100A900041F5801149084FEA3000001951413246B2
:100AA0002B4603B0BDE8F04F00F04CB9009801228E
:100AB00040000023D0EB020263EBE0730098214674
:100AC0004FEAE074B8EB000061EB0401E9E783F062
:100AD00000435BE781F0004158E72DE9FE4F81EAD2
:100AE000030404F0004421F0004100944FF0000B97
:100AF00023F0004350EA01045ED052EA03045BD0C5
:100B0000C3F30A54C1F30A552C44A4F2F3340194FC
:100B1000A0FB0254C1F3130141F48011C3F313038A
:100B200043F4801301FB024400FB034E840A970A3E
:100B300044EA815447EA8357A4FB076802958D0A6B
:100B400005FB07854FEA932C04FB0C542705029DF7
:100B50004FEA065847EA1637B5EB08056EEB070C67
:100B6000870E920E47EA811742EA8312A7FB020121
:100B7000B6EB0B0164EB00042B0D43EA0C335E185B
:100B800044EB1C50DA465146E7FB0201C5F313045F
:100B90004FEA0B3343EA14534FEA0432019C43EA11
:100BA0000603A4F10C040294009CCDE900B400F00B
:100BB000D8F803B0BDE8F08F00200146F9E72DE931
:100BC000F04D81EA030404F0004B21F00045144687
:100BD0004FF0000A23F0004150EA050220D054EA09
:100BE00001021DD0C5F30A570246C5F31303C1F332
:100BF0001300C1F30A5640F4801543F48013A7EBA9
:100C00000608101BD64608F2FD3873EB050002D328
:100C100008F1010801E092185B41B8F1000F03DA16
:100C200000200146BDE8F08D00204FF480110646FB
:100C300084460EE0171B73EB050705D3121B63EB0D
:100C4000050306434CEA010C49084FEA30009218AC
:100C50005B4150EA0107EDD152EA030012D082EA6B
:100C6000040083EA0501084305D0101BAB4106D2FE
:100C70000122002306E000224FF0004302E06FF063
:100C8000010253101AEB06004CEB085110EB0A005E
:100C900041EB0B01BDE8F04D00F054B8C1F30A522E
:100CA000C1F3130140F2FF3341F480119A4202DA9A
:100CB00000200146704740F233439A42A2F2334289
:100CC00002DC5242FFF752BEFFF741BE30B5041EB0
:100CD00071F1000404DB4FF00044404264EB010179
:100CE000141E73F1000405DB1C464FF00043524212
:100CF00063EB0403994208BF904230BD064C074D98
:100D000006E0E06840F0010394E8070098471034DB
:100D1000AC42F6D3FFF7C4FA20EA010840EA010822
:100D2000202A06DBCB17203A41FA02F043EAE073AF
:100D300006E041FA02F3D040C2F12002914008439C
:100D40001946704710B5141E73F1000408DA401CF0
:100D500041F1000192185B411A4301D120F00100DA
:100D600010BD2DE9F04D92469B4611B1B1FA81F2CA
:100D700002E0B0FA80F220329046FFF7E8FD044628
:100D80000F4640EA0A0041EA0B0153465A4608431F
:100D900013D0114653EA010019D0C8F14002504661
:100DA000FFF7E4FD05460E46504659464246FFF71A
:100DB000CEFD084305D0012004E020463946BDE8B9
:100DC000F08D0020054346EAE0762C4337430A982D
:100DD0006305E40AA0EB08000022FD0A44EA475438
:100DE0000A3002D500200146E9E7010510196941E2
:100DF000DDE9084500196941BDE8F04DA2E70000B2
:100E000080B540F22040C2F200404EF23151C0F6AF
:100E10000101012234230EF047FD80BD00000000D7
:100E200080B582B00190FFE702201BF0E5FF64204F
:100E30000BF0F6FEF8E7000080B58CB06946E820BC
:100E40000A9088610120079048610220089008619B
:100E50000520C86088604FF480500B90486041F2D4
:100E60004050C2F20040086042F24050C2F20040DE
:100E70004EF22551C0F6010140F61972C0F600028B
:100E8000002309930FF0B8FBDDF828C0079A099BEF
:100E90000B986946C1F818C04A610B610622CA6006
:100EA0008A60486043F21070C2F20040086044F269
:100EB0001070C2F200404EF20851C0F6010140F637
:100EC0006172C0F600020FF097FBDDF81CC0089AB3
:100ED000099BDDF828E00B986946C1F818E0C1F8D5
:100EE00014C00A610722CA608A60486040F2584014
:100EF000C2F20040086041F25840C2F200404EF297
:100F00001851C0F6010140F62162C0F600020FF050
:100F100073FB0CB080BD000080B582B00190FFE78C
:100F20004FF47A700BF07CFEFAE70000000000003E
:100F300080B58CB00B900020019003F0ADF91BF050
:100F400013FD1CF019FCFFF777FFFFF759FFFFE7D0
:100F500004F0D2FC01200BF063FEF9E70000000072
:100F600080B586B00590FFE71BF0CEFC8DF813002E
:100F70009DF8130050B1FFE79DF81300012803D13D
:100F8000FFE700F0FDF800E0FFE7FFE714200BF0BB
:100F900047FEE9E70000000083B080B5B7B03B939F
:100FA0003A923991369039A80290369A029B0DF107
:100FB0000F000090C9211CF06BFD40F22040C2F2EE
:100FC000004001904FF0FF310EF06AFD00994EF2A3
:100FD0003F50C0F601001CF04BFD01980EF028FEBA
:100FE00037B0BDE8804003B070470000000000004B
:100FF00083B04EF61450CEF2000000688003002843
:1010000001D5FFE71AE0BFF34F8FBFF36F8F4EF6A6
:101010005071CEF2000100200860BFF34F8FBFF384
:101020006F8F4EF61451CEF20001086840F4003084
:101030000860BFF34F8FBFF36F8FFFE74EF614507A
:10104000CEF200000068C003002801D5FFE73CE0B5
:101050004EF68451CEF2000100200860BFF34F8F9E
:101060004EF68050CEF20000006802900298C0F365
:101070004E300190FFE70298C0F3C9000090FFE7EF
:1010800001990098800761F34D104EF66071CEF221
:10109000000108600098411E00910028F0D1FFE790
:1010A0000198411E01910028E5D1FFE7BFF34F8F62
:1010B0004EF61451CEF20001086840F4803008600A
:1010C000BFF34F8FBFF36F8FFFE703B07047000090
:1010D00080B582B08DF803009DF8030030B9FFE7BA
:1010E00046F2A420C2F20040019045E09DF80300C2
:1010F000012803D1FFE7002001903DE09DF80300A7
:10110000022806D1FFE746F2D020C2F2004001904B
:1011100032E09DF80300032803D1FFE7002001908F
:101120002AE09DF80300042803D1FFE70020019086
:1011300022E09DF80300052803D1FFE7002001907D
:101140001AE09DF80300062803D1FFE70020019074
:1011500012E09DF80300072803D1FFE7002001906B
:101160000AE04EF6E600C0F601004FF48E7100F082
:1011700057F800200190FFE7019802B080BD000001
:1011800080B584B043F22860C2F2004003904EF272
:101190002440C0F601000290FFF7FEFE0298FFF720
:1011A000FBFE4EF2CF40C0F60100FFF7F5FE4EF217
:1011B0006640C0F60100FFF7EFFEFFE7039850B36B
:1011C000FFE7DDF80CC0DCF82C10DCF80830DCF8A8
:1011D0001000DCF81420DCF828E0C31ADCF8DCC0CE
:1011E000A0EB0C00EC46CCF804E0CCF800004EF28A
:1011F000A040C0F60100FFF7CFFE0398D0F88800AA
:101200000390039843F22861C2F20041884201D161
:10121000FFE700E0D2E704B080BD0000000000005E
:1012200082B001900091009810B9FFE702B07047BA
:10123000FFE7FEE70000000080B584B00390029154
:10124000019200930098B0F5804F1DD1FFE70398FD
:10125000019950F821000021CCF6F0710840029B62
:101260001968D3F804E0D3F808C0DA6841EA0E112F
:1012700041EA0C219B69194341EA02410843039961
:10128000019A41F8220006E00399019A6FF070403C
:1012900041F82200FFE7002004B080BD00000000FC
:1012A00080B586B00590049105990498026851F8BC
:1012B000220020F0010041F82200049880680828EC
:1012C00003D1FFE74020039002E000200390FFE7F6
:1012D000039804990091D1F804E0D1F808C0CB68D4
:1012E0000A6940EA0E0040EA0C00184310434A69BC
:1012F00010438A691043CA6910430A6A10434A6A54
:1013000010438A6A1043C96A084302900498016B2B
:101310000298084302900498416B02980843029097
:101320000498816B0298084302904FF67F30C0F218
:1013300008000190019840F480100190019840F459
:1013400000100190019840F4E02001900598049964
:10135000096850F8210001998843029908430599CA
:10136000049A126841F822000498006BB0F5801FBF
:101370000ED1FFE70498006850B1FFE705980068B8
:1013800020F480100499096B084305990860FFE771
:101390000498006838B1FFE70498426B0599086823
:1013A00010430860FFE7002006B080BD0000000089
:1013B00080B584B00390029101920398019900EBEB
:1013C0008100406800F04040029A1168D2F804E0C1
:1013D000D2F808C0D36841EA0E1141EA0C2141EA73
:1013E0000341D2F810C00023CFF6F07303EB0C5387
:1013F00019435369FE3341EA03619269114308437B
:101400000399019A01EB8201486003980068C002C9
:10141000002818D5FFE70398406820F4700000907A
:10142000029801690020CFF6F07000EB015100989E
:10143000084300900398406820F470000099084326
:1014400003994860FFE7002004B080BD0000000061
:1014500040F22041C5F60001086840F00100086034
:10146000704700000000000090B00F900E91002027
:101470000D908020C5F600000A90FFE70E980068E6
:101480000D99C840002800F0D081FFE70E98006851
:101490000D9A0121914008400C900C98002800F012
:1014A000C081FFE70E98406801280FD0FFE70E9833
:1014B000406802280AD0FFE70E984068112805D03E
:1014C000FFE70E98406812282FD1FFE70F98806839
:1014D0000B900D984100032000FA01F10B9888430E
:1014E0000B900E98C0680D99490000FA01F10B9815
:1014F00008430B900B980F9988600F9840680B90E9
:101500000D99012000FA01F10B9888430B900E9879
:101510004068C0F300100D9900FA01F10B980843E0
:101520000B900B980F994860FFE70F98C0680B90DD
:101530000D984100032000FA01F10B9888430B90AD
:101540000E9880680D99490000FA01F10B98084344
:101550000B900B980F99C8600E984068022805D030
:10156000FFE70E984068122826D1FFE70F980D99E3
:101570006FF0030202EA51010844006A0B900D98D3
:1015800000F0070081000F2000FA01F10B9888435A
:101590000B900E9800690D9901F00701890000FA7F
:1015A00001F10B9808430B900B980F990D9B02EAE1
:1015B000530211440862FFE70F9800680B900D98E2
:1015C0004100032000FA01F10B9888430B900E981C
:1015D000406800F003000D99490000FA01F10B98F2
:1015E00008430B900B980F9908600E98C079C006BD
:1015F000002840F11581FFE7FFE744F2F440C5F60B
:101600000200016841F002010160006800F0020080
:1016100009900998FFE70D9820F0030040F2084177
:10162000C5F6000140580B900D9800F003008100B2
:101630000F2000FA01F10B9888430B900F980021BE
:10164000C5F60201884203D1FFE7002008907AE046
:101650000F9840F20041C5F60201884203D1FFE72E
:10166000012007906CE00F9840F60001C5F60201DA
:10167000884203D1FFE7022006905EE00F9840F613
:101680000041C5F60201884203D1FFE7032005901F
:1016900050E00F9841F20001C5F60201884203D1E3
:1016A000FFE70420049042E00F9841F20041C5F6A4
:1016B0000201884203D1FFE70520039034E00F9830
:1016C00041F60001C5F60201884203D1FFE706207A
:1016D000029026E00F9841F60041C5F602018842CB
:1016E00003D1FFE70720019018E00F9842F20001B4
:1016F000C5F60201884203D1FFE7082000900AE006
:101700000F9942F20042C5F602020A20914208BF38
:1017100009200090FFE700980190FFE701980290F0
:10172000FFE702980390FFE703980490FFE704980F
:101730000590FFE705980690FFE706980790FFE7FA
:1017400007980890FFE708980D9901F003018900B8
:1017500000FA01F10B9808430B900B980D9921F0BA
:10176000030140F20842C5F6000288500A9800685A
:101770000B900C990B9888430B900E988079C007BA
:1017800028B1FFE70C990B9808430B90FFE70B98E3
:101790000A9908600A9840680B900C990B98884346
:1017A0000B900E9880798007002805D5FFE70C99EB
:1017B0000B9808430B90FFE70B980A9948604FF08D
:1017C000B04000680B900C990B9888430B900E98D2
:1017D0008079C006002805D5FFE70C990B980843CF
:1017E0000B90FFE70B984FF0B04108600420C5F65E
:1017F000000000680B900C990B9888430B900E9892
:1018000080798006002805D5FFE70C990B980843DE
:101810000B90FFE70B980421C5F600010860FFE775
:10182000FFE70D9801300D9028E610B070470000DA
:1018300082B00190ADF802108DF801209DF80100F2
:1018400028B1FFE7BDF802000199886105E0BDF805
:101850000200000401998861FFE702B070470000B0
:1018600041F20000C5F600400068000C704700001F
:1018700080B582B040F20C00C2F20040006820B98E
:10188000FFE70CF0EDFB019024E040F20400C2F20F
:1018900000400068800B0090FFE7009888B1FFE7E8
:1018A00000BF00BF00BF00BF00BF00BF00BF00BF40
:1018B00000BF00BF00BF00BFFFE7009801380090E5
:1018C000EBE744F2F871C2F20041086801300860A9
:1018D0000190FFE7019802B080BD00000000000009
:1018E00080B582B0032000F0E7F801F0FDFD44F27E
:1018F0001842C5F602021168C1F303234EF2BA3151
:10190000C0F60101CB5C03F01F03D84000900098A3
:10191000126802F00F02895C01F01F01C84040F21A
:101920000801C2F200410860009840F20401C2F2CE
:10193000004108600F2000F013F820B1FFE70120FC
:101940008DF8070005E000F08FF800208DF8070003
:10195000FFE79DF8070002B080BD00000000000016
:1019600081B00090002001B070470000000000002E
:1019700080B582B00190019840784EF69851CEF231
:10198000000108600198007898B3FFE7019840686B
:101990004EF69C51CEF200010860DDF804C0CDF88F
:1019A00000C09CF80C0000079CF80B1040EA016096
:1019B0009CF800109CF808209CF809309CF80AE07C
:1019C00040EACE409CF80DE040EA8E409CF80EE0E4
:1019D00040EA4E409CF80FC040EA0C4040EA032029
:1019E00040EA420008434EF6A051CEF200010860E2
:1019F0000BE04EF69C51CEF20001002008604EF63E
:101A0000A051CEF200010860FFE702B080BD0000E7
:101A1000BFF35F8F4EF62451CEF20001086820F428
:101A2000803008604EF69451CEF20001002008602C
:101A3000704700000000000081B00090009840F066
:101A400001004EF69451CEF2000108604EF624518A
:101A5000CEF20001086840F480300860BFF34F8F79
:101A6000BFF36F8F01B070477047000000000000A7
:101A700080B582B0ADF80600BDF9060005F0E0FDC6
:101A800002B080BD0000000080B586B0ADF8160041
:101A90000491039205F0ECFD0290BDF9160001904F
:101AA00002980499039A03F0E3FC0146019805F0BB
:101AB000E7FD06B080BD000080B582B001900198BE
:101AC00005F002FE02B080BD80B501F0B9FC44F221
:101AD0002041C5F602010968C1F302124EF2BA3183
:101AE000C0F60101895C01F01F01C84080BD000003
:101AF00088B0079044F22840C5F60200016801F062
:101B0000030106910068C0F30530059044F22C40B3
:101B1000C5F602000068C0F300100490049844F277
:101B20003C41C5F60201096889B2C908484300EE84
:101B3000100AB8EE400A8DED020A0598002800F060
:101B40001B81FFE70698009048B1FFE70098012845
:101B500069D0FFE70098022800F08980ABE044F2EA
:101B60000040C5F60200006800F020010020B0EB44
:101B7000511F33D0FFE744F20040C5F60200006871
:101B8000C0F3C10149F20000C0F2D030C840039058
:101B90009DED030AB8EE400A9DED051AB8EE411A14
:101BA00080EE010A44F23840C5F6020000686FF387
:101BB0005F2001EE100AB8EE411A9DED022A9FED5A
:101BC000743A82EE032A31EE021AB7EE002A31EEA1
:101BD000021A20EE010A8DED010A23E09DED050AAF
:101BE000B8EE401A9FED6C0A80EE010A44F23840CC
:101BF000C5F6020000686FF35F2001EE100AB8EE30
:101C0000411A9DED022A9FED623A82EE032A31EEDF
:101C1000021AB7EE002A31EE021A20EE010A8DED0B
:101C2000010AFFE76BE09DED050AB8EE401A9FED53
:101C3000590A80EE010A44F23840C5F602000068F5
:101C40006FF35F2001EE100AB8EE411A9DED022AF3
:101C50009FED4F3A82EE032A31EE021AB7EE002AC8
:101C600031EE021A20EE010A8DED010A47E09DEDEA
:101C7000050AB8EE401A9FED450A80EE010A44F2CB
:101C80003840C5F6020000686FF35F2001EE100ACD
:101C9000B8EE411A9DED022A9FED3D3A82EE032AED
:101CA00031EE021AB7EE002A31EE021A20EE010AD6
:101CB0008DED010A23E09DED050AB8EE401A9FED77
:101CC000350A80EE010A44F23840C5F60200006889
:101CD0006FF35F2001EE100AB8EE411A9DED022A63
:101CE0009FED2B3A82EE032A31EE021AB7EE002A5C
:101CF00031EE021A20EE010A8DED010AFFE79DED9B
:101D0000010A44F23840C5F60200016889B2490A66
:101D100001EE101AB8EE411AB7EE002A31EE021A9F
:101D200080EE010A0799BCEEC00A81ED000A9DED24
:101D3000010A0168C1F3064101EE101AB8EE411A1A
:101D400031EE021A80EE010A0799BCEEC00A81ED5D
:101D5000010A9DED010A0068C0F3066001EE100A59
:101D6000B8EE411A31EE021A80EE010A0798BCEE75
:101D7000C00A80ED020A07E0079900200860079971
:101D8000486007998860FFE708B0704720BCBE4BE9
:101D9000000000460024744A0024744C0000000037
:101DA00088B0079044F22840C5F60200016801F0AF
:101DB000030106910068C0F30550059044F22C40E1
:101DC000C5F602000068C0F300200490049844F2B5
:101DD0004441C5F60201096889B2C908484300EECA
:101DE000100AB8EE400A8DED020A0598002800F0AE
:101DF0001B81FFE70698009048B1FFE70098012893
:101E000069D0FFE70098022800F08980ABE044F237
:101E10000040C5F60200006800F020010020B0EB91
:101E2000511F33D0FFE744F20040C5F602000068BE
:101E3000C0F3C10149F20000C0F2D030C8400390A5
:101E40009DED030AB8EE400A9DED051AB8EE411A61
:101E500080EE010A44F24040C5F6020000686FF3CC
:101E60005F2001EE100AB8EE411A9DED022A9FEDA7
:101E7000743A82EE032A31EE021AB7EE002A31EEEE
:101E8000021A20EE010A8DED010A23E09DED050AFC
:101E9000B8EE401A9FED6C0A80EE010A44F2404011
:101EA000C5F6020000686FF35F2001EE100AB8EE7D
:101EB000411A9DED022A9FED623A82EE032A31EE2D
:101EC000021AB7EE002A31EE021A20EE010A8DED59
:101ED000010AFFE76BE09DED050AB8EE401A9FEDA1
:101EE000590A80EE010A44F24040C5F6020000683B
:101EF0006FF35F2001EE100AB8EE411A9DED022A41
:101F00009FED4F3A82EE032A31EE021AB7EE002A15
:101F100031EE021A20EE010A8DED010A47E09DED37
:101F2000050AB8EE401A9FED450A80EE010A44F218
:101F30004040C5F6020000686FF35F2001EE100A12
:101F4000B8EE411A9DED022A9FED3D3A82EE032A3A
:101F500031EE021AB7EE002A31EE021A20EE010A23
:101F60008DED010A23E09DED050AB8EE401A9FEDC4
:101F7000350A80EE010A44F24040C5F602000068CE
:101F80006FF35F2001EE100AB8EE411A9DED022AB0
:101F90009FED2B3A82EE032A31EE021AB7EE002AA9
:101FA00031EE021A20EE010A8DED010AFFE79DEDE8
:101FB000010A44F24040C5F60200016889B2490AAC
:101FC00001EE101AB8EE411AB7EE002A31EE021AED
:101FD00080EE010A0799BCEEC00A81ED000A9DED72
:101FE000010A0168C1F3064101EE101AB8EE411A68
:101FF00031EE021A80EE010A0799BCEEC00A81EDAB
:10200000010A9DED010A0068C0F3066001EE100AA6
:10201000B8EE411A31EE021A80EE010A0798BCEEC2
:10202000C00A80ED020A07E00799002008600799BE
:10203000486007998860FFE708B0704720BCBE4B36
:10204000000000460024744A0024744C0000000084
:1020500080B59AB0189000208DF857008DF8560082
:102060001898C0780007002848D5FFE71898406EF8
:10207000149078B1FFE71498B0F5801F13D0FFE7F4
:102080001498B0F5001F16D0FFE71498B0F5401F64
:1020900019D019E044F22C41C5F60201086840F459
:1020A0000030086014E018980430022103F018FA98
:1020B0008DF857000CE018982430022103F0F8FA4C
:1020C0008DF8570004E003E001208DF85700FFE78A
:1020D0009DF8570060B9FFE744F25041C5F6020190
:1020E000086820F44010189A526E1043086004E00B
:1020F0009DF857008DF85600FFE7FFE718984078E5
:10210000C007002840D0FFE71898406D13900428BE
:1021100020D81399DFE801F0030C141C1D0044F2D1
:102120002C41C5F60201086840F40030086015E053
:1021300018980430002103F0D3F98DF857000DE012
:1021400018982430002103F0B3FA8DF8570005E009
:1021500004E003E001208DF85700FFE79DF85700E9
:1021600060B9FFE744F25041C5F60201086820F06B
:102170000700189A526D1043086004E09DF857005C
:102180008DF85600FFE7FFE7189840788007002891
:102190004BD5FFE71898806D129088B1FFE7129831
:1021A000402816D0FFE7129880281AD0FFE712982F
:1021B000C0281ED0FFE71298B0F5807F1AD01AE031
:1021C00044F22C41C5F60201086840F40030086072
:1021D00015E018980430002103F082F98DF85700BB
:1021E0000DE018982430002103F062FA8DF85700B2
:1021F00005E004E003E001208DF85700FFE79DF8BB
:10220000570060B9FFE744F25041C5F60201086883
:1022100020F4E070189A926D1043086004E09DF875
:1022200057008DF85600FFE7FFE718984078400701
:10223000002850D5FFE71898D0F8A4001190A0B15D
:10224000FFE71198B0F5001F18D0FFE71198B0F51F
:10225000800F1BD0FFE71198B0F5C00F1ED0FFE72D
:102260001198B0F5000F1AD01AE044F22C41C5F6CF
:102270000201086840F40030086015E01898043046
:10228000002103F02DF98DF857000DE01898243047
:10229000002103F00DFA8DF8570005E004E003E09B
:1022A00001208DF85700FFE79DF8570068B9FFE758
:1022B00044F25841C5F60201086820F46000189AFB
:1022C000D2F8A4201043086004E09DF857008DF870
:1022D0005600FFE7FFE7189840780007002850D520
:1022E000FFE71898D0F8A8001090A0B1FFE7109869
:1022F000B0F1807F18D0FFE71098B0F1007F1BD0BD
:10230000FFE71098B0F1407F1ED0FFE71098B0F1C2
:10231000806F1AD01AE044F22C41C5F60201086819
:1023200040F40030086015E018980430002103F0F4
:10233000D7F88DF857000DE018982430002103F0ED
:10234000B7F98DF8570005E004E003E001208DF8AF
:102350005700FFE79DF8570068B9FFE744F258417E
:10236000C5F60201086820F0E060189AD2F8A820AB
:102370001043086004E09DF857008DF85600FFE711
:10238000FFE71898C078800700283ED5FFE7189827
:10239000806C0F90F0B1FFE70F98102808D0FFE78E
:1023A0000F9820280DD0FFE70F98302811D012E0A9
:1023B00044F22C41C5F60201086840F40030086080
:1023C0000DE018980430022103F08AF88DF85700C8
:1023D00005E004E003E001208DF85700FFE79DF8D9
:1023E000570060B9FFE744F24C41C5F602010868A6
:1023F00020F03000189A926C1043086004E09DF8B9
:1024000057008DF85600FFE7FFE718984078C006A0
:1024100000284ED5FFE71898C06D0E90A0B1FFE7D9
:102420000E98B0F5805F18D0FFE70E98B0F5005F0A
:102430001BD0FFE70E98B0F5405F1ED0FFE70E9867
:10244000B0F5804F1AD01AE044F22C41C5F60201D3
:10245000086840F40030086015E018980430002146
:1024600003F03EF88DF857000DE018982430002155
:1024700003F01EF98DF8570005E004E003E00120A9
:102480008DF85700FFE79DF8570060B9FFE744F269
:102490005041C5F60201086820F4E040189AD26D58
:1024A0001043086004E09DF857008DF85600FFE7E0
:1024B000FFE718984078800600284CD5FFE7189869
:1024C000006E0D90C8B1FFE70D98B0F5803F15D0B4
:1024D000FFE70D98B0F5003F18D0FFE70D98B0F575
:1024E000403F1BD0FFE70D98B0F5802F17D0FFE7D6
:1024F0000D98B0F5A02F13D013E016E01898043013
:10250000012102F0EDFF8DF857000EE018982430FD
:10251000012103F0CDF88DF8570006E005E004E056
:1025200003E001208DF85700FFE79DF8570060B9E0
:10253000FFE744F25041C5F60201086820F4E020AC
:10254000189A126E1043086004E09DF857008DF849
:102550005600FFE7FFE718984078400600284ED560
:10256000FFE71898D0F8AC000C90C8B1FFE70C98C2
:10257000B0F1805F15D0FFE70C98B0F1005F18D084
:10258000FFE70C98B0F1405F1BD0FFE70C98B0F16B
:10259000804F17D0FFE70C98B0F1A04F13D013E095
:1025A00016E018980430012102F09AFF8DF85700C8
:1025B0000EE018982430012103F07AF88DF85700C6
:1025C00006E005E004E003E001208DF85700FFE796
:1025D0009DF8570068B9FFE744F25841C5F602017B
:1025E000086820F0E040189AD2F8AC201043086048
:1025F00004E09DF857008DF85600FFE7FFE71898B4
:102600004078000600283BD5FFE71898C06E0B9075
:10261000D8B1FFE70B98B0F1805F05D0FFE70B98CA
:10262000B0F1005F09D011E044F22C41C5F602017F
:10263000086840F4003008600CE01898043001216C
:1026400002F04EFF8DF8570004E003E001208DF802
:102650005700FFE79DF8570060B9FFE744F250418B
:10266000C5F60201086820F04050189AD26E104357
:10267000086004E09DF857008DF85600FFE7FFE77B
:102680001898C078C007002837D0FFE71898406C2A
:102690000A90032817D80A99DFE801F014020B13F7
:1026A00044F22C41C5F60201086840F4003008608D
:1026B0000DE018980430022102F012FF8DF8570047
:1026C00005E004E003E001208DF85700FFE79DF8E6
:1026D000570060B9FFE744F24C41C5F602010868B3
:1026E00020F00300189A526C1043086004E09DF833
:1026F00057008DF85600FFE7FFE7189880784006EE
:10270000002840F1B480FFE744F60001C5F602015D
:10271000086840F480700860FFF7AAF81690FFE799
:1027200044F60000C5F602000068C00500280CD47D
:10273000FFE7FFF79DF81699401A652804D3FFE7D5
:1027400003208DF8570000E0EAE79DF857000028C5
:1027500040F08780FFE744F27040C5F60200006851
:1027600000F440701899D1F8B01001F4407188421B
:1027700013D0FFE744F27041C5F60201086820F467
:1027800040701790086840F480300860086820F4B2
:102790008030086017980860FFE71898D0F8B000FC
:1027A000B0F5807F1FD1FFE7FFF762F81690FFE7D3
:1027B00044F27040C5F60200006800F002010020FB
:1027C000B0EB510F0ED1FFE7FFF752F81699401A00
:1027D00041F28931884204D3FFE703208DF8570086
:1027E00000E0E5E7FFE79DF85700A0BBFFE7FFE744
:1027F0001898D0F8B00000F44070B0F5407F13D1C5
:10280000FFE744F21041C5F60201086820F47C504D
:10281000189AD2F8B0204FF6F043C0F6FF731A4072
:1028200040EA1210086008E044F21041C5F60201C7
:10283000086820F47C500860FFE71898D0F8B020B2
:102840006FF31F3244F27041C5F60201086810436D
:102850000860FFE704E09DF857008DF85600FFE799
:1028600004E09DF857008DF85600FFE7FFE7189841
:102870000078C007002800F04C80FFE71898806FB0
:10288000099028282BD80999DFE801F01529292972
:102890002929292916292929292929291E292929C6
:1028A000292929292629292929292929272929299D
:1028B00029292929280016E018980430012102F05E
:1028C0000FFE8DF857000EE018982430012102F019
:1028D000EFFE8DF8570006E005E004E003E001207C
:1028E0008DF85700FFE79DF8570060B9FFE744F205
:1028F0005441C5F60201086820F03800189A926F1A
:102900001043086004E09DF857008DF85600FFE77B
:10291000FFE7189800788007002839D5FFE7189856
:10292000406F0890052819D80899DFE801F00304E2
:102930000C14151616E018980430012102F0D0FD91
:102940008DF857000EE018982430012102F0B0FEF7
:102950008DF8570006E005E004E003E001208DF863
:102960005700FFE79DF8570060B9FFE744F2544174
:10297000C5F60201086820F00700189A526F10434C
:10298000086004E09DF857008DF85600FFE7FFE768
:1029900018980078400700283BD5FFE71898D0F832
:1029A00090000790052819D80799DFE801F0030483
:1029B0000C14151616E018980430012102F090FD51
:1029C0008DF857000EE018982430012102F070FEB7
:1029D0008DF8570006E005E004E003E001208DF8E3
:1029E0005700FFE79DF8570068B9FFE744F25841E8
:1029F000C5F60201086820F00700189AD2F8902066
:102A00001043086004E09DF857008DF85600FFE77A
:102A1000FFE718980078800600284ED5FFE7189841
:102A2000D0F88C000690C8B1FFE70698B0F1805F3F
:102A300015D0FFE70698B0F1005F18D0FFE70698C1
:102A4000B0F1405F1BD0FFE70698B0F1804F17D080
:102A5000FFE70698B0F1A04F13D013E016E01898E6
:102A60000430002102F03CFD8DF857000EE018986C
:102A70002430022102F01CFE8DF8570006E005E02C
:102A800004E003E001208DF85700FFE79DF85700B0
:102A900068B9FFE744F25441C5F60201086820F026
:102AA000E040189AD2F88C201043086004E09DF8AA
:102AB00057008DF85600FFE7FFE7189800784006AA
:102AC00000284ED5FFE71898D0F898000590C8B1B7
:102AD000FFE70598B0F5806F15D0FFE70598B0F5D2
:102AE000006F18D0FFE70598B0F5406F1BD0FFE7E7
:102AF0000598B0F5805F17D0FFE70598B0F5A05FA7
:102B000013D013E016E018980430002102F0E8FC1E
:102B10008DF857000EE018982430022102F0C8FD0D
:102B20008DF8570006E005E004E003E001208DF891
:102B30005700FFE79DF8570068B9FFE744F2584196
:102B4000C5F60201086820F4E050189AD2F89820DF
:102B50001043086004E09DF857008DF85600FFE729
:102B6000FFE718980078000600284ED5FFE7189870
:102B7000D0F89C000490C8B1FFE70498B0F5005F5E
:102B800015D0FFE70498B0F5804F18D0FFE7049800
:102B9000B0F5C04F1BD0FFE70498B0F5004F17D039
:102BA000FFE70498B0F5204F13D013E016E0189813
:102BB0000430002102F094FC8DF857000EE01898C4
:102BC0002430022102F074FD8DF8570006E005E084
:102BD00004E003E001208DF85700FFE79DF857005F
:102BE00068B9FFE744F25841C5F60201086820F4CD
:102BF0006040189AD2F89C201043086004E09DF8C9
:102C000057008DF85600FFE7FFE718980078000797
:102C1000002820D5FFE71898D0F88000B0F5805F35
:102C20000CD1FFE718982430022102F041FD20B1B9
:102C3000FFE701208DF85600FFE7FFE744F254411B
:102C4000C5F60201086820F44050189AD2F8802096
:102C500010430860FFE718980078C006002820D5C8
:102C6000FFE71898D0F89400B0F5807F0CD1FFE70B
:102C700018982430022102F01BFD20B1FFE701204B
:102C80008DF85600FFE7FFE744F25841C5F6020110
:102C9000086820F44070189AD2F894201043086015
:102CA000FFE718988078000700283CD5FFE71898C0
:102CB000D0F8A000039050B1FFE70398B0F5803F33
:102CC0000DD0FFE70398B0F5003F10D010E0189842
:102CD0000430002102F004FC8DF857000CE0189835
:102CE0002430022102F0E4FC8DF8570004E003E0F8
:102CF00001208DF85700FFE79DF8570068B9FFE7FE
:102D000044F25841C5F60201086820F44030189A90
:102D1000D2F8A0201043086004E09DF857008DF819
:102D20005600FFE7FFE718988078400700283FD556
:102D3000FFE71898D0F884000290B0F5801F0AD001
:102D4000FFE70298B0F5001F0ED0FFE70298B0F53C
:102D5000401F11D011E044F22C41C5F60201086871
:102D600040F4003008600CE018982430012102F093
:102D70009FFC8DF8570004E003E001208DF8570018
:102D8000FFE79DF8570068B9FFE744F25441C5F6E4
:102D90000201086820F44010189AD2F884201043E9
:102DA000086004E09DF857008DF85600FFE7FFE744
:102DB00018988078C007A8B3FFE71898C06C0190F6
:102DC00028B1FFE70198B0F5803F09D010E044F248
:102DD0002C41C5F60201086840F4003008600BE0A1
:102DE00018980430022102F07BFB8DF8570003E0B5
:102DF00001208DF85700FFE79DF8570060B9FFE705
:102E000044F24C41C5F60201086820F48030189A5B
:102E1000D26C1043086004E09DF857008DF856000E
:102E2000FFE7FFE71898C078800600280CD5FFE779
:102E300018982430022102F03BFC20B1FFE701206A
:102E40008DF85600FFE7FFE7189880788007002884
:102E50003AD5FFE71898C06F0090D0B1FFE700980F
:102E6000B0F5807F0AD0FFE70098B0F5007F0ED064
:102E7000FFE70098B0F5407F0AD00BE044F22C4108
:102E8000C5F60201086840F40030086006E005E07D
:102E900004E003E001208DF85700FFE79DF857009C
:102EA00060B9FFE744F25441C5F60201086820F416
:102EB0004070189AD26F1043086004E09DF85700E4
:102EC0008DF85600FFE7FFE718988078C0060028C5
:102ED0000CD5FFE744F25041C5F60201086820F026
:102EE0000040189A126F10430860FFE71898C078E6
:102EF000C00600280DD5FFE744F21041C5F60201D7
:102F0000086820F48040189AD2F8B4201043086072
:102F1000FFE718988078800600280CD5FFE744F278
:102F20005041C5F60201086820F08070189A926E30
:102F300010430860FFE71898C0784006002811D5B4
:102F4000FFE7FFE744F21041C5F60201086820F4EC
:102F5000004008601898D0F8B8200868104308604E
:102F6000FFE7FFE71898C078000600280CD5FFE7B8
:102F700044F24C41C5F60201086820F04050189A0E
:102F8000126D10430860FFE79DF8560020B9FFE777
:102F900000208DF8670003E001208DF86700FFE74F
:102FA0009DF867001AB080BD80B586B0049003918B
:102FB000049820B9FFE701208DF817003CE2039840
:102FC00042F20001C5F20021096801F00F018842B8
:102FD00016D9FFE742F20000C5F20020016821F097
:102FE0000F01039A11430160006800F00F0003997C
:102FF000884204D0FFE701208DF817001CE2FFE7AC
:10300000049800784007002819D5FFE70498006964
:1030100044F21841C5F60201096801F070018842C6
:103020000CD9FFE744F21841C5F60201086820F008
:103030007000049A126910430860FFE7FFE70498E4
:1030400000780007002819D5FFE70498406944F28A
:103050001C41C5F60201096801F0700188420CD9D3
:10306000FFE744F21C41C5F60201086820F0700039
:10307000049A526910430860FFE7FFE7049800785C
:10308000C006002819D5FFE70498806944F21C4166
:10309000C5F60201096801F4E06188420CD9FFE736
:1030A00044F21C41C5F60201086820F4E060049A6D
:1030B000926910430860FFE7FFE7049800788006F4
:1030C000002819D5FFE70498C06944F22041C5F6ED
:1030D0000201096801F0700188420CD9FFE744F24F
:1030E0002041C5F60201086820F07000049AD269F8
:1030F00010430860FFE7FFE7049800788007002886
:1031000019D5FFE70498C06844F21841C5F60201DA
:10311000096801F00F0188420CD9FFE744F2184119
:10312000C5F60201086820F00F00049AD268104327
:103130000860FFE7FFE704980078C007002800F068
:103140008C80FFE744F21841C5F60201086820F4BC
:103150007060049A926810430860049840680228DE
:1031600011D1FFE744F20040C5F60200006800F408
:1031700000310020B0EB514F04D1FFE701208DF862
:10318000170059E13EE004984068032811D1FFE799
:1031900044F20040C5F60200006800F00071002013
:1031A000B0EB516F04D1FFE701208DF8170043E128
:1031B00027E004984068012811D1FFE744F200405D
:1031C000C5F60200006800F480710020B0EB112FFA
:1031D00004D1FFE701208DF817002DE110E044F243
:1031E0000040C5F60200006800F004010020B0EBCA
:1031F000910F04D1FFE701208DF817001CE1FFE7D4
:10320000FFE7FFE744F21041C5F60201086820F02D
:103210000700049A526810430860FEF729FB0190EA
:10322000FFE744F21040C5F60200006800F03800E5
:1032300004994968B0EBC10F0ED0FFE7FEF718FB09
:103240000199401A41F28931884204D3FFE70320F3
:103250008DF81700F0E0E4E7FFE7049800788007B6
:10326000002819D5FFE70498C06844F21841C5F654
:103270000201096801F00F0188420CD2FFE744F215
:103280001841C5F60201086820F00F00049AD268C0
:1032900010430860FFE7FFE7039842F20001C5F220
:1032A0000021096801F00F01884216D2FFE742F2BF
:1032B0000000C5F20020016821F00F01039A1143BC
:1032C0000160006800F00F000399884204D0FFE716
:1032D00001208DF81700AFE0FFE704980078400761
:1032E000002819D5FFE70498006944F21841C5F693
:1032F0000201096801F0700188420CD2FFE744F234
:103300001841C5F60201086820F07000049A12699D
:1033100010430860FFE7FFE70498007800070028E3
:1033200019D5FFE70498406944F21C41C5F6020133
:10333000096801F0700188420CD2FFE744F21C4199
:10334000C5F60201086820F07000049A5269104323
:103350000860FFE7FFE704980078C006002819D549
:10336000FFE70498806944F21C41C5F60201096830
:1033700001F4E06188420CD2FFE744F21C41C5F63B
:103380000201086820F4E060049A92691043086022
:10339000FFE7FFE7049800788006002819D5FFE7CB
:1033A0000498C06944F22041C5F60201096801F0A1
:1033B000700188420CD2FFE744F22041C5F60201B9
:1033C000086820F07000049AD26910430860FFE793
:1033D000FFE700F089F844F21842C5F602021168CE
:1033E000C1F303234EF2BA31C0F60101CB5C03F006
:1033F0001F03D84000900098126802F00F02895C09
:1034000001F01F01C84040F20801C2F2004108600B
:10341000009840F20401C2F20041086040F210003E
:10342000C2F200400068FEF79BFA8DF80B009DF891
:103430000B008DF81700FFE79DF8170006B080BD60
:1034400080B582B000F050F844F21842C5F602028E
:103450001168C1F303234EF2BA31C0F60101CB5C0F
:1034600003F01F03D84001900198126802F00F0288
:10347000895C01F01F0120FA01F140F20800C2F25C
:1034800000400160019940F20402C2F20042116062
:10349000006802B080BD000080B5FFF7D1FF44F2A4
:1034A0001C41C5F602010968C1F302124EF2BA319D
:1034B000C0F60101895C01F01F01C84080BD000019
:1034C00080B5FFF7BDFF44F21C41C5F60201096853
:1034D000C1F302224EF2BA31C0F60101895C01F05B
:1034E0001F01C84080BD00008AB044F21040C5F6FC
:1034F0000200006800F0380001460191182800F22F
:1035000069810199DFE811F0190066016601660121
:1035100066016601660166013A00660166016601A0
:10352000660166016601660140006601660166018A
:103530006601660166016601460044F20040C5F678
:103540000200006800F020010020B0EB511F0ED0F7
:10355000FFE744F20040C5F602000068C0F3C10175
:1035600049F20000C0F2D030C840029005E049F2B4
:103570000000C0F2D0300290FFE731E140F60010C9
:10358000C0F23D0002902BE147F64000C0F27D10F2
:10359000029025E144F22840C5F60200016801F0DE
:1035A000030108910068C0F30510079044F22C4015
:1035B000C5F60200006800F001000690069844F28B
:1035C0003441C5F60201096889B2C908484300EED2
:1035D000100AB8EE400A8DED040A0798002800F0A2
:1035E000F580FFE70898009048B1FFE700980128B0
:1035F00069D0FFE70098022800F08980ABE044F230
:103600000040C5F60200006800F020010020B0EB89
:10361000511F33D0FFE744F20040C5F602000068B6
:10362000C0F3C10149F20000C0F2D030C84005909B
:103630009DED050AB8EE400A9DED071AB8EE411A55
:1036400080EE010A44F23040C5F6020000686FF3D4
:103650005F2001EE100AB8EE411A9DED042A9FED9D
:10366000633A82EE032A31EE021AB7EE002A31EEF7
:10367000021A20EE010A8DED030A23E09DED070AF0
:10368000B8EE401A9FED5B0A80EE010A44F230402A
:10369000C5F6020000686FF35F2001EE100AB8EE75
:1036A000411A9DED042A9FED513A82EE032A31EE34
:1036B000021AB7EE002A31EE021A20EE010A8DED51
:1036C000030AFFE76BE09DED070AB8EE401A9FED95
:1036D000480A80EE010A44F23040C5F60200006854
:1036E0006FF35F2001EE100AB8EE411A9DED042A37
:1036F0009FED3E3A82EE032A31EE021AB7EE002A1F
:1037000031EE021A20EE010A8DED030A47E09DED2D
:10371000070AB8EE401A9FED340A80EE010A44F21F
:103720003040C5F6020000686FF35F2001EE100A1A
:10373000B8EE411A9DED042A9FED2C3A82EE032A41
:1037400031EE021AB7EE002A31EE021A20EE010A1B
:103750008DED030A23E09DED070AB8EE401A9FEDB8
:10376000240A80EE010A44F23040C5F602000068E7
:103770006FF35F2001EE100AB8EE411A9DED042AA6
:103780009FED1A3A82EE032A31EE021AB7EE002AB2
:1037900031EE021A20EE010A8DED030AFFE744F232
:1037A0003040C5F60200006881B2012000EB5120D4
:1037B00009909DED030A9DED091AB8EE411A80EEBD
:1037C000010ABCEEC00A8DED020A02E00020029060
:1037D000FFE705E040F60010C0F23D000290FFE771
:1037E00002980AB0704700BF20BCBE4B00000046E4
:1037F0000024744A0024744C80B58CB00A900A9856
:1038000028B9FFE701208DF82F0000F040BD0A988D
:103810000078C007002800F0BD80FFE744F21040A8
:10382000C5F60200006800F03800069044F2284017
:10383000C5F6020000680590069810280AD0FFE738
:10384000069818281CD1FFE7059800F0030002280D
:1038500016D1FFE744F20040C5F60200006800F40C
:1038600000310020B0EB514F09D0FFE70A984068C3
:1038700028B9FFE701208DF82F0000F008BD88E08F
:10388000FFE70A984068B0F5803F09D1FFE744F2AE
:103890000041C5F60201086840F48030086032E05B
:1038A0000A98406868B9FFE744F20041C5F6020192
:1038B000086820F480300860086820F480200860E0
:1038C00020E00A984068B0F5A02F0DD1FFE744F240
:1038D0000041C5F60201086840F4802008600868CD
:1038E00040F4803008600CE044F20041C5F602016B
:1038F000086820F480300860086820F480200860A0
:10390000FFE7FFE7FFE7FFE70A98406800B3FFE73C
:10391000FDF7AEFF0990FFE744F20040C5F6020054
:10392000006800F400310020B0EB514F0FD1FFE7E9
:10393000FDF79EFF0999401A41F28931884205D36B
:10394000FFE703208DF82F0000F0A1BCE4E71FE0A3
:10395000FDF78EFF0990FFE744F20040C5F6020034
:10396000006800F400310020B0EB514F0FD0FFE7AA
:10397000FDF77EFF0999401A41F28931884205D34B
:10398000FFE703208DF82F0000F081BCE4E7FFE79C
:10399000FFE7FFE70A9800788007002840F1ED80F4
:1039A000FFE744F21040C5F60200006800F038005E
:1039B000049044F22840C5F6020000680390049881
:1039C00050B1FFE70498182850D1FFE79DF80C008C
:1039D000800700284AD1FFE744F20040C5F6020004
:1039E000006800F004010020B0EB910F09D0FFE760
:1039F0000A98C06828B9FFE701208DF82F0000F071
:103A000046BCFFE7FDF72CFF41F2030188421DD8B9
:103A1000FFE70A98006940280AD1FFE744F2044111
:103A2000C5F602010868202262F3113008600CE03C
:103A300044F20441C5F60201086820F47C300A9A79
:103A4000126940EA02300860FFE70CE044F20441EA
:103A5000C5F60201086820F0FE400A9A126940EAA1
:103A600002600860FFE7FFE7FFE785E00A98C068AB
:103A700000285BD0FFE744F20041C5F60201086868
:103A800020F019000A9AD26810430860FDF7F0FE92
:103A90000990FFE744F20040C5F60200006800F01C
:103AA00004010020B0EB910F0CD1FFE7FDF7E0FE21
:103AB0000999401A032804D3FFE703208DF82F004B
:103AC000E5E3E7E7FFE7FDF7CBFE41F203018842BC
:103AD0001DD8FFE70A98006940280AD1FFE744F2A1
:103AE0000441C5F602010868202262F31130086023
:103AF0000CE044F20441C5F60201086820F47C3071
:103B00000A9A126940EA02300860FFE70CE044F2CA
:103B10000441C5F60201086820F0FE400A9A1269C5
:103B200040EA02600860FFE7FFE724E044F200415A
:103B3000C5F60201086820F001000860FDF798FE54
:103B40000990FFE744F20040C5F60200006800F06B
:103B500004010020B0EB910F0CD0FFE7FDF788FEC9
:103B60000999401A032804D3FFE703208DF82F009A
:103B70008DE3E7E7FFE7FFE7FFE70A980078C00675
:103B8000002840F1EB80FFE744F21040C5F6020048
:103B9000006800F03800029044F22840C5F60200A8
:103BA00000680190029808280AD0FFE702981828B8
:103BB00050D1FFE7019800F0030001284AD1FFE748
:103BC00044F20040C5F60200006800F48071002055
:103BD000B0EB112F09D0FFE70A98C069802804D004
:103BE000FFE701208DF82F0051E3FFE7FDF738FED6
:103BF00041F2030188421DD8FFE70A98006A202895
:103C00000AD1FFE744F20441C5F602010868102218
:103C100062F39E6008600CE044F20441C5F60201C4
:103C2000086820F0F8400A9A126A40EA8260086048
:103C3000FFE70CE044F20C41C5F60201086820F0F1
:103C40007C500A9A126A40EA02600860FFE7FFE7C8
:103C5000FFE782E00A98C069002858D0FFE744F2E5
:103C60000041C5F60201086840F080000860FDF7D9
:103C7000FFFD0990FFE744F20040C5F6020000682E
:103C800000F480710020B0EB112F0CD1FFE7FDF79D
:103C9000EFFD0999401A032804D3FFE703208DF8AC
:103CA0002F00F4E2E7E7FFE7FDF7DAFD41F2030159
:103CB00088421DD8FFE70A98006A20280AD1FFE74A
:103CC00044F20441C5F602010868102262F39E60C6
:103CD00008600CE044F20441C5F60201086820F0D7
:103CE000F8400A9A126A40EA82600860FFE70CE036
:103CF00044F20C41C5F60201086820F07C500A9A93
:103D0000126A40EA02600860FFE7FFE724E044F23D
:103D10000041C5F60201086820F080000860FDF748
:103D2000A7FD0990FFE744F20040C5F602000068D5
:103D300000F480710020B0EB112F0CD0FFE7FDF7ED
:103D400097FD0999401A032804D3FFE703208DF853
:103D50002F009CE2E7E7FFE7FFE7FFE70A9800781C
:103D6000000700284FD5FFE70A98406928B3FFE70E
:103D700044F27441C5F60201086840F00100086091
:103D8000FDF776FD0990FFE744F27440C5F60200A6
:103D9000006800F002010020B0EB510F0CD1FFE7EA
:103DA000FDF766FD0999401A032804D3FFE70320B5
:103DB0008DF82F006BE2E7E724E044F27441C5F68A
:103DC0000201086820F001000860FDF751FD09902C
:103DD000FFE744F27440C5F60200006800F00201FB
:103DE0000020B0EB510F0CD0FFE7FDF741FD099922
:103DF000401A032804D3FFE703208DF82F0046E282
:103E0000E7E7FFE7FFE70A980078800600284FD52C
:103E1000FFE70A98806928B3FFE744F20041C5F63E
:103E20000201086840F480500860FDF721FD099008
:103E3000FFE744F20040C5F60200006800F40051BC
:103E40000020B0EB513F0CD1FFE7FDF711FD0999C0
:103E5000401A032804D3FFE703208DF82F0016E251
:103E6000E7E724E044F20041C5F60201086820F4C7
:103E700080500860FDF7FCFC0990FFE744F2004029
:103E8000C5F60200006800F400510020B0EB513F7D
:103E90000CD0FFE7FDF7ECFC0999401A032804D386
:103EA000FFE703208DF82F00F1E1E7E7FFE7FFE7E9
:103EB0000A9800784007002840F1A780FFE744F601
:103EC0000001C5F60201086840F480700860FDF743
:103ED000CFFC0990FFE744F60000C5F60200006839
:103EE000C00500280CD4FFE7FDF7C2FC0999401A71
:103EF000652804D3FFE703208DF82F00C7E1EAE728
:103F0000FFE70A988068012809D1FFE744F2704171
:103F1000C5F60201086840F00100086031E00A9827
:103F2000806868B9FFE744F27041C5F6020108688D
:103F300020F001000860086820F0040008601FE01D
:103F40000A98806805280DD1FFE744F27041C5F654
:103F50000201086840F004000860086840F00100B1
:103F600008600CE044F27041C5F60201086820F0D8
:103F700001000860086820F004000860FFE7FFE720
:103F8000FFE7FFE70A988068F8B1FFE7FDF770FCEC
:103F90000990FFE744F27040C5F60200006800F0A7
:103FA00002010020B0EB510F0ED1FFE7FDF760FCDE
:103FB0000999401A41F28931884204D3FFE703206E
:103FC0008DF82F0063E1E5E71EE0FDF751FC099055
:103FD000FFE744F27040C5F60200006800F00201FD
:103FE0000020B0EB510F0ED0FFE7FDF741FC09991F
:103FF000401A41F28931884204D3FFE703208DF84B
:104000002F0044E1E5E7FFE7FFE70A98406A002850
:1040100000F03981FFE744F21040C5F60200006865
:1040200000F03800182800F0E080FFE70A98406AA6
:10403000022840F0B480FFE744F20041C5F60201D7
:10404000086820F080700860FDF712FC0990FFE717
:1040500044F20040C5F60200006800F00071002044
:10406000B0EB516F0CD0FFE7FDF702FC0999401A45
:10407000032804D3FFE703208DF82F0007E1E7E7CB
:10408000FFE744F22841C5F60201086840F2F33226
:1040900090430A9B9A6ADB6A42EA03121043086063
:1040A0000A99086BD1F834C08B6BCA6B01386FF377
:1040B0005F204FF60061CFF6FF7101EB4C2189B212
:1040C00008440021CFF6FF7101EB034101F4FE012A
:1040D00008444FF07F4101EB026101F0FE410844CA
:1040E00044F23041C5F602010860FFE744F22C417A
:1040F000C5F602010091086820F00100086044F252
:104100003442C5F6020210684FF6F87398430A9BD2
:104110009B6C40EAC3001060086820F00C000A9A0B
:10412000126C10430860086820F002000A9A526C72
:1041300010430860086840F480300860086840F464
:1041400000300860086840F480200860086840F08B
:104150000100086044F20041C5F60201086840F021
:1041600080700860FDF784FB0990FFE744F200408F
:10417000C5F60200006800F000710020B0EB516F3E
:104180000CD1FFE7FDF774FB0999401A032804D30B
:10419000FFE703208DF82F0079E0E7E724E044F201
:1041A0000041C5F60201086820F080700860FDF744
:1041B0005FFB0990FFE744F20040C5F6020000688B
:1041C00000F000710020B0EB516F0CD0FFE7FDF75D
:1041D0004FFB0999401A032804D3FFE703208DF809
:1041E0002F0054E0E7E7FFE74CE044F22840C5F633
:1041F00002000068089044F23040C5F602000068F2
:1042000007900A98406A012837D0FFE7089800F025
:1042100003000A99896A88422FD1FFE7089800F4C1
:104220007C710A98C06AB0EB111F26D1FFE707988E
:104230006FF35F200A99096B013988421DD1FFE7AE
:10424000BDF81C100A98406B0138B0EB512F14D107
:10425000FFE7079800F4FE010A98806B0138B0EB85
:10426000114F0AD1FFE7079800F0FE410A98C06B92
:104270000138B0EB116F04D0FFE701208DF82F005B
:1042800005E0FFE7FFE700208DF82F00FFE79DF82E
:104290002F000CB080BD00004EF21001CEF20001E4
:1042A000086840F00200086070470000000000004D
:1042B00080B584B0029001910092029820B9FFE786
:1042C00001208DF80F0037E0029890F8450040B9C2
:1042D000FFE70299002081F84400029800F030F8CE
:1042E000FFE7029951F8080BFCF7DAFF029A0199EF
:1042F00010689268FDF75CF8029B009958689A680C
:10430000DB6AFCF799FF02980168826851F8220085
:1043100040F0010041F8220044F20001C5F2002102
:10432000086840F0004008600299012081F84500CB
:1043300000208DF80F00FFE79DF80F0004B080BD4E
:1043400081B0009001B070474EF21001CEF2000132
:10435000086820F0020008607047000000000000BC
:1043600080B582B00090009820B9FFE701208DF859
:10437000070045E0009890F83D0040B9FFE700993C
:10438000002081F83C00009800F03EF8FFE700991B
:10439000022081F83D00009951F8040B01F050FD16
:1043A0000099012081F84800FFE70099012081F879
:1043B0003E00009981F83F00009981F84000009983
:1043C00081F84100009981F84200009981F843008A
:1043D000FFE7FFE70099012081F84400009981F888
:1043E0004500009981F84600009981F84700FFE7F1
:1043F0000099012081F83D0000208DF80700FFE7BB
:104400009DF8070002B080BD81B0009001B07047F8
:1044100083B00190019890F83D00012804D0FFE797
:1044200001208DF80B001FE00199022081F83D006A
:104430000198006880680721C0F2010108400090DF
:10444000009806280CD0FFE70098B0F5803F07D011
:10445000FFE701980168086840F001000860FFE785
:1044600000208DF80B00FFE79DF80B0003B07047AC
:1044700080B586B0049003910292FFE7049890F80B
:104480003C00012804D1FFE702208DF81700BCE0B2
:104490000499012081F83C00FFE7FFE702980190B2
:1044A000142800F2A7800199DFE801F00BA4A4A46E
:1044B00024A4A4A43EA4A4A457A4A4A471A4A4A422
:1044C0008A0004980068039901F0A6FD0498016829
:1044D000886940F00800886104980168886920F0C4
:1044E0000400886103980269049801688869104390
:1044F000886180E004980068039901F035FE049813
:104500000168886940F400608861049801688869DE
:1045100020F48060886103980269049801688869C2
:1045200040EA0220886166E004980068039901F07F
:10453000D3FE04980168C86940F00800C861049877
:104540000168C86920F00400C861039802690498F2
:104550000168C8691043C8614DE004980068039978
:1045600001F06EFF04980168C86940F40060C861FA
:1045700004980168C86920F48060C86103980269E2
:1045800004980168C86940EA0220C86133E00498D1
:104590000068039901F0C0FF04980168486D40F07D
:1045A0000800486504980168486D20F004004865DB
:1045B0000398026904980168486D104348651AE041
:1045C00004980068039902F00FF804980168486D98
:1045D00040F40060486504980168486D20F48060EC
:1045E00048650398026904980168486D40EA022012
:1045F000486500E0FFE7FFE70499002081F83C00F0
:10460000FFE700208DF81700FFE79DF8170006B0C0
:1046100080BD00000000000080B582B001900199CB
:10462000022081F83D00FFE701980068006A41F22E
:104630001111084210D1FFE701980068006A40F2AA
:104640004441084207D1FFE701980168086820F05B
:1046500001000860FFE7FFE7FFE7019800F08CF832
:104660000199002081F84800FFE70199002081F8B6
:104670003E00019981F83F00019981F840000199BD
:1046800081F84100019981F84200019981F84300C5
:10469000FFE7FFE70199002081F84400019981F8C4
:1046A0004500019981F84600019981F84700FFE72C
:1046B0000199002081F83D00FFE70199002081F871
:1046C0003C00FFE7002002B080BD000000000000B9
:1046D00080B582B00090009820B9FFE701208DF8E6
:1046E000070045E0009890F83D0040B9FFE70099C9
:1046F000002081F83C00009800F042F8FFE70099A4
:10470000022081F83D00009951F8040B01F098FB5C
:104710000099012081F84800FFE70099012081F805
:104720003E00009981F83F00009981F8400000990F
:1047300081F84100009981F84200009981F8430016
:10474000FFE7FFE70099012081F84400009981F814
:104750004500009981F84600009981F84700FFE77D
:104760000099012081F83D0000208DF80700FFE747
:104770009DF8070002B080BD81B0009001B0704785
:1047800081B0009001B0704780B590B00E900D914F
:104790000D9828B9FFE70E9890F83E000B9034E092
:1047A0000D98042805D1FFE70E9890F83F000A9075
:1047B00028E00D98082805D1FFE70E9890F84000F2
:1047C00009901CE00D980C2805D1FFE70E9890F891
:1047D0004100089010E00D98102805D1FFE70E98D1
:1047E00090F84200079004E00E9890F8430007907C
:1047F000FFE707980890FFE708980990FFE70998F6
:104800000A90FFE70A980B90FFE70B98012804D065
:10481000FFE701208DF83F00A5E00D9828B9FFE7DC
:104820000E99022081F83E0038E00D98042806D148
:10483000FFE70E99022081F83F0006902CE00D98CA
:10484000082806D1FFE70E99022081F84000059064
:104850001FE00D980C2806D1FFE70E99022081F881
:104860004100049012E00D98102806D1FFE70E9940
:10487000022081F84200039005E00E99022081F8A1
:1048800043000390FFE703980490FFE70498059026
:10489000FFE705980690FFE70698FFE70E98006887
:1048A0000D990122019201F09BFB01980E99096874
:1048B0000022C4F20102914202902DD0FFE70E982F
:1048C0000168012040F20042C4F2010291420290CC
:1048D00022D0FFE70E980168012044F20002C4F2E2
:1048E00001029142029017D0FFE70E980168012063
:1048F00044F20042C4F20102914202900CD0FFE760
:104900000E9800684BF60001CBF6FE710844B0FA31
:1049100080F040090290FFE70298C00738B1FFE736
:104920000E980168486C40F400404864FFE70E9818
:10493000006880680721C0F2010108400C900C98C3
:1049400006280CD0FFE70C98B0F5803F07D0FFE7B2
:104950000E980168086840F001000860FFE7002039
:104960008DF83F00FFE79DF83F0010B080BD0000CC
:1049700080B582B00090009820B9FFE701208DF843
:10498000070046E00098806908B1FFE700E0FFE714
:104990000098D0F8800040B9FFE70099002081F826
:1049A0007C00009800F03CF8FFE700992420C1F853
:1049B000800000980168086820F0010008600098F5
:1049C00001F072FF012804D1FFE701208DF80700F4
:1049D0001FE00098806A20B1FFE7009801F06CFEAC
:1049E000FFE700980168486820F49040486000980C
:1049F0000168886820F02A008860009801680868CB
:104A000040F001000860009801F0FAFE8DF8070000
:104A1000FFE79DF8070002B080BD00000000000025
:104A200081B0009001B0704780B59CB009A800909B
:104A30004C21FBF76BFF0098002101910891079131
:104A40000691059104910391029144F20002C5F28E
:104A50000022099244F20412C5F200220A920522B1
:104A60000292022203920492012305930692079276
:104A700008910B910C910D9120220E920F911091A3
:104A800011914FF480521292139114911591169135
:104A90001791189102AA1146FFF70AFC48B1FFE7E7
:104AA0004EF6C600C0F601004FF49271FCF7B8FB59
:104AB000FFE71CB080BD000080B58EB0FFE744F278
:104AC000E040C5F60200016841F00801016000689D
:104AD00000F0080008900898FFE7FFE744F2E04084
:104AE000C5F60200016841F010010160006800F0A5
:104AF000100007900798FFE7FFE744F2E040C5F693
:104B00000200016841F040010160006800F04000CF
:104B100006900698FFE7FFE744F2E040C5F6020082
:104B2000016841F080010160006800F0800005909C
:104B30000598FFE7FFE744F2E040C5F60200016890
:104B400041F480710160006800F480700490049862
:104B5000FFE7FFE744F2D440C5F60200016841F4E4
:104B600080510160006800F4805003900398FFE7D3
:104B700002200A9001200B90032001900C900C2041
:104B80000D904CF2B370099040F60040C5F602005B
:104B900009A90291FCF768FC02994FF68070099010
:104BA00041F20000C5F60200FCF75EFC0198029994
:104BB000099041F60000C5F60200FCF755FC029989
:104BC0004FF47F40099041F60040C5F60200FCF723
:104BD0004BFC029940F2CF60099042F20000C5F60A
:104BE0000200FCF741FC0EB080BD00000000000098
:104BF00082B0009045F29C20C2F20040006800990B
:104C0000084204D0FFE701208DF8070003E00020F0
:104C10008DF80700FFE79DF8070002B0704700001D
:104C200082B001908DF803109DF8030048B9FFE7AA
:104C3000019A45F29C21C2F2004108689043086045
:104C400008E0019A45F29C21C2F200410868104335
:104C50000860FFE745F29C20C2F20040006841F284
:104C60000001C6F20001086002B0704700000000B9
:104C700085B004904EF62C50CEF200000068C00FB4
:104C800068B1FFE74EF62C51CEF20001086840F003
:104C900000400860049988690230886199E04EF606
:104CA0002450CEF20000006844F2FC71C2F20041D0
:104CB000019108624EF62850CEF20000007881F88B
:104CC00024004EF62950CEF20000007888624EF69D
:104CD0003850CEF200000068C8624EF62A50CEF27C
:104CE0000000008808864EF62C50CEF200000068C6
:104CF00048634EF63050CEF20000006888634EF6EE
:104D00003C50CEF200000068C8634EF62A10C0F690
:104D10000100039000208DF80B00FFE79DF80B00C9
:104D200028281BD8FFE703989DF80B10405C41F240
:104D30002801C4F201010860FFE741F21C00C4F23F
:104D4000010000684006002801D4FFE7F5E7FFE70F
:104D50009DF80B0001308DF80B00DFE744F6FC21D5
:104D6000C2F2004100200860FFE744F6FC20C2F2D6
:104D70000040006808B9FFE7F7E70498006844F2CC
:104D8000FC71C2F2004100910860049840684860DC
:104D90000498806888600498C068C86004980069B6
:104DA00008610498406948610498806988610498A2
:104DB000C069C86144F6FC21C2F2004100200860CD
:104DC000FFE744F6FC20C2F20040006808B9FFE7A4
:104DD000F7E705B07047000080B5C6B0012012901B
:104DE0000020309012A8FDF733F9FFE744F2E040CD
:104DF000C5F60200016841F001010160006800F0A1
:104E0000010011901198FFE7FFE744F2E040C5F67A
:104E10000200016841F001010160006800F001003A
:104E200010901098FFE7FFE744F2F040C5F602004B
:104E3000016841F010010160006800F010000F905F
:104E40000F98FFE74FF4007041900220429001203C
:104E50004390032044900720069045900020C5F61B
:104E60000200079041A90891FCF7FEFA069A0798FC
:104E700008994FF4806341934592FCF7F5FA252099
:104E80000990042100220A92FCF7FEFD0998FCF724
:104E9000EFFD0A9A41F20000C4F201000B904FF4BA
:104EA000E1310C2318F0DCFB0B9941F22002C4F233
:104EB0000102106840F04000106041F21802C4F294
:104EC0000102106840F008001060086840F02000FF
:104ED0000860FFE744F2E040C5F60200016841F0D7
:104EE00002010160006800F002000E900E98FFE7DA
:104EF000FFE744F2E040C5F60200016841F002011C
:104F00000160006800F002000D900D98FFE7FFE7D8
:104F100044F2E840C5F60200016841F480210160D6
:104F2000006800F480200C900C98FFE74FF480603C
:104F3000419002204290012043900320039044902E
:104F400007200090459040F20040C5F60200019015
:104F500041A90291FCF788FA009A019802994FF44E
:104F6000006341934592FCF77FFA039A272004904F
:104F70000421FCF789FD0498FCF77AFD44F6000053
:104F8000C4F2000005904FF4165100220C2318F0D3
:104F900067FB059944F62002C4F20002106840F055
:104FA0004000106044F61802C4F20002106840F09D
:104FB00008001060086840F02000086046B080BD1E
:104FC00080B582B08DF806009DF80600072839DC10
:104FD000FFE700208DF80400FF218DF803108DF805
:104FE0000500FFE79DF80500072817DCFFE79DF89F
:104FF000050000F05DF850B1FFE79DF804000130B6
:105000008DF804009DF805008DF80300FFE7FFE729
:105010009DF8050001308DF80500E3E79DF80400D8
:1050200001280BD1FFE79DF803009DF80610884288
:1050300004D1FFE701208DF8070035E000208DF84E
:10504000070031E09DF80600082812D1FFE7002094
:1050500000F02EF848B1FFE7012000F029F820B158
:10506000FFE701208DF807001EE000208DF8070003
:105070001AE09DF80600092812D1FFE7012000F090
:1050800017F848B1FFE7022000F012F820B1FFE75F
:1050900001208DF8070007E000208DF8070003E0ED
:1050A00000208DF80700FFE79DF8070002B080BDE3
:1050B00081B08DF802009DF802004EF2E431C0F696
:1050C000010151F8300000699DF8022001EBC20196
:1050D0008988084204D1FFE700208DF8010003E031
:1050E00001208DF80100FFE79DF801009DF80220E6
:1050F0004EF2E431C0F6010101EBC2018979884228
:1051000004D1FFE701208DF8030003E000208DF8B3
:105110000300FFE79DF8030001B0704700000000A6
:1051200080B588B00020029007900690059004900A
:10513000FCF76EFC0298012101918DF810104FF0E0
:105140001052059212228DF81820032200928DF839
:105150001B208DF81F008DF81E108DF81D008DF896
:1051600011008DF81A008DF819008DF81C0004A8A4
:105170000390FCF7FDFB009B019A029903988DF8C0
:1051800010204FF0C04CCDF814C04FF00F0C8DF82C
:1051900018C08DF81B308DF81F208DF81E108DF86B
:1051A0001D108DF811208DF81A108DF819108DF83A
:1051B0001C10FCF7DDFB0420FCF73EFC08B080BDB2
:1051C00080B588B0069005910492039306980290EA
:1051D000B0F5803F0CD0FFE70298B0F1011F10D06E
:1051E000FFE702980221C0F20101884212D025E0B7
:1051F0004EF25150C0F6010018F03AFC0020079022
:105200001FE04EF26550C0F6010018F031FC00209E
:10521000079016E00598049A69464A60086040F2D3
:105220000040C5F60200022140F20042C4F2000232
:10523000042318F0E9F80020079002E01D200790F1
:10524000FFE7079808B080BD80B59AB01990189113
:1052500017926320059019981899179A0CF038FA4C
:105260001690169840B1FFE74EF2A270C0F601000A
:105270009421FBF7D5FFFFE7199804A90DF05CFD19
:105280001690169840B1FFE74EF2A270C0F60100EA
:105290009C21FBF7C5FFFFE74EF20160C0F601005D
:1052A000FBF77AFE19984168179A4EF24260C0F6F1
:1052B0000100FBF771FE1998016A826B4EF28A6059
:1052C000C0F60100FBF768FE4EF2ED50C0F601009B
:1052D000FBF762FE04990120B0EB516F06D1FFE7A6
:1052E0004EF26E70C0F6010003900EE09DF81320A0
:1052F0004EF29271C0F601014EF29B70C0F60100B1
:10530000012A08BF08460390FFE703994EF2C560E3
:10531000C0F60100FBF740FE049842074EF2EA7027
:10532000C0F6010002904EF2E271C0F60101019157
:10533000002A58BF01464EF24570C0F60100FBF747
:105340002BFE01990298049A9207002A58BF014641
:105350004EF22B70C0F60100FBF71EFE0498C20748
:105360004EF2D770C0F601004EF68D01C0F6010175
:10537000002A08BF01464EF27950C0F60100FBF743
:105380000BFE19980DF048FE1690169840B1FFE7F5
:105390004EF2A270C0F60100AE21FBF741FFFFE71D
:1053A0004EF26D60C0F60100FBF7F6FDFFE70598D1
:1053B0002C2828D0FFE744F6B420C2F2004005A90B
:1053C00064220AF05DFEE8B9FFE7059906A800909F
:1053D00018F0B2FA009A18994EF21670C0F6010051
:1053E000FBF7DAFD46F20030C2F20040006840B13F
:1053F000FFE74EF2E360C0F6010006A9FBF7CCFD23
:1054000001E0FFE7D3E71AB080BD00000000000014
:1054100080B582B0019001980DF00EFF00900098C9
:1054200040B1FFE74EF2A270C0F60100D821FBF7B1
:10543000F7FEFFE7019816F0AFFF0090009840B12B
:10544000FFE74EF2A270C0F60100E021FBF7E8FE94
:10545000FFE74EF22440C0F60100FBF79DFD4EF23F
:10546000AB50C0F60100FBF797FD02B080BD000015
:1054700088B0079006910592079800F00700049005
:105480000498C0F10700052803D3FFE7042001902A
:1054900004E00498C0F107000190FFE70198039031
:1054A00004980430062803D8FFE70020009003E0AA
:1054B000049803380090FFE700980290069803993B
:1054C000012202FA01F101390840029B9840059936
:1054D0009A40013A1140084308B0704700000000AC
:1054E00080B586B00490039100208DF8070044F247
:1054F0002840C5F60200006800F00300032804D12C
:10550000FFE701208DF81700CBE044F20041C5F61B
:105510000201086820F080600860FCF7A9F9029099
:10552000FFE744F20040C5F60200006800F00061A9
:105530000020B0EBD16F0CD0FFE7FCF799F902998E
:10554000401A032804D3FFE703208DF81700A8E0D2
:10555000E7E7FFE744F22841C5F60201086820F4B6
:105560007C30049A126840EA023008600499486866
:10557000D1F808C0CB680A6901386FF35F204FF695
:105580000061CFF6FF7101EB4C2189B20844002184
:10559000CFF6FF7101EB034101F4FE0108444FF027
:1055A0007F4101EB026101F0FE41084444F23841C1
:1055B000C5F602010860FFE744F22C41C5F602017E
:1055C0000091086820F0C000049A526910430860F6
:1055D000086820F02000049A926910430860086867
:1055E00020F01000086044F23C42C5F60202106848
:1055F0004FF6F8739843049BDB6940EAC3001060E0
:10560000086840F010000860039848B9FFE744F2CA
:105610002C41C5F60201086840F40020086016E03D
:105620000398012809D1FFE744F22C41C5F6020195
:10563000086840F48010086008E044F22C41C5F688
:105640000201086840F400100860FFE7FFE744F239
:105650000041C5F60201086840F080600860FCF770
:1056600007F90290FFE744F20040C5F60200006827
:1056700000F000610020B0EBD16F0CD1FFE7FCF728
:10568000F7F80299401A032804D3FFE703208DF8A6
:10569000170006E0E7E7FFE79DF807008DF8170021
:1056A000FFE79DF8170006B080BD00000000000075
:1056B00080B586B00490039100208DF8070044F275
:1056C0002840C5F60200006800F00300032804D15A
:1056D000FFE701208DF81700CBE044F20041C5F64A
:1056E0000201086820F080500860FCF7C1F80290C1
:1056F000FFE744F20040C5F60200006800F00051E8
:105700000020B0EB517F0CD0FFE7FCF7B1F8029915
:10571000401A032804D3FFE703208DF81700A8E000
:10572000E7E7FFE744F22841C5F60201086820F0E8
:105730007C70049A126840EA025008600499486834
:10574000D1F808C0CB680A6901386FF35F204FF6C3
:105750000061CFF6FF7101EB4C2189B208440021B2
:10576000CFF6FF7101EB034101F4FE0108444FF055
:105770007F4101EB026101F0FE41084444F24041E7
:10578000C5F602010860FFE744F22C41C5F60201AC
:105790000091086820F44060049A52691043086040
:1057A000086820F40070049A926910430860086841
:1057B00020F48070086044F24442C5F6020210688A
:1057C0004FF6F8739843049BDB6940EAC30010600E
:1057D000086840F480700860039848B9FFE744F215
:1057E0002C41C5F60201086840F48000086016E00C
:1057F0000398012809D1FFE744F22C41C5F60201C4
:10580000086840F40000086008E044F22C41C5F646
:105810000201086840F080700860FFE7FFE744F28B
:105820000041C5F60201086840F080500860FCF7AE
:105830001FF80290FFE744F20040C5F6020000683E
:1058400000F000510020B0EB517F0CD1FFE7FCF7D6
:105850000FF80299401A032804D3FFE703208DF8BC
:10586000170006E0E7E7FFE79DF807008DF817004F
:10587000FFE79DF8170006B080BD000000000000A3
:1058800080B586B0FFE744F2E040C5F6020001684B
:1058900041F002010160006800F0020000900098F1
:1058A000FFE70120029000200390032004900420D1
:1058B000019040F20040C5F6020001A9FBF7D4FDBB
:1058C00006B080BD0000000081B08DF8030001B07B
:1058D000704700000000000040F21841C5F60201C8
:1058E000042008607047000040F21841C5F602012C
:1058F0004FF480200860704780B582B04EF6345077
:10590000C2F20440006888B1FFE74EF63451C2F29B
:10591000044108680138086038B9FFE74EF6305195
:10592000C2F2044101200870FFE7FFE700208DF874
:105930000700FFE79DF80700032813DCFFE79DF849
:10594000070000EB40014EF60050C2F2044000EBAD
:10595000810017F0B1FEFFE79DF8070001308DF8D8
:105960000700E7E746F2A020C2F2004001680131DB
:10597000016000686FF00041884207D1FFE746F2FE
:10598000A021C2F2004100200860FFE717F014FDDB
:1059900044F6F821C2F20041087801300870C0B224
:1059A0000A2809DBFFE744F6F821C2F20041002093
:1059B000087017F0FDFCFFE702B080BD000000009A
:1059C00080B5A2B000200090219020901F901E90E2
:1059D0001D901C901B901A9007A84C21FAF796FF77
:1059E00000988DF81B0044F60C01C5F6020108680A
:1059F00020F004000860FFE70020059040F22C40F2
:105A0000C5F60000016821F001010160006800F0A6
:105A10000100059044F61800C5F60200016841F443
:105A200040410160006800F4404005900598FFE7A0
:105A3000FFE744F61800C5F60200006800F40050C5
:105A4000B0F5005F01D0FFE7F3E7012007904FF4C6
:105A50008030089000200A900E9002211091119140
:105A600005221292A02213921491169104211591ED
:105A700018900820179007A8FDF7BEFE8DF81B00B0
:105A80009DF81B0040B1FFE74EF69200C0F6010002
:105A9000A221FBF7C5FBFFE73F201A9003201B90D4
:105AA00000201C9008201D9040201E901F904FF455
:105AB0008061209121901AA80421FDF775FA8DF8D4
:105AC0001B009DF81B0040B1FFE74EF69200C0F6A8
:105AD0000100BD21FBF7A4FBFFE744F20041C5F63E
:105AE0000201086840F080000860FFE744F2F440DB
:105AF000C5F60200016841F002010160006800F093
:105B0000020004900498FFE7FBF7A2FCFFE744F2D1
:105B1000DC40C5F60200016841F0005101600068F8
:105B200000F0005003900398FFE7FFE744F2DC40E9
:105B3000C5F60200016841F080410160006800F094
:105B4000804002900298FFE7FFE744F2DC40C5F690
:105B50000200016841F000410160006800F000406F
:105B600001900198FFE744F2A841C5F602010868D8
:105B700040F080500860086840F00050086022B093
:105B800080BD00000000000081B04EF68851CEF2CA
:105B90000001086840F47000086042F20000C5F29D
:105BA0000020006800F00F0006280AD8FFE742F244
:105BB0000001C5F200210868072262F303000860B3
:105BC000FFE744F20041C5F60201086840F0010019
:105BD000086044F21042C5F6020200201060086816
:105BE0004EF67F52CEF6F6221040086042F20000D8
:105BF000C5F20020006800F00F0008280AD3FFE774
:105C000042F20001C5F200210868072262F3030096
:105C10000860FFE744F21841C5F602010020009039
:105C2000086044F21C41C5F60201086044F22041BC
:105C3000C5F60201086044F22842C5F6020240F2AD
:105C40000021C0F20221116044F22C42C5F602028A
:105C50000021C0F2FF11116044F23042C5F6020289
:105C600040F28021C0F20111116044F23442C5F6C5
:105C70000202106044F23842C5F60202116044F29A
:105C80003C42C5F60202106044F24042C5F60202F0
:105C9000116044F24441C5F60201086044F200423A
:105CA000C5F60202116821F48021116044F26041BE
:105CB000C5F60201086041F20001C5F6004109681D
:105CC000B0EB517F07D1FFE748F20811C5F2001190
:105CD00001200860FFE744F20001C5F2002143F211
:105CE000D20008604EF60851CEF200014FF000607D
:105CF000086001B07047000080B5FFF711FAFBF7AC
:105D000077F9FBF7EDFDFFF75BFE16F039FE80BD7E
:105D100080B582B00020ADF80600ADF804004FF069
:105D2000804000900098006900F00200ADF8060085
:105D30000098C06800F00200ADF80400BDF806004D
:105D400098B1FFE7BDF8040078B1FFE700984FF67F
:105D5000FD7202610099C8681040C8604EF640406C
:105D6000C2F2044000688047FFE70098006900F035
:105D70000400ADF806000098C06800F00400ADF81B
:105D80000400BDF8060098B1FFE7BDF8040078B143
:105D9000FFE700984FF6FB7202610099C868104057
:105DA000C8604EF64440C2F2044000688047FFE7F6
:105DB0000098006900F00800ADF806000098C0687F
:105DC00000F00800ADF80400BDF8060098B1FFE748
:105DD000BDF8040078B1FFE700984FF6F772026152
:105DE0000099C8681040C8604EF64840C2F20440AE
:105DF00000688047FFE70098006900F01000ADF8E8
:105E000006000098C06800F01000ADF80400BDF86E
:105E1000060098B1FFE7BDF8040078B1FFE70098ED
:105E20004FF6EF7202610099C8681040C8604EF6E4
:105E30004C40C2F2044000688047FFE702B080BDDA
:105E400083B00290019102980068009002980021AE
:105E5000C4F20101884225D0FFE70298B0F1804FDB
:105E600020D0FFE7029840F20041C4F200018842CE
:105E700018D0FFE7029840F60001C4F20001884202
:105E800010D0FFE7029840F60041C4F200018842BA
:105E900008D0FFE7029840F20041C4F201018842B5
:105EA0000AD1FFE7009820F0700000900198416847
:105EB000009808430090FFE702980021C4F2010116
:105EC00088423DD0FFE70298B0F1804F38D0FFE71D
:105ED000029840F20041C4F20001884230D0FFE74E
:105EE000029840F60001C4F20001884228D0FFE782
:105EF000029840F60041C4F20001884220D0FFE73A
:105F0000029840F20041C4F20101884218D0FFE734
:105F1000029844F20001C4F20101884210D0FFE768
:105F2000029844F20041C4F20101884208D0FFE720
:105F3000029844F60001C4F2010188420AD1FFE749
:105F4000009820F4407000900198C16800980843C0
:105F50000090FFE7009820F080000199496908430C
:105F60000090009802990860019880680299C862C0
:105F7000019800680299886202980021C4F2010128
:105F8000884220D0FFE7029840F20041C4F20101AC
:105F9000884218D0FFE7029844F20001C4F20101E0
:105FA000884210D0FFE7029844F20041C4F2010198
:105FB000884208D0FFE7029844F60001C4F20101CC
:105FC000884205D1FFE70198006902990863FFE75D
:105FD00002990120486103B07047000000000000F2
:105FE00084B0039002910192029800F01F010120F9
:105FF00088400090009A0399086A904308620198CB
:10600000029901F01F0100FA01F20399086A104396
:10601000086204B07047000085B0049003910499B1
:10602000086A20F0010008620498006A0190049850
:106030004068009004988069029002984FF68F7132
:10604000CFF6FE7108400290029820F00300029003
:1060500003980168029808430290019820F002001A
:1060600001900398816801980843019004980021E9
:10607000C4F20101884220D0FFE7049840F20041B9
:10608000C4F20101884218D0FFE7049844F20001ED
:10609000C4F20101884210D0FFE7049844F20041A5
:1060A000C4F20101884208D0FFE7049844F60001D9
:1060B000C4F2010188420ED1FFE7019820F00800E8
:1060C00001900398C168019808430190019820F05D
:1060D00004000190FFE704980021C4F20101884206
:1060E00020D0FFE7049840F20041C4F20101884249
:1060F00018D0FFE7049844F20001C4F2010188427D
:1061000010D0FFE7049844F20041C4F20101884234
:1061100008D0FFE7049844F60001C4F20101884268
:1061200013D1FFE7009820F480700090009820F4CD
:10613000007000900398416900980843009003980C
:106140008169009808430090FFE70098049948602F
:1061500002980499886103984068049948630198FB
:106160000499086205B0704785B0049003910499C2
:10617000086A20F0100008620498006A01900498F0
:1061800040680090049880690290029848F6FF7178
:10619000CFF6FF6108400290029820F44070029010
:1061A00003980168029840EA01200290019820F0CB
:1061B0002000019003988168019840EA0110019045
:1061C00004980021C4F20101884229D0FFE7049815
:1061D00040F20041C4F20101884221D0FFE7049857
:1061E00044F20001C4F20101884203D1FFE700201C
:1061F000B0B9FFE7049844F20041C4F201018842BB
:1062000003D1FFE7002058B9FFE7049844F60001E6
:10621000C4F20101884212D1FFE7012078B9FFE7FB
:10622000019820F0800001900398C168019840EA2D
:1062300001100190019820F040000190FFE70498C0
:106240000021C4F20101884220D0FFE7049840F207
:106250000041C4F20101884218D0FFE7049844F2DB
:106260000001C4F20101884210D0FFE7049844F213
:106270000041C4F20101884208D0FFE7049844F6C7
:106280000001C4F20101884215D1FFE7009820F413
:1062900080600090009820F40060009003984169AD
:1062A000009840EA8100009003988169009840EAD4
:1062B00081000090FFE700980499486002980499D3
:1062C000886103984068049988630198049908627A
:1062D00005B070470000000085B004900391049958
:1062E000086A20F4807008620498006A019004989B
:1062F000406800900498C0690290029820F07000F5
:106300000290029820F0030002900398016802981E
:1063100008430290019820F400700190039881686E
:10632000019840EA0120019004980021C4F2010183
:10633000884229D0FFE7049840F20041C4F20101ED
:10634000884221D0FFE7049844F20001C4F2010121
:10635000884203D1FFE70020B0B9FFE7049844F278
:106360000041C4F20101884203D1FFE7002058B97F
:10637000FFE7049844F60001C4F20101884212D1FB
:10638000FFE7012078B9FFE7019820F40060019051
:106390000398C168019840EA01200190019820F417
:1063A00080600190FFE704980021C4F20101884257
:1063B00020D0FFE7049840F20041C4F20101884276
:1063C00018D0FFE7049844F20001C4F201018842AA
:1063D00010D0FFE7049844F20041C4F20101884262
:1063E00008D0FFE7049844F60001C4F20101884296
:1063F00015D1FFE7009820F480500090009820F419
:106400000050009003984169009840EA0110009004
:1064100003988169009840EA01100090FFE7009816
:106420000499486002980499C861039840680499E7
:10643000C86301980499086205B070470000000025
:1064400085B0049003910499086A20F48050086292
:106450000498006A01900498406800900498C0690C
:106460000290029820F4E0400290029820F44070DC
:10647000029003980168029840EA01200290019876
:1064800020F40050019003988168019840EA01309F
:10649000019004980021C4F20101884220D0FFE756
:1064A000049840F20041C4F20101884218D0FFE78D
:1064B000049844F20001C4F20101884210D0FFE7C1
:1064C000049844F20041C4F20101884208D0FFE779
:1064D000049844F60001C4F2010188420BD1FFE7A1
:1064E000009820F48040009003984169009840EAA9
:1064F00081100090FFE70098049948600298049981
:10650000C861039840680499086401980499086276
:1065100005B070470000000085B004900391049915
:10652000086A20F4803008620498006A0190049898
:10653000406800900498406D0290029820F070002E
:10654000029003980168029808430290019820F491
:106550000030019003988168019840EA0140019061
:1065600004980021C4F20101884220D0FFE704987A
:1065700040F20041C4F20101884218D0FFE70498BC
:1065800044F20001C4F20101884210D0FFE70498F0
:1065900044F20041C4F20101884208D0FFE70498A8
:1065A00044F60001C4F2010188420BD1FFE70098D4
:1065B00020F48030009003984169009840EA01205F
:1065C0000090FFE700980499486002980499486594
:1065D000039840680499886501980499086205B099
:1065E000704700000000000085B0049003910499FA
:1065F000086A20F4801008620498006A01900498E8
:10660000406800900498406D0290029820F4E040A9
:10661000029003980168029840EA012002900198D4
:1066200020F40010019003988168019840EA01501D
:10663000019004980021C4F20101884220D0FFE7B4
:10664000049840F20041C4F20101884218D0FFE7EB
:10665000049844F20001C4F20101884210D0FFE71F
:10666000049844F20041C4F20101884208D0FFE7D7
:10667000049844F60001C4F2010188420BD1FFE7FF
:10668000009820F40030009003984169009840EA97
:1066900081200090FFE700980499486002980499CF
:1066A0004865039840680499C86501980499086290
:1066B00005B070470000000081B00090009890F88D
:1066C0002800C00758B1FFE700980068406820F430
:1066D0000030009A1168D26A10434860FFE70098C2
:1066E00090F82800800700280BD5FFE70098006885
:1066F000406820F48030009A1168126B10434860A3
:10670000FFE7009890F82800400700280BD5FFE726
:1067100000980068406820F48020009A1168526B4D
:1067200010434860FFE7009890F828000007002811
:106730000BD5FFE700980068406820F40040009AFD
:106740001168926B10434860FFE7009890F82800AA
:10675000C00600280BD5FFE700980068806820F489
:106760008050009A1168D26B10438860FFE7009850
:1067700090F82800800600280BD5FFE700980068F5
:10678000806820F40050009A1168126C10438860F1
:10679000FFE7009890F82800400600281CD5FFE786
:1067A00000980068406820F48010009A1168526CCC
:1067B000104348600098406CB0F5801F0BD1FFE794
:1067C00000980068406820F4C000009A1168926C3C
:1067D00010434860FFE7FFE7009890F828000006A4
:1067E00000280BD5FFE700980068406820F40020DF
:1067F000009A1168D26C10434860FFE701B07047FF
:1068000080B584B0029002990020C1F88800FBF79F
:106810002FF801900298006800680007002812D540
:10682000FFE70298019B6A466FF07E4111604FF4CA
:106830000011002200F0D4FC20B1FFE703208DF806
:106840000F002AE0FFE70298006800684007002870
:1068500012D5FFE70298019B6A466FF07E411160F6
:106860004FF48001002200F0BBFC20B1FFE70320C1
:106870008DF80F0011E0FFE702992020C1F8800099
:106880000299C1F88400FFE70299002081F87C009A
:10689000FFE700208DF80F00FFE79DF80F0004B020
:1068A00080BD00000000000080B59CB01B9000205F
:1068B0008DF85F001B98006840F60041C5F60001A6
:1068C000884201D1FFE700E0FFE71B9988680B6968
:1068D0004A69C9691843104308431A901B98416ECE
:1068E0001A9808431A901B980068006846F6F3113E
:1068F000CCF6FF7108401A9908431B990968086093
:106900001B980068406820F440501B9A1168D268B8
:10691000104348601B9880691A901B98006840F6E5
:106920000041C5F60001884206D0FFE71B98016AC6
:106930001A9808431A90FFE71B98006880684FF286
:10694000FF41C1F2FF1108401A9908431B990968D9
:1069500088601B980068C06A20F00F001B9A1168BD
:10696000526A1043C862FFE71B98006841F20001B9
:10697000C4F20101884240F04180FFE744F25440F4
:10698000C5F60200006800F0380001460E91282884
:106990002FD80E99DFE801F0152D2D2D2D2D2D2D41
:1069A000192D2D2D2D2D2D2D1D2D2D2D2D2D2D2D3B
:1069B000212D2D2D2D2D2D2D252D2D2D2D2D2D2D1B
:1069C000290001208DF8650017E004208DF865008E
:1069D00013E008208DF865000FE010208DF86500A9
:1069E0000BE020208DF8650007E040208DF8650061
:1069F00003E080208DF86500FFE7D6E11B98006872
:106A000044F20041C4F2000188422ED1FFE744F273
:106A10005440C5F60200006800F0070001460D91E1
:106A200005281DD80D99DFE801F003070B0F131798
:106A300000208DF8650017E004208DF8650013E054
:106A400008208DF865000FE010208DF865000BE040
:106A500020208DF8650007E040208DF8650003E0F8
:106A600080208DF86500FFE79EE11B98006844F6E2
:106A70000001C4F2000188422ED1FFE744F25440E5
:106A8000C5F60200006800F0070001460C910528D9
:106A90001DD80C99DFE801F003070B0F1317002036
:106AA0008DF8650017E004208DF8650013E00820DC
:106AB0008DF865000FE010208DF865000BE02020B8
:106AC0008DF8650007E040208DF8650003E0802028
:106AD0008DF86500FFE766E11B98006844F6004109
:106AE000C4F2000188422ED1FFE744F25440C5F6BB
:106AF0000200006800F0070001460B9105281DD830
:106B00000B99DFE801F003070B0F131700208DF836
:106B1000650017E004208DF8650013E008208DF86B
:106B200065000FE010208DF865000BE020208DF847
:106B3000650007E040208DF8650003E080208DF8B7
:106B40006500FFE72EE11B98006845F20001C4F2E2
:106B5000000188422ED1FFE744F25440C5F60200FE
:106B6000006800F0070001460A9105281DD80A991F
:106B7000DFE801F003070B0F131700208DF8650005
:106B800017E004208DF8650013E008208DF86500FB
:106B90000FE010208DF865000BE020208DF86500D7
:106BA00007E040208DF8650003E080208DF8650047
:106BB000FFE7F6E01B98006841F20041C4F20101D2
:106BC000884240F04180FFE744F25440C5F602009D
:106BD000006800F038000146099128282FD809994B
:106BE000DFE801F0152D2D2D2D2D2D2D192D2D2DFD
:106BF0002D2D2D2D1D2D2D2D2D2D2D2D212D2D2DE1
:106C00002D2D2D2D252D2D2D2D2D2D2D2900012026
:106C10008DF8650017E004208DF8650013E008206A
:106C20008DF865000FE010208DF865000BE0202046
:106C30008DF8650007E040208DF8650003E08020B6
:106C40008DF86500FFE7ABE01B98006847F6000190
:106C5000C4F2000188422ED1FFE744F25440C5F649
:106C60000200006800F007000146089105281DD8C1
:106C70000899DFE801F003070B0F131700208DF8C8
:106C8000650017E004208DF8650013E008208DF8FA
:106C900065000FE010208DF865000BE020208DF8D6
:106CA000650007E040208DF8650003E080208DF846
:106CB0006500FFE773E01B98006847F60041C4F2E7
:106CC000000188422ED1FFE744F25440C5F602008D
:106CD000006800F007000146079105281DD80799B4
:106CE000DFE801F003070B0F131700208DF8650094
:106CF00017E004208DF8650013E008208DF865008A
:106D00000FE010208DF865000BE020208DF8650065
:106D100007E040208DF8650003E080208DF86500D5
:106D2000FFE73BE01B98006840F60041C5F6000114
:106D300088422ED1FFE744F25840C5F602000068B1
:106D400000F007000146069105281DD80699DFE8E6
:106D500001F003070B0F131702208DF8650017E0F1
:106D600004208DF8650013E008208DF865000FE021
:106D700010208DF865000BE020208DF8650007E0FD
:106D800040208DF8650003E080208DF86500FFE766
:106D900003E080208DF86500FFE7FFE7FFE7FFE7EE
:106DA000FFE7FFE7FFE7FFE7FFE7FFE71B98006864
:106DB00040F60041C5F60001884240F0B880FFE788
:106DC0009DF8650001460591022814D0FFE705985B
:106DD000042814D0FFE70598082816D0FFE7059887
:106DE000102818D0FFE70598202835D0FFE7059830
:106DF000402837D03AE0FAF767FE0F903CE013A83E
:106E0000FAF776FE14980F9036E010A8FAF7C8FF4C
:106E100011980F9030E044F20040C5F6020000687F
:106E200000F020010020B0EB511F0ED0FFE744F22C
:106E30000040C5F602000068C0F3C10149F200003D
:106E4000C0F2D030C8400F9005E049F20000C0F217
:106E5000D0300F90FFE70FE040F60010C0F23D0089
:106E60000F9009E04FF400400F9005E000200F90D4
:106E700001208DF85F00FFE70F98002856D0FFE74C
:106E80000F981B994A6A4EF2CA31C0F6010131F8D7
:106E90001210B0FBF1F0169016981B99496801EB9F
:106EA0004101884207D3FFE716981B994968B0EB68
:106EB000013F04D9FFE701208DF85F0035E00F980E
:106EC0001B994A6803924A6A4EF2CA31C0F6010120
:106ED00031F81220002304931946F9F7CDFC039AE8
:106EE000049B8646080240EA1E615FEA530C4FEAA3
:106EF000320010EB0E2041EB0C01F9F7BDFC1890AD
:106F00001898B0F5407F0BD3FFE718990020B0EB3D
:106F1000115F05D1FFE718981B990968C86003E065
:106F200001208DF85F00FFE7FFE7FFE747E11B98CF
:106F3000C069B0F5004F40F0A980FFE79DF86500FB
:106F400001460291402800F263800299DFE801F0D7
:106F500021256060296060602F6060606060606013
:106F6000356060606060606060606060606060604C
:106F7000566060606060606060606060606060601B
:106F80006060606060606060606060606060606001
:106F90005C00FCF781FA0F9040E0FCF791FA0F904B
:106FA0003CE013A8FAF7A4FD14980F9036E010A85F
:106FB000FAF7F6FE11980F9030E044F20040C5F663
:106FC0000200006800F020010020B0EB511F0ED03D
:106FD000FFE744F20040C5F602000068C0F3C101BB
:106FE00049F20000C0F2D030C8400F9005E049F2ED
:106FF0000000C0F2D0300F90FFE70FE040F6001025
:10700000C0F23D000F9009E04FF400400F9005E002
:1070100000200F9001208DF85F00FFE70F98A0B3CC
:10702000FFE70F981B9A5168536A4EF2CA32C0F6B6
:10703000010232F81320B0FBF2F0400000EB5100E7
:10704000B0FBF1F080B218901898102818D3FFE721
:10705000BDF86200A0B9FFE7189820F00F00ADF866
:107060006600189800F00E01BDF8660040EA510075
:10707000ADF86600BDF866001B990968C86003E0BA
:1070800001208DF85F00FFE7FFE797E09DF86500BE
:1070900001460191402800F263800199DFE801F088
:1070A00021256060296060602F60606060606060C2
:1070B00035606060606060606060606060606060FB
:1070C00056606060606060606060606060606060CA
:1070D00060606060606060606060606060606060B0
:1070E0005C00FCF7D9F90F9040E0FCF7E9F90F904C
:1070F0003CE013A8FAF7FCFC14980F9036E010A8B7
:10710000FAF74EFE11980F9030E044F20040C5F6B9
:107110000200006800F020010020B0EB511F0ED0EB
:10712000FFE744F20040C5F602000068C0F3C10169
:1071300049F20000C0F2D030C8400F9005E049F29B
:107140000000C0F2D0300F90FFE70FE040F60010D3
:10715000C0F23D000F9009E04FF400400F9005E0B1
:1071600000200F9001208DF85F00FFE70F9820B3FB
:10717000FFE70F981B9A5168536A4EF2CA32C0F665
:10718000010232F81320B0FBF2F000EB5100B0FB2B
:10719000F1F080B218901898102809D3FFE7BDF8D5
:1071A000620028B9FFE718981B990968C86003E0D6
:1071B00001208DF85F00FFE7FFE7FFE7FFE71B997E
:1071C0000120A1F86A001B99A1F868001B99002012
:1071D000C8661B9908679DF85F001CB080BD000061
:1071E00080B586B0DDF820C0049003918DF80B20A7
:1071F0000193FFE704980068C06903990840401AAA
:10720000B0FA80F040099DF80B10884266D1FFE784
:1072100008980130002860D0FFE7FAF729FB0199B0
:10722000401A0899884203D8FFE70898E8B9FFE7B1
:1072300004980168086820F4D07008600498016818
:10724000886820F00100886004992020C1F880003F
:107250000499C1F88400FFE70499002081F87C00BC
:10726000FFE703208DF817003CE0049800680068F1
:107270004007002830D5FFE704980068C06900F493
:1072800000610120B0EBD12F25D1FFE70498016800
:107290004FF40060086204980168086820F4D07018
:1072A000086004980168886820F0010088600499EB
:1072B0002020C1F880000499C1F884000499C1F825
:1072C0008800FFE70499002081F87C00FFE7032095
:1072D0008DF8170006E0FFE7FFE78BE700208DF849
:1072E0001700FFE79DF8170006B080BD0000000002
:1072F00080B546F2A420C2F2004000F04DF880BDF7
:1073000080B546F2D020C2F2004000F045F880BDC2
:1073100088B00290019101200490049880F31088B5
:107320000298408BADF8020000200590059880F38C
:107330001088BDF8020020B9FFE700208DF80F008B
:1073400025E002998868098B405C0199087001204A
:107350000690069880F310880299088B0130088304
:1073600080B20299C989884204DBFFE702990020B4
:107370000883FFE70299488B013848830020079073
:10738000079880F3108801208DF80F00FFE79DF823
:107390000F0008B07047000080B586B005900598D2
:1073A0000068C0690490059800680068039005981B
:1073B0000068806802909DF810008006002830D593
:1073C000FFE705980068406A8DF807009DF8070000
:1073D000059A9168D28A88540599C88A0130C88272
:1073E00080B20599C989884204DBFFE7059900202E
:1073F000C882FFE70598408B0599C989884205DA5C
:10740000FFE70599488B01304883FFE70598406AFC
:1074100030B1FFE70598416A9DF807008847FFE70C
:10742000FFE79DF810000006002836D5FFE79DF81D
:107430000C000006002830D5FFE70598808A68B95F
:10744000FFE705980168086820F08000086005984B
:107450000168086840F0400008601DE005990120BF
:1074600081F8280005994868498A405C05990968AF
:1074700088620599488A0130488280B205998989D5
:10748000884204DBFFE7059900204882FFE7059961
:10749000888A01388882FFE7FFE79DF810004006E0
:1074A000002838D5FFE79DF80C004006002832D5AB
:1074B000FFE70598808A98B9FFE705980168086892
:1074C00020F0400008600598006A20B1FFE70598A9
:1074D000006A8047FFE70599002081F8280019E03D
:1074E00005994868498A405C059909688862059948
:1074F000488A0130488280B205998989884204DB34
:10750000FFE7059900204882FFE70599888A01383E
:107510008882FFE7FFE705980168086A40F00100EC
:10752000086205980168086A40F002000862059840
:107530000168086A40F00400086205980168086A5A
:1075400040F00800086205980168086A40F01000E1
:10755000086205980168086A40F0400008620598D2
:107560000168086A40F48070086205980168086A3A
:1075700040F40070086205980168086A40F4003021
:10758000086205980168086A40F48010086205984E
:107590000168086A40F02000086206B080BD000063
:1075A00046F2A421C2F2004141F20000C4F20100FF
:1075B000086045F6A020C2F20040486045F2A020D5
:1075C000C2F2004088604FF480628A81CA81002044
:1075D00008824882C882088348838882C86108621A
:1075E000486281F8280046F2D021C2F2004144F6F8
:1075F0000003C4F200030B6045F6A063C2F200432F
:107600004B6045F2A063C2F200438B608A81CA815D
:1076100008824882C88208834883888245F6D90256
:10762000C0F60002CA6145F6E902C0F600020A622D
:1076300045F6C902C0F600024A6281F82800704788
:1076400081B0ADF80200BDF9020000280ED4FFE7BA
:10765000BDF9021001F01F02012090404A094EF2CC
:107660000011CEF2000141F82200FFE701B070479F
:107670004EF60C50CEF200000068C0F302207047B6
:1076800082B0ADF806000091BDF9060000280AD4CA
:10769000FFE700980001BDF906104EF20042CEF25D
:1076A000000288540BE000980001BDF8061001F0BC
:1076B0000F014EF61452CEF200028854FFE702B0DA
:1076C000704700000000000083B00290029800F0B4
:1076D000070000904EF60C51CEF2000108680190B0
:1076E00001984FF6FF02104001900198009A40EA7D
:1076F00002200022C0F2FA52104301900198086063
:1077000003B070470000000080B592B00C900B9160
:107710000A92EFF310800D9072B60D9809900C98B4
:10772000806810B3FFE70C998868013888600C986E
:10773000006906900698043005900B980390059810
:107740000399086006980490049800680C990861F1
:107750000C980590059804990860002008900998F5
:107760000E900E9880F310887BE00B98039003999D
:10777000002008600A9800286AD0FFE744F65430D9
:10778000C2F20040006840B1FFE71020089009985D
:107790000F900F9880F3108859E044F64430C2F2FD
:1077A000004000680790079947F66900C0F600009E
:1077B00088660C980799C8660B980799C867079957
:1077C000D1F8E4000130C1F8E4000C98406A02905E
:1077D0000C99486A01304862029840B9FFE707985F
:1077E0000C990862079800670798406712E00C98A8
:1077F000006A01900198079908670198406F00900E
:1078000000980799486707980099086707980199B1
:107810004867FFE7079908200863079901208863F4
:107820000A980799C86444F65431C2F200410868C6
:107830000130086009981090109880F3108807981C
:1078400005F0B6FE0798D0F884000890FFE707E03F
:107850001020089009981190119880F31088FFE784
:10786000FFE7089812B080BD80B58CB007900691F4
:10787000EFF31080089072B6089805900798806E14
:1078800047F66901C0F60001884268D1FFE7069813
:107890000799D1F8E410884260D1FFE70798C06EDD
:1078A00004900498002858D0FFE70498006844F634
:1078B0004371C4F24C2188424ED1FFE70498406ADC
:1078C000002848D0FFE70799002088660499486A95
:1078D000013848620498406A0390039820B9FFE792
:1078E00004990020086216E00798006F029007983C
:1078F000406F0190019802994867029801990867C2
:107900000498006A0799884204D1FFE70298049915
:107910000862FFE7FFE70798006B08281AD1FFE726
:1079200007991020C1F8840044F65431C2F2004196
:1079300008680130086005980990099880F310885C
:10794000079805F0CDFBEFF310800A9072B60A9805
:107950000590FFE7FFE7FFE7FFE7FFE7FFE7059891
:107960000B900B9880F310880CB080BD00000000D5
:1079700080B590B0DDF848C00D900C910B920A9341
:107980000D983021F8F7C2FF0B98033020F0030068
:107990000B90129820F0030012900C980D994860FB
:1079A0000A980D99486112980D9988610B980D9964
:1079B000C86112980B990431B0FBF1F006900020D9
:1079C00008900A98059005990B9808440430039094
:1079D000FFE708980699884210D2FFE7089801301F
:1079E00008900598049003980499086003980590FE
:1079F00005990B98084404300390EAE708980D991C
:107A0000886008980D99C8600898002850D0FFE752
:107A100005980B99401A043805900598049004992C
:107A2000002008600A980D990861EFF310800E900D
:107A300072B60E9809900D9944F64370C4F24C202A
:107A4000086044F60030C2F20040006858B9FFE711
:107A50000D9844F60431C2F2004108600D9880622E
:107A60000D98C06215E044F60430C2F20040006890
:107A700002900298C06A01900D980299C8620D9810
:107A80000199886201980D99C86202980D998862DF
:107A9000FFE744F60031C2F2004108680130086097
:107AA00009980F900F9880F310880020079002E04B
:107AB00005200790FFE7079810B080BD0000000088
:107AC00080B58EB00790EFF31080089072B60898DA
:107AD000069007990020086044F60030C2F200408A
:107AE000016801390160006838B9FFE744F60431E4
:107AF000C2F20041002008601CE00798806A0290F2
:107B00000798C06A019001980299C8620298019989
:107B1000886244F60430C2F2004000680799884247
:107B200007D1FFE7029844F60431C2F20041086031
:107B3000FFE7FFE744F65431C2F200410868013024
:107B400008600798006A0590079900200862079965
:107B5000496A03910799486206980990099880F349
:107B60001088FFE7039828B3FFE7039801380390D4
:107B7000EFF310800A9072B60A98069005990020DB
:107B8000886605990120C1F884000598006F04906B
:107B900044F65431C2F2004108680130086006988A
:107BA0000B900B9880F31088059805F099FA0498CB
:107BB0000590D7E7EFF310800C9072B60C98069002
:107BC00044F65431C2F20041086801380860069852
:107BD0000D900D9880F3108805F0E2F900200EB0AA
:107BE00080BD00000000000087B0DDF824C0DDF893
:107BF00020C0DDF81CC00490039102920193EFF3C2
:107C00001080059072B605980090039828B1FFE7A0
:107C10000498406803990860FFE7029828B1FFE7DD
:107C20000498806802990860FFE7019828B1FFE78F
:107C30000498C06801990860FFE7079828B1FFE73A
:107C40000498006A07990860FFE7089828B1FFE7E1
:107C50000498406A08990860FFE7099828B1FFE78F
:107C60000498806A09990860FFE7009806900698D2
:107C700080F31088002007B070470000000000006B
:107C800085B0DDF814C0049003910292019304982A
:107C900018B1FFE7FF2000901EE0039818B1FFE73E
:107CA000FF20009017E0029818B1FFE7FF20009036
:107CB00010E0019818B1FFE7FF20009009E0059857
:107CC00018B1FFE7FF20009002E0FF200090FFE7DF
:107CD000FFE7FFE7FFE7FFE7009805B07047000008
:107CE00085B00490039102920193049818B1FFE7C4
:107CF000FF20009017E0039818B1FFE7FF200090E5
:107D000010E0029818B1FFE7FF20009009E0019809
:107D100018B1FFE7FF20009002E0FF200090FFE78E
:107D2000FFE7FFE7FFE7009805B07047000000009D
:107D300080B590B00990EFF310800A9072B60A985F
:107D400008900998406A04900498012806D8FFE733
:107D500008980B900B9880F31088A3E004980228F1
:107D600017D1FFE70998006A05900598006F039006
:107D70000398C06A0599C96A884204D2FFE703984C
:107D800009990862FFE708980C900C9880F3108816
:107D900087E00998006A0590059806900698006F9C
:107DA000079044F65431C2F200410868013008607F
:107DB00000200190FFE70798C06A0699C96A8842C7
:107DC00003D2FFE707980690FFE708980D900D98FB
:107DD00080F31088EFF310800E9072B60E98089022
:107DE00005980999096A884203D0FFE701200190AC
:107DF00009E004980999496A884203D0FFE7012005
:107E00000190FFE7FFE7019820B9FFE70798006FAF
:107E100007900DE00998006A05900998406A04905F
:107E2000059806900698006F079000200190FFE7E4
:107E3000FFE7079805998842BDD1FFE744F6543122
:107E4000C2F2004108680138086006980599884226
:107E50001FD0FFE70698006F03900698406F0290CE
:107E60000298039948670398029908670598406F3C
:107E7000029005980699086702980699486706983F
:107E80000299086706980599486706980999086253
:107E9000FFE708980F900F9880F3108805F080F89E
:107EA000FFE7FFE7002010B080BD000000000000E9
:107EB00080B58EB00A90EFF310800B9072B60B98DD
:107EC00009900A980690069804380690069804903F
:107ED0000498006808900898006A07900798E0B333
:107EE000FFE70899486A013848620898406A039099
:107EF000039820B9FFE70899002008620FE007986F
:107F0000006F02900298089908620798406F0190EC
:107F1000019802994867029801990867FFE7079955
:107F2000002088660799C96F05910A9906910699FC
:107F3000059A11600799C1F8840044F65431C2F2E1
:107F4000004108680130086009980C900C9880F393
:107F50001088079805F0C4F810E0089800690499A3
:107F60000860069808990861089988680130886057
:107F700009980D900D9880F31088FFE700200EB04F
:107F800080BD00000000000080B594B00C900B9103
:107F90000A9209930A98033020F003000A90EFF345
:107FA00010800D9072B60D98089044F64430C2F2DD
:107FB00000400068069000200190FFE706980C99A9
:107FC000086208980E900E9880F310880C980A9911
:107FD00000F0EEFB0590EFF310800F9072B60F9853
:107FE0000890059818B1FFE70120019009E00C986E
:107FF000006A0699884203D1FFE701200190FFE75C
:10800000FFE7FFE701980028D8D0FFE705980B9914
:108010000860059840B1FFE708981090109880F329
:1080200010880020079073E00998002867D0FFE7C8
:1080300044F65430C2F20040006840B1FFE710201F
:10804000079008981190119880F3108856E00699CF
:1080500048F21910C0F6000088660C980699C866A8
:108060000B980699C8670A98069988670699D1F807
:10807000E4000130C1F8E4000C98806A04900C9987
:10808000886A01308862049840B9FFE706980C9925
:108090004862069800670698406712E00C98406AAC
:1080A00003900398069908670398406F029002981E
:1080B00006994867069802990867069803994867E1
:1080C000FFE706990920086306990120886309984B
:1080D0000699C86444F65431C2F200410868013080
:1080E000086008981290129880F31088069805F09E
:1080F0005FFA0698D0F884000790FFE707E0089839
:108100001390139880F3108810200790FFE7FFE783
:10811000079814B080BD000080B58CB00790069120
:10812000EFF31080089072B6089805900798806E5B
:1081300048F21911C0F60001884268D1FFE706989D
:108140000799D1F8E410884260D1FFE70798C06E24
:1081500004900498002858D0FFE70498006845F27E
:108160004541C4F2592188424ED1FFE70498806A04
:10817000002848D0FFE70799002088660499886A9C
:10818000013888620498806A0390039820B9FFE759
:1081900004990020486216E00798006F0290079843
:1081A000406F019001980299486702980199086709
:1081B0000498406A0799884204D1FFE7029804991D
:1081C0004862FFE7FFE70798006B09281AD1FFE72D
:1081D00007991020C1F8840044F65431C2F20041DE
:1081E00008680130086005980990099880F31088A4
:1081F000079804F075FFEFF310800A9072B60A98A2
:108200000590FFE7FFE7FFE7FFE7FFE7FFE70598D8
:108210000B900B9880F310880CB080BD000000001C
:1082200080B58EB00B900A91099208930B98342177
:10823000F8F76CFB089820F0030008900A980B9957
:10824000486009980B99886108980B99C86109984A
:108250000B99086109980B994861089808380B999F
:1082600088600B990220C8600998069006980899C2
:10827000084406900698043806900B9804900698D7
:1082800005900498059908600698043806900698A9
:10829000059009980599086009980490049805903C
:1082A000069805990860099806900698043006908B
:1082B0000698019001994EF6EE60CFF6FF700860C7
:1082C0000B9900200862EFF310800C9072B60C98A6
:1082D00007900B9945F24540C4F25920086044F6D6
:1082E0000C30C2F20040006858B9FFE70B9844F622
:1082F0001031C2F2004108600B98C0620B98006315
:1083000015E044F61030C2F2004000680390039874
:10831000006B02900B98039908630B980299C8624E
:1083200002980B99086303980B99C862FFE744F61B
:108330000C31C2F2004108680130086007980D90C6
:108340000D9880F3108800200EB080BD0000000062
:1083500080B58EB00790EFF31080089072B6089841
:10836000069007990020086044F60C30C2F20040E5
:10837000016801390160006838B9FFE744F610313F
:10838000C2F20041002008601CE00798C06A029019
:108390000798006B0190019802990863029801996F
:1083A000C86244F61030C2F2004000680799884263
:1083B00007D1FFE7029844F61031C2F2004108608D
:1083C000FFE7FFE744F65431C2F20041086801308C
:1083D00008600798406A059007990020486207994D
:1083E000896A03910799886206980990099880F331
:1083F0001088FFE7039828B3FFE70398013803903C
:10840000EFF310800A9072B60A9806900599002042
:10841000886605990120C1F884000598006F0490D2
:1084200044F65431C2F200410868013008600698F1
:108430000B900B9880F31088059804F051FE049877
:108440000590D7E7EFF310800C9072B60C98069069
:1084500044F65431C2F200410868013808600698B9
:108460000D900D9880F3108804F09AFD00200EB056
:1084700080BD00000000000087B0DDF824C0DDF8FA
:1084800020C0DDF81CC00490039102920193EFF329
:108490001080059072B605980090039828B1FFE708
:1084A0000498406803990860FFE7029828B1FFE745
:1084B0000498806802990860FFE7019828B1FFE7F7
:1084C0000498C06801990860FFE7079828B1FFE7A2
:1084D0000498406A07990860FFE7089828B1FFE709
:1084E0000498806A08990860FFE7099828B1FFE7B7
:1084F0000498C06A09990860FFE7009806900698FA
:1085000080F31088002007B07047000000000000D2
:1085100085B0DDF820C0DDF81CC0DDF818C0DDF83E
:1085200014C00490039102920193049818B1FFE7DC
:10853000FF20009033E0039818B1FFE7FF20009080
:108540002CE0029818B1FFE7FF20009025E0019889
:1085500018B1FFE7FF2000901EE0059818B1FFE773
:10856000FF20009017E0069818B1FFE7FF20009069
:1085700010E0079818B1FFE7FF20009009E0089885
:1085800018B1FFE7FF20009002E0FF200090FFE716
:10859000FFE7FFE7FFE7FFE7FFE7FFE7FFE70098F9
:1085A00005B070470000000085B0DDF81CC0DDF8A4
:1085B00018C0DDF814C0049003910292019304984E
:1085C00018B1FFE7FF2000902CE0039818B1FFE7F7
:1085D000FF20009025E0029818B1FFE7FF200090EF
:1085E0001EE0019818B1FFE7FF20009017E0059802
:1085F00018B1FFE7FF20009010E0069818B1FFE7E0
:10860000FF20009009E0079818B1FFE7FF200090D5
:1086100002E0FF200090FFE7FFE7FFE7FFE7FFE74B
:10862000FFE7FFE7009805B070470000000000007A
:1086300080B590B00990EFF310800A9072B60A9856
:1086400008900998806A04900498012806D8FFE7EA
:1086500008980B900B9880F31088A3E004980228E8
:1086600017D1FFE70998406A05900598006F0390BD
:108670000398C06A0599C96A884204D2FFE7039843
:1086800009994862FFE708980C900C9880F31088CD
:1086900087E00998406A0590059806900698006F53
:1086A000079044F65431C2F2004108680130086076
:1086B00000200190FFE70798C06A0699C96A8842BE
:1086C00003D2FFE707980690FFE708980D900D98F2
:1086D00080F31088EFF310800E9072B60E98089019
:1086E00005980999496A884203D0FFE70120019063
:1086F00009E004980999896A884203D0FFE70120BC
:108700000190FFE7FFE7019820B9FFE70798006FA6
:1087100007900DE00998406A05900998806A0490D6
:10872000059806900698006F079000200190FFE7DB
:10873000FFE7079805998842BDD1FFE744F6543119
:10874000C2F200410868013808600698059988421D
:108750001FD0FFE70698006F03900698406F0290C5
:108760000298039948670398029908670598406F33
:108770000290059806990867029806994867069836
:10878000029908670698059948670698099948620A
:10879000FFE708980F900F9880F3108804F000FC12
:1087A000FFE7FFE7002010B080BD000000000000E0
:1087B00094B00D900C9100200490EFF310800E9077
:1087C00072B60E980B900D998868C96800EBC100CD
:1087D000103800900C980099884208D3FFE70B9856
:1087E0000F900F9880F3108800200A90F7E044F66D
:1087F0004430C2F200400068039003980D9908626B
:108800000D9840690A900D98C068013005900020CD
:108810000690FFE70A9804300190019802900298B0
:1088200000684EF6EE61CFF6FF7188424FD1FFE748
:10883000049830B9FFE70A980D9948610120049027
:10884000FFE70A98089008980068099009980A9923
:10885000401A069006980838069006980C998842A7
:1088600001D3FFE762E000200690099804300190F0
:1088700001980290029800684EF6EE61CFF6FF7103
:10888000884215D1FFE70998079007980068089972
:1088900008600D99C8680138C8600D984069099949
:1088A000884204D1FFE70A980D994861FFE70CE080
:1088B00009980790079800680A90059820B1FFE78B
:1088C000059801380590FFE7FFE7FFE705E00A9804
:1088D0000890089800680A90FFE7059820B1FFE724
:1088E000059801380590FFE70B981090109880F3D9
:1088F0001088EFF31080119072B611980B900D98BC
:10890000006A039988420BD0FFE70D9840690A90EE
:108910000D98C0680130059003980D990862FFE733
:10892000FFE7059800287FF475AFFFE70698002859
:108930004CD0FFE706980C99401A142822D3FFE781
:108940000A990C98084408300990099807900A98E9
:108950000890089800680799086009980430019009
:108960000198029002994EF6EE60CFF6FF70086013
:108970000D99C8680130C8600998089908600C987A
:108980000690FFE70A9804300190019808900D982E
:10899000089908600D998868069A801A08388860D6
:1089A0000A980D994969884207D1FFE70A9808900B
:1089B000089800680D994861FFE70B98129012988B
:1089C00080F310880A9808300A9007E00B981390FB
:1089D000139880F3108800200A90FFE7FFE70A98B9
:1089E00014B070470000000080B59AB011900020CC
:1089F0000F900E90EFF31080129072B612981090B4
:108A000011980C900C9898B3FFE70C9808380C90CC
:108A10000C9804300B900B980490049800684EF664
:108A2000EE61CFF6FF7188421ED0FFE70C9804304C
:108A30000B900B980390039800680E900E9818B94D
:108A4000FFE703200F900EE00E98006845F24541C5
:108A5000C4F25921884205D0FFE703200F9000207F
:108A60000E90FFE7FFE702E003200F90FFE702E030
:108A700003200F90FFE70E9830B9FFE7109813908E
:108A8000139880F31088D9E044F64430C2F20040D5
:108A900000680D900D980E9908620C9804300B90A8
:108AA0000B98049004994EF6EE60CFF6FF700860C4
:108AB0000C980290029800680A900E9988680A9AA9
:108AC0000C9BD21A104488600C980E994969884210
:108AD00004D2FFE70C980E994861FFE70E98806A70
:108AE000002800F0A480FFE7FFE70E98806A0028C6
:108AF00000F09580FFE70E98406A09900998806F12
:108B0000059010981490149880F310880E98059989
:108B1000FFF74EFE0C90EFF31080159072B615988B
:108B200010900D980E9908620C9808B9FFE776E04E
:108B300009980E99496A884248D1FFE70998806FE1
:108B40000599884241D1FFE70E99886A0138886209
:108B50000E98806A0890089820B9FFE70E990020C7
:108B600048620FE00998006F079007980E994862D5
:108B70000998406F069006980799486707980699E4
:108B80000867FFE70999002088660999C96F019174
:108B90000C99019A11600C900999C1F8840044F66F
:108BA0005431C2F2004108680130086010981690F4
:108BB000169880F31088099804F092FAEFF3108069
:108BC000179072B617981090FFE7FFE70C9828B33C
:108BD000FFE70C9808380C900C9804300B900B9819
:108BE000049004994EF6EE60CFF6FF7008600C9882
:108BF0000290029800680A900E9988680A9A0C9B65
:108C0000D21A104488600C980E994969884204D29F
:108C1000FFE70C980E994861FFE7FFE765E71098BA
:108C20001890189880F3108804F0BAF905E01098AD
:108C30001990199880F31088FFE7FFE70F981AB092
:108C400080BD00000000000080B58CB00790069148
:108C5000EFF31080089072B6089805900798806E20
:108C600048F64941C0F60001884274D1FFE70698F2
:108C70000799D1F8E41088426CD1FFE70798C06EDD
:108C800004900498002864D0FFE70498006844F238
:108C90004E41C4F2564188425AD1FFE704984069D8
:108CA000002854D0FFE7079900208866049840699F
:108CB0000390049800690290029820B3FFE703989C
:108CC00001380390039804994861039820B9FFE79D
:108CD00004990020086115E00798006F019007983B
:108CE000406F0090009801994867019800990867C3
:108CF00002980799884204D1FFE701980499086116
:108D0000FFE7FFE703E004990120C860FFE7079849
:108D1000006B07281AD1FFE707990720C1F88400E4
:108D200044F65431C2F200410868013008600598E9
:108D30000990099880F31088079804F0D1F9EFF3AF
:108D400010800A9072B60A980590FFE7FFE7FFE7E8
:108D5000FFE7FFE7FFE705980B900B9880F310887B
:108D60000CB080BD0000000080B588B00590049173
:108D700005983021F7F7CAFD049805994860EFF38C
:108D80001080069072B606980390059944F24E4002
:108D9000C4F25640086044F61430C2F20040006845
:108DA00058B9FFE7059844F61831C2F2004108604F
:108DB000059880610598C06115E044F61830C2F24C
:108DC0000040006802900298C069019005980299DD
:108DD000C86105980199886101980599C861029850
:108DE00005998861FFE744F61431C2F20041086832
:108DF0000130086003980790079880F310880020DE
:108E000008B080BD0000000080B58EB00790EFF381
:108E10001080089072B608980690079900200860A4
:108E200044F61430C2F20040016801390160006864
:108E300038B9FFE744F61831C2F20041002008605B
:108E40001CE00798806902900798C069019001981A
:108E50000299C86102980199886144F61830C2F2FB
:108E6000004000680799884207D1FFE7029844F65E
:108E70001831C2F200410860FFE7FFE744F65431C1
:108E8000C2F2004108680130086007980069059047
:108E9000079900200861079949690391079948617A
:108EA00006980990099880F31088FFE7039828B383
:108EB000FFE7039801380390EFF310800A9072B631
:108EC0000A98069005990020886605990120C1F846
:108ED00084000598006F049044F65431C2F20041BA
:108EE00008680130086006980B900B9880F3108892
:108EF000059804F0F5F804980590D7E7EFF3108093
:108F00000C9072B60C98069044F65431C2F20041AF
:108F100008680138086006980D900D9880F3108855
:108F200004F03EF800200EB080BD000000000000FC
:108F300080B594B0DDF858C00F900E910D920C934F
:108F4000EFF31080109072B610980B900F98806815
:108F500007900D9800F0020009900F98006A0590A4
:108F6000059828B1FFE70798059988430790FFE720
:108F7000099802280DD1FFE707980E99084006903E
:108F800006980E99884203D0FFE700200690FFE77D
:108F900004E007980E9908400690FFE7069868B32A
:108FA000FFE707980C9908600D9800F00100089001
:108FB000089801281FD1FFE7002000900F98406912
:108FC00040B1FFE70F98006918B9FFE70120009052
:108FD000FFE7FFE70098012806D1FFE70F99086A2D
:108FE0000E9A1043086205E00F9988680E9A904324
:108FF0008860FFE7FFE700200A9079E016980028D4
:1090000072D0FFE744F65430C2F20040006818B155
:10901000FFE707200A9066E044F64430C2F20040C1
:1090200000680390039948F64940C0F6000088663E
:109030000E98039988670D980399C1F880000C98E1
:109040000399C8670F980399C8660399D1F8E4009B
:109050000130C1F8E4000F9840690490049840B9C9
:10906000FFE703980F99086103980067039840672A
:1090700012E00F980069029002980399086702981D
:10908000406F019001980399486703980199086718
:10909000039802994867FFE70F99486901304861D2
:1090A00003990720086303990120886316980399A0
:1090B000C86444F65431C2F20041086801300860C7
:1090C0000B981190119880F31088039804F070FAAF
:1090D000EFF31080129072B612980B900398D0F8AC
:1090E00084000A90FFE702E007200A90FFE7FFE70D
:1090F0000B981390139880F310880A9814B080BDD1
:1091000087B0DDF820C0DDF81CC004900391029206
:109110000193EFF31080059072B6059800900398C4
:1091200028B1FFE70498406803990860FFE70298B8
:1091300038B1FFE704998868096A88430299086092
:10914000FFE7019828B1FFE70498006901990860DA
:10915000FFE7079828B1FFE704984069079908607E
:10916000FFE7089828B1FFE704988069089908602C
:10917000FFE700980690069880F31088002007B05B
:10918000704700000000000085B0DDF814C00490B6
:10919000039102920193049818B1FFE7FF20009019
:1091A0001EE0039818B1FFE7FF20009017E0029837
:1091B00018B1FFE7FF20009010E0019818B1FFE719
:1091C000FF20009009E0059818B1FFE7FF2000900C
:1091D00002E0FF200090FFE7FFE7FFE7FFE7FFE780
:1091E000009805B07047000085B00490039102928A
:1091F0000193049818B1FFE7FF20009017E003984F
:1092000018B1FFE7FF20009010E0029818B1FFE7C7
:10921000FF20009009E0019818B1FFE7FF200090BF
:1092200002E0FF200090FFE7FFE7FFE7FFE700987D
:1092300005B070470000000080B5A2B016901591EF
:109240001492EFF31080179072B6179813909DF850
:1092500050008007002825D5FFE7002002901698CF
:10926000406940B1FFE71698006918B9FFE701208F
:109270000290FFE7FFE70298012807D1FFE7169960
:10928000086A159A60EA0200086205E01699886883
:10929000159A10408860FFE713981890189880F38B
:1092A0001088A9E11698406A019016998868159A65
:1092B000104388601698006A30B1FFE71699086A73
:1092C000159A90430862FFE70020039016984069C2
:1092D0000B9016980069002800F07181FFE70B9849
:1092E000012861D1FFE716980069129016988068EE
:1092F0000A901298806F09901298D0F8800005901B
:10930000059800F002000690069802280DD1FFE7AC
:109310000A9809990840089008980999884203D04A
:10932000FFE700200890FFE704E00A980999084049
:109330000890FFE70898B0B3FFE701200390129868
:10934000C06F07900A9807990860059800F001001F
:1093500004900498012806D1FFE716998868099AB5
:1093600090438860FFE716990020086116994861CC
:10937000129988661299C1F8840044F65431C2F2F9
:10938000004108680130086013981990199880F31B
:109390001088129803F0A4FEEFF310801A9072B6B2
:1093A0001A981390FFE709E1169800690C900C9841
:1093B00012901699002008610E900D901698806802
:1093C0000A9044F65431C2F2004108680130086046
:1093D000FFE713981B901B9880F31088EFF3108021
:1093E0001C9072B61C9813901698C06870B1FFE775
:1093F00016990020C8600C981290169840690B903E
:109400000A981699896808430A90FFE71298006F36
:1094100011901298806F09901298D0F880000590F2
:10942000059800F002000690069802280DD1FFE78B
:109430000A9809990840089008980999884203D029
:10944000FFE700200890FFE704E00A980999084028
:109450000890FFE71298006B072803D0FFE7012070
:109460000890FFE70898002859D0FFE701200390F3
:109470001298006B07281BD1FFE71298C06F079066
:109480000A9807990860059800F001000490049874
:10949000012806D1FFE716998868099A90438860E9
:1094A000FFE71299002088661299C1F88400FFE74F
:1094B0001298016F884203D1FFE700200C9015E05D
:1094C0001298006F10901298406F0F900F9810999B
:1094D000486710980F9908670C981299884204D130
:1094E000FFE71298006F0C90FFE7FFE716994869B5
:1094F000013848610E9840B9FFE712980E90129813
:109500000D9012990020086708E012980D990867DD
:1095100012990020086712980D90FFE7FFE7119855
:1095200012900B9801380B90FFE70B9800287FF4FE
:1095300050AFFFE70C98169908611698006A48B179
:10954000FFE7169988680A6A904388601699002098
:109550000862FFE713981D901D9880F310880E98FD
:109560001290FFE71298D8B1FFE71298006F1190A0
:10957000EFF310801E9072B61E98139044F654318B
:10958000C2F2004108680130086013981F901F98CC
:1095900080F31088129803F0A3FD11981290E1E770
:1095A000EFF31080209072B62098139044F6543157
:1095B000C2F20041086801380860FFE708E0169829
:1095C000406920B1FFE716990120C860FFE7FFE777
:1095D00013982190219880F31088019820B1FFE71B
:1095E000019916988847FFE70398012803D1FFE700
:1095F00003F0D6FCFFE7FFE7002022B080BD0000AB
:1096000085B002900191EFF31080039072B6039839
:10961000009001980299486200980490049880F3A1
:109620001088002005B0704780B502F061FE04F09C
:10963000EFFF44F63431C2F200410020086044F6E6
:109640003031C2F20041086044F62C31C2F20041D0
:10965000086044F62831C2F20041086044F618312F
:10966000C2F20041086044F61431C2F200410860C1
:1096700044F60431C2F20041086044F60031C2F2FF
:109680000041086044F61031C2F20041086044F61F
:109690000C31C2F20041086044F62431C2F20041AC
:1096A000086044F62031C2F20041086080BD00002D
:1096B00080B582B040F20C00C2F20040006810F1A8
:1096C0000F3F13D0FFE740F20C01C2F200414FF010
:1096D000F0300860F6F70CFEFFF7A6FF44F65431B1
:1096E000C2F20041086801300860FFE740F20C0157
:1096F000C2F2004101914FF0F030086044F61C3096
:10970000C2F20040006814F083F90199002008605B
:10971000F6F746FE02B080BD80B58CB0079006918A
:10972000EFF31080089072B6089805900798806E45
:1097300049F21971C0F60001884268D1FFE7069826
:109740000799D1F8E410884260D1FFE70798C06E0E
:1097500004900498002858D0FFE70498006845F268
:109760004541C4F6555188424ED1FFE70498C0697F
:10977000002848D0FFE70799002088660499C86947
:109780000138C8610498C0690390039820B9FFE7C5
:1097900004990020886116E00798006F02900798EE
:1097A000406F0190019802994867029801990867F3
:1097B000049880690799884204D1FFE702980499C8
:1097C0008861FFE7FFE70798006B0D281AD1FFE7D4
:1097D00007991D20C1F8840044F65431C2F20041BB
:1097E00008680130086005980990099880F310888E
:1097F000079803F075FCEFF310800A9072B60A9890
:109800000590FFE7FFE7FFE7FFE7FFE7FFE70598C2
:109810000B900B9880F310880CB080BD0000000006
:1098200080B588B005900491039205983421F7F72C
:109830006DF8049805994860039805990861EFF35D
:109840001080069072B606980290059945F2454040
:10985000C4F65550086044F65031C2F200414AF255
:109860002950C0F60000086044F62030C2F20040E3
:10987000006858B9FFE7059844F62431C2F2004168
:109880000860059800620598406215E044F62430AF
:10989000C2F20040006801900198406A009005986B
:1098A00001994862059800990862009805994862F4
:1098B000019805990862FFE744F62031C2F20041A1
:1098C00008680130086002980790079880F31088B4
:1098D000002008B080BD000080B590B00790EFF385
:1098E0001080089072B608980690079900200860CA
:1098F00044F62030C2F2004001680139016000687E
:1099000038B9FFE744F62431C2F200410020086074
:109910001CE00798006A01900798406A0090009840
:109920000199486201980099086244F62430C2F215
:10993000004000680799884207D1FFE7019844F684
:109940002431C2F200410860FFE7FFE744F65431DA
:10995000C2F20041086801300860079880690590EC
:109960000799002088610799C96902910799C86120
:109970000798C0680390039890B1FFE7079901200A
:10998000886006980990099880F31088079800F07D
:10999000C7FBEFF310800A9072B60A980690FFE7B3
:1099A00006980B900B9880F31088FFE7029828B375
:1099B000FFE7029801380290EFF310800C9072B626
:1099C0000C98069005990020886605990120C1F839
:1099D00084000598006F049044F65431C2F20041AF
:1099E00008680130086006980D900D9880F3108883
:1099F000059803F075FB04980590D7E7EFF3108006
:109A00000E9072B60E98069044F65431C2F20041A0
:109A100008680138086006980F900F9880F3108846
:109A200003F0BEFA002010B080BD0000000000006E
:109A300080B590B009900891EFF310800A9072B64B
:109A40000A98079044F64430C2F20040006806903D
:109A500009988068002845D1FFE7099901208860AE
:109A600006980999C8600698A0B3FFE709980069AD
:109A7000012808D1FFE70698C06A09994861099949
:109A800020208862FFE70698D0F8D8000590059856
:109A900080B1FFE70598006B049009980599086369
:109AA00009980499C8620498099908630598099966
:109AB000C86208E009980699C1F8D8000998C06200
:109AC00009980063FFE70699D1F8D4000130C1F886
:109AD000D400FFE707980B900B9880F310880020C4
:109AE0000090AFE00998C068069988420CD1FFE762
:109AF000099988680130886007980C900C9880F369
:109B00001088002000909CE00898002800F09080C9
:109B1000FFE744F65430C2F20040006840B1FFE76E
:109B200007980D900D9880F310881D2000907EE01E
:109B30000998C0680390069949F21970C0F60000B0
:109B4000886609980699C8660699D1F8E40001303C
:109B5000C1F8E4000998C06940B9FFE7069809997F
:109B60008861069800670698406712E00998806946
:109B700002900298069908670298406F0190019838
:109B800006994867069801990867069802994867F8
:109B9000FFE70999C8690130C86106990D2008637B
:109BA00006990120886308980699C86444F65431E0
:109BB000C2F2004108680130086007980E900E98C4
:109BC00080F3108809980069012828D1FFE70998D7
:109BD000806A0699C96A884205D9FFE70698C06A73
:109BE00009998862FFE70698C06A0399D1F8D010F6
:109BF000884206D2FFE70698C06A0399C1F8D000F0
:109C0000FFE70398C06A0699C96A884206D9FFE748
:109C100003980699C96A00F0A3F9FFE7FFE70698E1
:109C200003F0C6FC0698D0F884000090FFE707E038
:109C300007980F900F9880F310881D200090FFE781
:109C4000FFE7FFE7009810B080BD000000000000B3
:109C500087B0DDF824C0DDF820C0DDF81CC004901A
:109C6000039102920193EFF31080059072B605986C
:109C70000090039828B1FFE70498406803990860B2
:109C8000FFE7029828B1FFE704988068029908600E
:109C9000FFE7019828B1FFE70498C06801990860C0
:109CA000FFE7079828B1FFE70498806907990860E3
:109CB000FFE7089828B1FFE70498C0690899086091
:109CC000FFE7099828B1FFE70498006A099908603E
:109CD000FFE700980690069880F31088002007B0F0
:109CE000704700000000000085B0DDF81CC0DDF802
:109CF00018C0DDF814C004900391029201930498F7
:109D000018B1FFE7FF2000902CE0039818B1FFE79F
:109D1000FF20009025E0029818B1FFE7FF20009097
:109D20001EE0019818B1FFE7FF20009017E00598AA
:109D300018B1FFE7FF20009010E0069818B1FFE788
:109D4000FF20009009E0079818B1FFE7FF2000907E
:109D500002E0FF200090FFE7FFE7FFE7FFE7FFE7F4
:109D6000FFE7FFE7009805B0704700000000000023
:109D700085B0DDF818C0DDF814C00490039102929C
:109D80000193049818B1FFE7FF20009025E00398A5
:109D900018B1FFE7FF2000901EE0029818B1FFE71E
:109DA000FF20009017E0019818B1FFE7FF20009016
:109DB00010E0059818B1FFE7FF20009009E0069831
:109DC00018B1FFE7FF20009002E0FF200090FFE7BE
:109DD000FFE7FFE7FFE7FFE7FFE7009805B0704701
:109DE00080B590B00990EFF310800A9072B60A988F
:109DF00008900998C06904900498012806D8FFE7E4
:109E000008980B900B9880F31088A3E00498022820
:109E100017D1FFE70998806905900598006F0390B6
:109E20000398C06A0599C96A884204D2FFE703987B
:109E300009998861FFE708980C900C9880F31088C6
:109E400087E0099880690590059806900698006F4C
:109E5000079044F65431C2F20041086801300860AE
:109E600000200190FFE70798C06A0699C96A8842F6
:109E700003D2FFE707980690FFE708980D900D982A
:109E800080F31088EFF310800E9072B60E98089051
:109E9000059809998969884203D0FFE7012001905C
:109EA00009E004980999C969884203D0FFE70120B5
:109EB0000190FFE7FFE7019820B9FFE70798006FDF
:109EC00007900DE00998806905900998C069049091
:109ED000059806900698006F079000200190FFE714
:109EE000FFE7079805998842BDD1FFE744F6543152
:109EF000C2F2004108680138086006980599884256
:109F00001FD0FFE70698006F03900698406F0290FD
:109F10000298039948670398029908670598406F6B
:109F2000029005980699086702980699486706986E
:109F30000299086706980599486706980999886103
:109F4000FFE708980F900F9880F3108803F028F827
:109F5000FFE7FFE7002010B080BD00000000000018
:109F600080B58EB006900591EFF31080079072B621
:109F7000079804900698006BC8B1FFE7059806990A
:109F8000C8620698D0F8CC000599884205D2FFE750
:109F90000699D1F8CC00C86303E005980699C86318
:109FA000FFE704980890089880F31088B3E044F61F
:109FB0004830C2F20040006803900698C06A0190E1
:109FC00044F65431C2F20041086802300860069934
:109FD0000E20086306990120886306990020C86452
:109FE00004980990099880F31088069803F0E0FA25
:109FF000EFF310800A9072B60A98049005980699BB
:10A00000C8620698D0F8CC000599884205D2FFE7CF
:10A010000699D1F8CC00C86303E005980699C86397
:10A02000FFE704980B900B9880F31088069803F0D4
:10A0300057F8EFF310800C9072B60C98049044F629
:10A040004830C2F2004000680290069802998842A7
:10A050005BD0FFE70698006B002855D1FFE7069814
:10A06000C06A0299C96A88421BD8FFE7069803991B
:10A07000884215D1FFE7069844F64831C2F2004104
:10A08000086001980599884209D2FFE70698C26ADC
:10A0900044F65C31C2F2004141F82200FFE7FFE7DD
:10A0A00031E00698C16AC06B88422BD2FFE7069860
:10A0B000C06B0299C96A884215D8FFE7069844F632
:10A0C0004831C2F20041086001980599884209D2DE
:10A0D000FFE70698C26A44F65C31C2F2004141F8DB
:10A0E0002200FFE70DE00698C16A01208840009039
:10A0F00044F65831C2F200410868009A10430860E3
:10A10000FFE7FFE7FFE7FFE7FFE704980D900D98F3
:10A1100080F31088FFE70EB080BD00000000000053
:10A1200080B5A2B0119020200C90EFF31080129017
:10A1300072B61298109011988068002800F0E7819C
:10A14000FFE71198C0680F9044F64430C2F2004017
:10A15000006807901198C0680799884210D0FFE7FF
:10A1600044F65430C2F20040006840B9FFE710984E
:10A170001390139880F310881E200C90FFE7FFE7E0
:10A180000C98202840F0C281FFE7119988680138B7
:10A1900088601198806840B1FFE710981490149877
:10A1A00080F3108800200C90AFE10F9840B9FFE7D2
:10A1B00010981590159880F3108800200C90A3E15A
:10A1C0000F99D1F8D4000138C1F8D4000F98D0F815
:10A1D000D40028B9FFE70F990020C1F8D80018E093
:10A1E0001198C06A0B901198006B0A900A980B990D
:10A1F00008630B980A99C8620F98D0F8D800119993
:10A20000884205D1FFE70B980F99C1F8D800FFE706
:10A21000FFE71198806978B9FFE71198006950B994
:10A22000FFE711990020C86010991691169981F3E3
:10A2300010880C90FFE7FFE70C98202840F063811E
:10A24000FFE700200E900F98D0F8C8000D901198ED
:10A25000006901284ED1FFE744F65431C2F20041B3
:10A2600008680130086010981790179880F31088DC
:10A27000202003900F98D0F8D8000B90FFE70B98A0
:10A28000F0B1FFE70B98006901280BD1FFE70B98AD
:10A29000806A0399884204D2FFE70B98806A039092
:10A2A000FFE7FFE70B98C06A0B900B980F99D1F866
:10A2B000D810884203D1FFE700200B90FFE7DEE7CC
:10A2C000EFF31080189072B61898109044F654313D
:10A2D000C2F2004108680138086003980F99C1F87C
:10A2E000D00003980D99884203D2FFE703980D90A0
:10A2F000FFE7FFE71198C069022821D3FFE7119813
:10A30000006901281BD1FFE744F65431C2F2004135
:10A31000029108680130086010981990199880F32C
:10A3200010881198FFF75CFD0299EFF310801A90E6
:10A3300072B61A981090086801380860FFE7FFE7C6
:10A3400011988069B8BBFFE744F65431C2F200416E
:10A3500008680130086010981B901B9880F31088E3
:10A360001199202088621198C068C06A0D998842AE
:10A3700006D0FFE71198C0680D99FFF7F1FDFFE7E0
:10A38000EFF310801C9072B61C98109044F6543174
:10A39000C2F200410868013808601199002001905C
:10A3A000C86010981D901D9880F3108802F0F8FD89
:10A3B00001980C90A6E0119880690F90119800699F
:10A3C00001280BD1FFE71198C0680E900F98C06A62
:10A3D00011994861119920208862FFE70F98D0F801
:10A3E000D4000990099848B9FFE711980F99C1F86E
:10A3F000D8001198C0621198006313E00F98D0F84C
:10A40000D8000B900B98006B0A9011980B99086379
:10A4100011980A99C8620A98119908630B981199C2
:10A42000C862FFE7099801300F99C1F8D40011996B
:10A43000012088600F981199C8601199C869013886
:10A44000C8611198C0690890089820B9FFE7119970
:10A45000002088610FE00F98006F06900698119910
:10A4600088610F98406F059005980699486706988F
:10A4700005990867FFE70F99002088660F99C1F8D2
:10A48000840044F65431C2F200410868013008608B
:10A4900010981E901E9880F310881198006901286A
:10A4A0002AD1FFE71198C069D0B1FFE71198FFF7F3
:10A4B00097FCEFF310801F9072B61F9810901198C0
:10A4C00080690490049828B1FFE70498C06A119944
:10A4D0008862FFE710982090209880F31088FFE7AB
:10A4E0000E98C06A0D99884205D0FFE70E980D9925
:10A4F000FFF736FDFFE7FFE70F9802F0F1FD0020C0
:10A500000C90FFE7FFE7FFE7FFE7FFE707E01098A2
:10A510002190219880F310881E200C90FFE70C9862
:10A5200022B080BD0000000080B588B00390EFF33A
:10A530001080049072B60498029044F65431C2F22E
:10A540000041086801300860FFE70398D0F8D800A0
:10A5500001900198B0B1FFE701990120886002984D
:10A560000590059880F310880198FFF7D9FDEFF367
:10A570001080069072B6069802900398D0F8D80022
:10A580000190FFE7FFE701980028DED1FFE744F6DE
:10A590005431C2F2004108680138086002980790FF
:10A5A000079880F3108808B080BD0000000000000C
:10A5B00080B58CB007900691EFF31080089072B6CA
:10A5C000089805900798806E4AF2B151C0F60001D4
:10A5D000884272D1FFE706980799D1F8E4108842C3
:10A5E0006AD1FFE70798C06E04900498002862D0F3
:10A5F000FFE70498006844F25551C5F255118842AE
:10A6000058D1FFE70498C06A002852D0FFE70799A5
:10A61000002088660499C86A0138C8620498C06A34
:10A620000390039820B9FFE704990020886216E0A0
:10A630000798006F02900798406F01900198029967
:10A6400048670298019908670498806A07998842C8
:10A6500004D1FFE7029804998862FFE7FFE70798B3
:10A66000006B052824D1FFE70498006928B1FFE7B3
:10A6700007990B20C1F8840004E007990A20C1F86B
:10A680008400FFE744F65431C2F20041086801300B
:10A69000086005980990099880F31088079802F0DF
:10A6A0001FFDEFF310800A9072B60A980590FFE73D
:10A6B000FFE7FFE7FFE7FFE7FFE705980B900B9841
:10A6C00080F310880CB080BD80B58CB0DDF838C048
:10A6D000099008910792069309984421F6F716F914
:10A6E0000898099948600798099988600E98079911
:10A6F0008900B0FBF1F00490049807994843039057
:10A7000006980999886109998869039A00EB820083
:10A71000C8610698099908620698099948620498E0
:10A720000999486104980999C860EFF310800A906C
:10A7300072B60A980590099944F25550C5F2551021
:10A74000086044F62830C2F20040006858B9FFE7BC
:10A75000099844F62C31C2F2004108600998006360
:10A760000998406315E044F62C30C2F200400068BE
:10A7700002900298406B01900998029948630998E9
:10A780000199086301980999486302980999086337
:10A79000FFE744F62831C2F2004108680130086042
:10A7A00005980B900B9880F3108800200CB080BDAA
:10A7B00080B58EB00790EFF31080089072B60898BD
:10A7C000069007990020086044F62830C2F2004045
:10A7D000016801390160006838B9FFE744F62C319F
:10A7E000C2F20041002008601CE00798006B029054
:10A7F0000798406B0190019802994863029801996B
:10A80000086344F62C30C2F2004000680799884281
:10A8100007D1FFE7029844F62C31C2F200410860EC
:10A82000FFE7FFE744F65431C2F200410868013007
:10A8300008600798806A0590079900208862079948
:10A84000C96A03910799C86206980990099880F32C
:10A850001088FFE7039828B3FFE7039801380390B7
:10A86000EFF310800A9072B60A98069005990020BE
:10A87000886605990120C1F884000598006F04904E
:10A8800044F65431C2F2004108680130086006986D
:10A890000B900B9880F31088059802F021FC049827
:10A8A0000590D7E7EFF310800C9072B60C980690E5
:10A8B00044F65431C2F20041086801380860069835
:10A8C0000D900D9880F3108802F06AFB00200EB006
:10A8D00080BD00000000000080B58CB00590002015
:10A8E00002900390EFF31080069072B606980490E1
:10A8F0000598006920B3FFE70599002008610599D4
:10A90000C86848610599886908620599886948623C
:10A910000598C06A98B1FFE70598806A039005988A
:10A92000C06A02900599002088620599C86244F6C1
:10A930005431C2F20041086801300860FFE7FFE7C8
:10A9400004980790079880F310880298002842D056
:10A95000FFE703980190FFE7029838B3FFE70298FA
:10A9600001380290019808B9FFE71FE0EFF310806B
:10A97000089072B6089804900199002088660199A1
:10A98000C1F884000198006F019044F65431C2F27E
:10A99000004108680130086004980990099880F324
:10A9A00010880198406F02F09BFBD5E7EFF3108011
:10A9B0000A9072B60A98049044F65431C2F20041EB
:10A9C00008680138086004980B900B9880F3108891
:10A9D00002F0E6FAFFE700200CB080BD00000000A6
:10A9E00080B594B00D900C910B9200200290EFF383
:10A9F00010800E9072B60E980A900D98C06A05905D
:10AA00000D984069002800F0BF80FFE705980028F6
:10AA100050D1FFE70D988169006A884207D1FFE7AE
:10AA20000D998A68C869A0EB8200086206E00D995A
:10AA30008A68086AA0EB82000862FFE70D994869FE
:10AA4000013848610D990869013008610C98089037
:10AA50000D98006A07900D98806806900898011D6F
:10AA60000891006807990A1D079208600698022855
:10AA700010D3FFE7FFE706980138069048B1FFE7DB
:10AA80000898011D0891006807990A1D079208603F
:10AA9000F1E7FFE70D98806B01900A980F900F98EF
:10AAA00080F31088019820B1FFE701990D9888473D
:10AAB000FFE768E00D98806A0990059801380590D5
:10AAC000059820B9FFE70D990020886213E00998E6
:10AAD000006F0D9988620998006F049004980D9991
:10AAE00088620998406F0390039804994867049816
:10AAF00003990867FFE705980D99C8620999002036
:10AB000088660D98806B01900C9808900998C06F2A
:10AB100007900D98806806900898011D08910068BC
:10AB200007990A1D079208600698022810D3FFE7CC
:10AB3000FFE706980138069048B1FFE70898011D25
:10AB40000891006807990A1D07920860F1E7FFE77E
:10AB500009990020C1F8840044F65431C2F2004142
:10AB60000868013008600A981090109880F31088E7
:10AB7000099802F0B5FA019820B1FFE701990D9804
:10AB80008847FFE7FFE78BE00B98002800F07F8005
:10AB9000FFE744F65430C2F20040006840B1FFE7DE
:10ABA0000A981190119880F310880B2002906DE0A4
:10ABB00044F64430C2F200400068099009994AF214
:10ABC000B150C0F6000088660D980999C8660C98C7
:10ABD0000999C86709990120C1F880000999D1F83D
:10ABE000E4000130C1F8E400059840B9FFE7099896
:10ABF0000D998862099800670998406715E00D98DB
:10AC0000806A04900498099908670498406F03903B
:10AC1000039809994867099803990867099804995E
:10AC2000486709980D998862FFE7059801300D99EA
:10AC3000C8620999052008630D98806B01900999F5
:10AC4000012088630B980999C86444F65431C2F214
:10AC500000410868013008600A981290129880F349
:10AC60001088099802F0A4FC0998D0F8840040B933
:10AC7000FFE7019820B1FFE701990D988847FFE7AA
:10AC8000FFE70998D0F884000290FFE707E00A98F0
:10AC90001390139880F310880B200290FFE7FFE7D2
:10ACA000029814B080BD000087B0DDF824C0DDF844
:10ACB00020C0DDF81CC00490039102920193EFF3D1
:10ACC0001080059072B605980090039828B1FFE7B0
:10ACD0000498406803990860FFE7029828B1FFE7ED
:10ACE0000498006902990860FFE7019828B1FFE71E
:10ACF0000498406901990860FFE7079828B1FFE7C9
:10AD00000498806A07990860FFE7089828B1FFE770
:10AD10000498C06A08990860FFE7099828B1FFE71E
:10AD20000498006B09990860FFE700980690069860
:10AD300080F31088002007B070470000000000007A
:10AD400085B0DDF81CC0DDF818C0DDF814C0049033
:10AD5000039102920193049818B1FFE7FF2000903D
:10AD60002CE0039818B1FFE7FF20009025E002983F
:10AD700018B1FFE7FF2000901EE0019818B1FFE72F
:10AD8000FF20009017E0059818B1FFE7FF20009022
:10AD900010E0069818B1FFE7FF20009009E007983F
:10ADA00018B1FFE7FF20009002E0FF200090FFE7CE
:10ADB000FFE7FFE7FFE7FFE7FFE7FFE7009805B0E2
:10ADC000704700000000000085B0DDF818C0DDF815
:10ADD00014C00490039102920193049818B1FFE704
:10ADE000FF20009025E0039818B1FFE7FF200090B6
:10ADF0001EE0029818B1FFE7FF20009017E00198CD
:10AE000018B1FFE7FF20009010E0059818B1FFE7A8
:10AE1000FF20009009E0069818B1FFE7FF2000909E
:10AE200002E0FF200090FFE7FFE7FFE7FFE7FFE713
:10AE3000FFE7009805B0704780B590B00990EFF338
:10AE400010800A9072B60A9808900998C06A049017
:10AE50000498012806D8FFE708980B900B9880F318
:10AE60001088A3E00498022817D1FFE70998806AA8
:10AE700005900598006F03900398C06A0599C96A08
:10AE8000884204D2FFE7039809998862FFE708988F
:10AE90000C900C9880F3108887E00998806A0590E0
:10AEA000059806900698006F079044F65431C2F258
:10AEB000004108680130086000200190FFE7079812
:10AEC000C06A0699C96A884203D2FFE707980690CC
:10AED000FFE708980D900D9880F31088EFF310802D
:10AEE0000E9072B60E98089005980999896A884262
:10AEF00003D0FFE70120019009E004980999C96A8D
:10AF0000884203D0FFE701200190FFE7FFE70198A7
:10AF100020B9FFE70798006F07900DE00998806A55
:10AF200005900998C06A0490059806900698006FED
:10AF3000079000200190FFE7FFE7079805998842F6
:10AF4000BDD1FFE744F65431C2F200410868013830
:10AF500008600698059988421FD0FFE70698006FA1
:10AF600003900698406F02900298039948670398EF
:10AF7000029908670598406F02900598069908673E
:10AF800002980699486706980299086706980599F5
:10AF90004867069809998862FFE708980F900F980C
:10AFA00080F3108801F0FCFFFFE7FFE7002010B0FE
:10AFB00080BD00000000000080B594B00C900B91A3
:10AFC0000A9200200190EFF310800D9072B60D9858
:10AFD00009900C98C06A04900C980069002800F051
:10AFE0004981FFE7049800283FD1FFE70C98006AE9
:10AFF00007900B9806900C98806805900798011DA3
:10B000000791006806990A1D0692086005980228B3
:10B0100010D3FFE7FFE705980138059048B1FFE737
:10B020000798011D0791006806990A1D069208609D
:10B03000F1E7FFE707980C99C969884204D1FFE757
:10B040000C9880690790FFE707980C9908620C99A3
:10B050004869013048610C9908690138086109980C
:10B060000E900E9880F3108803E10C98806A089087
:10B070000898D0F88000012857D1FFE70898C06FE2
:10B0800007900B9806900C98806805900798011D12
:10B090000791006806990A1D069208600598022823
:10B0A00010D3FFE7FFE705980138059048B1FFE7A7
:10B0B0000798011D0791006806990A1D069208600D
:10B0C000F1E7FFE7049801380490049820B9FFE7FE
:10B0D0000C99002088620FE00898006F0390039895
:10B0E0000C9988620898406F02900298039948670B
:10B0F000039802990867FFE704980C99C8620899B9
:10B10000002088660899C1F8840044F65431C2F2E0
:10B11000004108680130086009980F900F9880F38B
:10B120001088089801F0DCFFA2E00C98006A0790F4
:10B130000B9806900C98806805900798011D079160
:10B14000006806990A1D069208600598022810D327
:10B15000FFE7FFE705980138059048B1FFE707983A
:10B16000011D0791006806990A1D06920860F1E723
:10B17000FFE707980C99C969884204D1FFE70C984A
:10B1800080690790FFE707980C99086244F65431EC
:10B19000C2F20041086801300860086801380860A0
:10B1A0000898C06F07900C98406A06900C988068C9
:10B1B00005900798011D0791006806990A1D0692DF
:10B1C00008600598022810D3FFE7FFE705980138CB
:10B1D000059048B1FFE70798011D0791006806999F
:10B1E0000A1D06920860F1E7FFE706980C99C96905
:10B1F000884204D1FFE70C9880690690FFE7069823
:10B200000C9948620C98806A089004980138049060
:10B21000049820B9FFE70C99002088620FE0089895
:10B22000006F039003980C9988620898406F029011
:10B23000029803994867039802990867FFE7049802
:10B240000C99C8620899002088660899C1F88400A2
:10B2500044F65431C2F20041086801300860099890
:10B260001090109880F31088089801F039FFFFE7DC
:10B27000FFE777E00A9800286BD0FFE744F65430E8
:10B28000C2F20040006840B1FFE7099811901198A0
:10B2900080F310880A2001905AE044F64430C2F24C
:10B2A00000400068089008994AF2B150C0F60000CA
:10B2B00088660C980899C8660B980899C867089919
:10B2C0000020C1F880000899D1F8E4000130C1F8ED
:10B2D000E400049840B9FFE708980C998862089840
:10B2E00000670898406712E00C98806A0390039802
:10B2F000089908670398406F029002980899486778
:10B30000089802990867089803994867FFE7049826
:10B3100001300C99C862089905200863089901203A
:10B3200088630A980899C86444F65431C2F200410F
:10B3300008680130086009981290129880F310880C
:10B34000089802F035F90898D0F884000190FFE7DA
:10B3500007E009981390139880F310880A20019051
:10B36000FFE7FFE7019814B080BD00000000000077
:10B3700080B594B00D900C910B9200200290EFF3E9
:10B3800010800E9072B60E980A900D98C06A0590C3
:10B390000D984069002800F0B880FFE70598002864
:10B3A00049D1FFE70D994869013848610D9908694D
:10B3B000013008610C9808900D98406A07900D982C
:10B3C000806806900898011D0891006807990A1D79
:10B3D000079208600698022810D3FFE7FFE7069857
:10B3E0000138069048B1FFE70898011D08910068F0
:10B3F00007990A1D07920860F1E7FFE707980D9982
:10B40000C969884204D1FFE70D9880690790FFE77A
:10B4100007980D9948620D98806B01900A980F90DB
:10B420000F9880F31088019820B1FFE701990D98DB
:10B430008847FFE768E00D98806A09900598013811
:10B440000590059820B9FFE70D990020886213E068
:10B450000998006F0D9988620998006F049004980C
:10B460000D9988620998406F039003980499486782
:10B47000049803990867FFE705980D99C862099930
:10B48000002088660C9808900998C06F07900D9866
:10B49000806806900898011D0891006807990A1DA8
:10B4A000079208600698022810D3FFE7FFE7069886
:10B4B0000138069048B1FFE70898011D089100681F
:10B4C00007990A1D07920860F1E7FFE70999002034
:10B4D000C1F884000D98806B019044F65431C2F29B
:10B4E00000410868013008600A981090109880F3B5
:10B4F0001088099801F0F4FD019820B1FFE7019947
:10B500000D988847FFE7FFE787E00B9800287BD07E
:10B51000FFE744F65430C2F20040006840B1FFE754
:10B520000A981190119880F310880B2002906AE01D
:10B5300044F64430C2F200400068099009994AF28A
:10B54000B150C0F6000088660D980999C8660C983D
:10B550000999C86709990020C1F880000999D1F8B4
:10B56000E4000130C1F8E400059840B9FFE709980C
:10B570000D998862099800670998406712E00D9854
:10B58000806A04900498099908670498406F0390B2
:10B5900003980999486709980399086709980499D5
:10B5A0004867FFE7059801300D99C86209990520A1
:10B5B00008630D98806B01900999012088630B98AE
:10B5C0000999C86444F65431C2F200410868013058
:10B5D00008600A981290129880F31088099801F078
:10B5E000E7FF0998D0F8840040B9FFE7019820B13F
:10B5F000FFE701990D988847FFE7FFE70998D0F822
:10B6000084000290FFE707E00A981390139880F3F4
:10B6100010880B200290FFE7FFE7029814B080BD6E
:10B6200085B002900191EFF31080039072B60398F9
:10B63000009001980299886300980490049880F320
:10B640001088002005B0704780B58EB00990089131
:10B6500000200190EFF310800A9072B60A980790CC
:10B66000099800690490049828BBFFE7099880684E
:10B670000899884208D3FFE707980B900B9880F34E
:10B6800010882120019015E00999886801308860B0
:10B690000998C069069007980C900C9880F3108860
:10B6A000069820B1FFE7069909988847FFE7002030
:10B6B0000190FFE73FE00998C068059004980138C1
:10B6C0000490049820B9FFE709990020C8600FE0B2
:10B6D0000598006F039003980999C8600598406F1A
:10B6E0000290029803994867039802990867FFE758
:10B6F0000498099908610599002088660599C1F8A0
:10B7000084000998C069069044F65431C2F20041A1
:10B7100008680130086007980D900D9880F3108834
:10B72000059801F0DDFC069820B1FFE7069909981D
:10B730008847FFE7FFE701980EB080BD00000000DA
:10B7400080B58CB007900691EFF31080089072B628
:10B75000089805900798806E4BF24171C0F6000181
:10B76000884268D1FFE706980799D1F8E41088422B
:10B7700060D1FFE70798C06E04900498002858D065
:10B78000FFE70498006844F64151C5F2453188420C
:10B790004ED1FFE704980069002848D0FFE70799D9
:10B7A00000208866049908690138086104980069D6
:10B7B0000390039820B9FFE704990020C86016E0C1
:10B7C0000798006F02900798406F019001980299C6
:10B7D00048670298019908670498C06807998842E9
:10B7E00004D1FFE702980499C860FFE7FFE70798D4
:10B7F000006B06281AD1FFE707990D20C1F88400D5
:10B8000044F65431C2F200410868013008600598DE
:10B810000990099880F31088079801F061FCEFF314
:10B8200010800A9072B60A980590FFE7FFE7FFE7DD
:10B83000FFE7FFE7FFE705980B900B9880F3108870
:10B840000CB080BD0000000080B588B00590049168
:10B85000039205982821F5F759F80498059948604E
:10B86000039805998860EFF31080069072B60698E9
:10B870000290059944F64150C5F24530086044F6FF
:10B880003030C2F20040006858B9FFE7059844F62E
:10B890003431C2F20041086005984061059880612A
:10B8A00015E044F63430C2F200400068019001987F
:10B8B0008069009005980199886105980099486110
:10B8C000009805998861019805994861FFE744F659
:10B8D0003031C2F2004108680130086002980790D8
:10B8E000079880F31088002008B080BD0000000099
:10B8F00080B58EB00790EFF31080089072B608986C
:10B90000069007990020086044F63030C2F20040EB
:10B91000016801390160006838B9FFE744F6343145
:10B92000C2F20041002008601CE0079840690290C4
:10B93000079880690190019802998861029801999D
:10B94000486144F63430C2F20040006807998842EA
:10B9500007D1FFE7029844F63431C2F20041086093
:10B96000FFE7FFE744F65431C2F2004108680130B6
:10B9700008600798C068059007990020C86007997B
:10B98000096903910799086106980990099880F35D
:10B990001088FFE7039828B3FFE703980138039066
:10B9A000EFF310800A9072B60A980690059900206D
:10B9B000886605990120C1F884000598006F0490FD
:10B9C00044F65431C2F2004108680130086006981C
:10B9D0000B900B9880F31088059801F081FB049878
:10B9E0000590D7E7EFF310800C9072B60C98069094
:10B9F00044F65431C2F200410868013808600698E4
:10BA00000D900D9880F3108801F0CAFA00200EB056
:10BA100080BD00000000000080B58CB0069005914C
:10BA200000200090EFF31080079072B60798049002
:10BA30000698806850B1FFE70699886801388860E9
:10BA400004980890089880F3108871E00598002801
:10BA500065D0FFE744F65430C2F20040006840B1C0
:10BA6000FFE704980990099880F310880D20009052
:10BA700054E044F64430C2F2004000680390039959
:10BA80004BF24170C0F60000886606980399C866BC
:10BA90000399D1F8E4000130C1F8E4000698006988
:10BAA00040B9FFE703980699C860039800670398B8
:10BAB000406712E00698C0680290029803990867F0
:10BAC0000298406F01900198039948670398019983
:10BAD0000867039802994867FFE7069908690130EB
:10BAE000086103990620086303990120886305987B
:10BAF0000399C86444F65431C2F200410868013029
:10BB0000086004980A900A9880F31088039801F05E
:10BB10004FFD0398D0F884000090FFE707E00498F9
:10BB20000B900B9880F310880D200090FFE7FFE743
:10BB300000980CB080BD000087B0DDF820C0DDF8B3
:10BB40001CC00490039102920193EFF310800590C2
:10BB500072B605980090039828B1FFE704984068F2
:10BB600003990860FFE7029828B1FFE7049880680E
:10BB700002990860FFE7019828B1FFE70498C068C0
:10BB800001990860FFE7079828B1FFE7049800696A
:10BB900007990860FFE7089828B1FFE70498406913
:10BBA00008990860FFE700980690069880F31088CF
:10BBB000002007B07047000085B0DDF814C0049085
:10BBC000039102920193049818B1FFE7FF200090BF
:10BBD0001EE0039818B1FFE7FF20009017E00298DD
:10BBE00018B1FFE7FF20009010E0019818B1FFE7BF
:10BBF000FF20009009E0059818B1FFE7FF200090B2
:10BC000002E0FF200090FFE7FFE7FFE7FFE7FFE725
:10BC1000009805B07047000085B00490039102922F
:10BC20000193049818B1FFE7FF20009017E00398F4
:10BC300018B1FFE7FF20009010E0029818B1FFE76D
:10BC4000FF20009009E0019818B1FFE7FF20009065
:10BC500002E0FF200090FFE7FFE7FFE7FFE7009823
:10BC600005B070470000000080B590B00990EFF378
:10BC700010800A9072B60A9808900998006904909A
:10BC80000498012806D8FFE708980B900B9880F3DA
:10BC90001088A3E00498022817D1FFE70998C0682C
:10BCA00005900598006F03900398C06A0599C96ACA
:10BCB000884204D2FFE703980999C860FFE7089813
:10BCC0000C900C9880F3108887E00998C068059064
:10BCD000059806900698006F079044F65431C2F21A
:10BCE000004108680130086000200190FFE70798D4
:10BCF000C06A0699C96A884203D2FFE7079806908E
:10BD0000FFE708980D900D9880F31088EFF31080EE
:10BD10000E9072B60E98089005980999C9688842E5
:10BD200003D0FFE70120019009E00498099909690F
:10BD3000884203D0FFE701200190FFE7FFE7019869
:10BD400020B9FFE70798006F07900DE00998C068D9
:10BD50000590099800690490059806900698006F70
:10BD6000079000200190FFE7FFE7079805998842B8
:10BD7000BDD1FFE744F65431C2F2004108680138F2
:10BD800008600698059988421FD0FFE70698006F63
:10BD900003900698406F02900298039948670398B1
:10BDA000029908670598406F029005980699086700
:10BDB00002980699486706980299086706980599B7
:10BDC000486706980999C860FFE708980F900F9890
:10BDD00080F3108801F0E4F8FFE7FFE7002010B0DF
:10BDE00080BD00000000000080B58AB00690EFF32F
:10BDF0001080079072B60798059006980069029027
:10BE00000298A0B9FFE70699886801308860069813
:10BE1000C069049005980890089880F310880498E9
:10BE200020B1FFE7049906988847FFE73FE00698AE
:10BE3000C0680390029801380290029820B9FFE789
:10BE400006990020C8600FE00398006F01900198E8
:10BE50000699C8600398406F009000980199486760
:10BE6000019800990867FFE702980699086103990D
:10BE7000002088660699C96904910399C1F8840075
:10BE800044F65431C2F20041086801300860059858
:10BE90000990099880F31088039801F021F904981B
:10BEA00020B1FFE7049906988847FFE7FFE70020E5
:10BEB0000AB080BD0000000085B002900191EFF350
:10BEC0001080039072B60398009001980299C8619F
:10BED00000980490049880F31088002005B0704703
:10BEE00080B592B0DDF864C0DDF860C0DDF85CC0FC
:10BEF000DDF858C0DDF854C0DDF850C00B900A9151
:10BF0000099208930020039014981599EF22F4F7F2
:10BF1000F6FC159820F00300043815901498019051
:10BF20000198033020F003000090019800998842A6
:10BF300004D0FFE7159804381590FFE70098149097
:10BF40000B98E821F4F7E2FC0A980B9988620998AB
:10BF50000B99486408980B99886414980B99C860E9
:10BF600015980B99486116980B99C86216980B9909
:10BF7000C1F8C80018980B99886118980B99C86186
:10BF80000B992020C1F8D0001498029002991598BE
:10BF900008440138029002980B99086117980B9990
:10BFA000C86317980B99C1F8CC000B99032008635C
:10BFB0000B994DF6F960C0F6000048650B98806556
:10BFC0000B984CF66131C0F60001F4F7A9FB0B9910
:10BFD0008868C1F8DC00EFF310800C9072B60C9802
:10BFE00007900B9945F24420C5F24840086044F69A
:10BFF0003C30C2F20040006868B9FFE70B9844F695
:10C000004031C2F2004108600B98C0F888000B98DC
:10C01000C0F88C001AE044F64030C2F200400068DC
:10C0200006900698D0F88C0005900B980699C1F8F8
:10C030008C000B980599C1F8880005980B99C1F8F8
:10C040008C0006980B99C1F88800FFE744F63C3154
:10C05000C2F2004108680130086044F65431C2F26F
:10C0600000410868013008601998012832D1FFE7C3
:10C0700040F20C00C2F200400068EFF305810D9120
:10C080000D990843B0F1F03F11D3FFE744F6483073
:10C09000C2F2004000680490049838B1FFE70498A9
:10C0A000C06B03900499C86AC863FFE702E00020F0
:10C0B0000490FFE707980E900E9880F310880B9875
:10C0C00001F00EF8049820B1FFE703980499C863C3
:10C0D000FFE719E007980F900F9880F31088EFF3AF
:10C0E0001080109072B61098079044F65431C2F246
:10C0F000004108680138086007981190119880F392
:10C10000108800F04DFFFFE7002012B080BD000056
:10C1100088B0049000200090EFF31080059072B674
:10C12000059803900498006B01280ED0FFE704984F
:10C13000006B022808D0FFE703980690069880F36A
:10C14000108811200090FFE7FFE70098D8BBFFE7B9
:10C1500004990020086044F63C30C2F200400168B7
:10C1600001390160006838B9FFE744F64031C2F296
:10C1700000410020086020E00498D0F88800029078
:10C180000498D0F88C00019001980299C1F88C00B5
:10C1900002980199C1F8880044F64030C2F200408C
:10C1A00000680499884207D1FFE7029844F64031BD
:10C1B000C2F200410860FFE7FFE703980790079885
:10C1C00080F31088FFE7009808B070470000000077
:10C1D00085B002900191EFF31080039072B603983E
:10C1E000009001980299C1F8E0000098049004982A
:10C1F00080F31088002005B07047000000000000A8
:10C2000084B0EFF31080029072B60298009044F66A
:10C210004430C2F2004000680190009803900398F7
:10C2200080F31088019804B07047000000000000FF
:10C2300087B0DDF82CC0DDF828C0DDF824C0DDF8BB
:10C2400020C0DDF81CC00490039102920193EFF32B
:10C250001080059072B605980090039828B1FFE70A
:10C260000498806A03990860FFE7029828B1FFE705
:10C270000498006B02990860FFE7019828B1FFE776
:10C280000498406801990860FFE7079830B1FFE71C
:10C290000498D0F8C80007990860FFE7089830B103
:10C2A000FFE70498D0F8CC0008990860FFE70998E8
:10C2B00028B1FFE70498806909990860FFE70A98A8
:10C2C00030B1FFE70498D0F888000A990860FFE7CA
:10C2D0000B9828B1FFE70498006F0B990860FFE7FF
:10C2E00000980690069880F31088002007B07047E9
:10C2F00080B582B044F64431C2F200410020019082
:10C30000086044F64831C2F20041086044F6DC316E
:10C31000C2F20041086044F65831C2F200410860A0
:10C3200044F64C31C2F200412020086044F65C30F3
:10C33000C2F200408021F4F7E9FA019844F6403156
:10C34000C2F20041086044F63C31C2F2004108608C
:10C3500044F65431C2F20041086044F65031C2F252
:10C360000041086044F63831C2F20041086044F6EA
:10C370000831C2F20041086840F08870086002B0DD
:10C3800080BD00000000000085B0DDF82CC0DDF8A5
:10C3900028C0DDF824C0DDF820C0DDF81CC0DDF8C1
:10C3A00018C0DDF814C00490039102920193049820
:10C3B00018B1FFE7FF20009048E0039818B1FFE7AD
:10C3C000FF20009041E0029818B1FFE7FF200090A5
:10C3D0003AE0019818B1FFE7FF20009033E005989C
:10C3E00018B1FFE7FF2000902CE0069818B1FFE796
:10C3F000FF20009025E0079818B1FFE7FF2000908C
:10C400001EE0089818B1FFE7FF20009017E0099898
:10C4100018B1FFE7FF20009010E00A9818B1FFE77D
:10C42000FF20009009E00B9818B1FFE7FF20009073
:10C4300002E0FF200090FFE7FFE7FFE7FFE7FFE7ED
:10C44000FFE7FFE7FFE7FFE7FFE7FFE7009805B03B
:10C45000704700000000000085B0DDF82CC0DDF85A
:10C4600028C0DDF824C0DDF820C0DDF81CC0DDF8F0
:10C4700018C0DDF814C0049003910292019304984F
:10C4800018B1FFE7FF20009048E0039818B1FFE7DC
:10C49000FF20009041E0029818B1FFE7FF200090D4
:10C4A0003AE0019818B1FFE7FF20009033E00598CB
:10C4B00018B1FFE7FF2000902CE0069818B1FFE7C5
:10C4C000FF20009025E0079818B1FFE7FF200090BB
:10C4D0001EE0089818B1FFE7FF20009017E00998C8
:10C4E00018B1FFE7FF20009010E00A9818B1FFE7AD
:10C4F000FF20009009E00B9818B1FFE7FF200090A3
:10C5000002E0FF200090FFE7FFE7FFE7FFE7FFE71C
:10C51000FFE7FFE7FFE7FFE7FFE7FFE7009805B06A
:10C52000704700000000000080B58AB005900491BB
:10C53000039200200090EFF31080069072B60698E8
:10C54000029004980599D1F8C810884203D9FFE7F2
:10C55000182000908AE00598D0F8C8000499884215
:10C560001AD1FFE70599CA6A44F65C30C2F200406E
:10C5700050F8220088420ED1FFE70598C16A0120D9
:10C580008840019044F65831C2F200410868019A8F
:10C5900090430860FFE7FFE70598D0F8CC000399C7
:10C5A000086004980599C1F8CC0004980599D1F861
:10C5B000D010884204D2FFE704980599C86304E0CC
:10C5C0000599D1F8D000C863FFE744F64C30C2F2B9
:10C5D000004000680599C96A884246D2FFE744F6E0
:10C5E0004C30C2F200400068049988423CD2FFE718
:10C5F00044F64830C2F2004000680599884232D1C2
:10C60000FFE70598C16AC06B88420ED0FFE7059826
:10C61000C16A01208840019044F65831C2F20041BD
:10C620000868019A10430860FFE744F64C30C2F2F4
:10C630000040016844F65C30C2F2004050F821002E
:10C6400044F64831C2F2004108600298079007980A
:10C6500080F3108800F0A4FCEFF31080089072B60D
:10C6600008980290FFE7FFE7FFE7FFE702980990CD
:10C67000099880F3108800980AB080BD000000007F
:10C6800080B58CB0069005910492EFF3108007906E
:10C6900072B6079803900698D0F8C800049908600D
:10C6A0000698006B28B3FFE705980699C1F8C80003
:10C6B00005980699C1F8CC0005980699D1F8D010D4
:10C6C000884207D2FFE705980699C862059806993F
:10C6D000C86308E00699D1F8D000C8620699D1F87D
:10C6E000D000C863FFE703980890089880F310888B
:10C6F0008AE006990E20086344F64830C2F20040F2
:10C70000006802900698C06A009044F65431C2F264
:10C710000041086803300860069901208863069983
:10C720000020C86403980990099880F3108806983F
:10C7300000F03EFF05980699C1F8C80005980699D3
:10C74000C1F8CC0005980699D1F8D010884207D2DC
:10C75000FFE705980699C86205980699C86308E03E
:10C760000699D1F8D000C8620699D1F8D000C86304
:10C77000FFE7069800F0B4FCEFF310800A9072B661
:10C780000A98039044F65431C2F200410868013817
:10C79000086044F64830C2F20040006801900698F4
:10C7A0000199884228D0FFE70698006B18BBFFE785
:10C7B0000698C06A0199C96A88421BD8FFE70698A3
:10C7C0000299884215D1FFE7069844F64831C2F233
:10C7D0000041086000980599884209D2FFE7069851
:10C7E000C26A44F65C31C2F2004141F82200FFE720
:10C7F000FFE7FFE7FFE7FFE703980B900B9880F355
:10C80000108800F0CDFBFFE700200CB080BD0000D9
:10C8100080B598B044F64430C2F2004000680390FE
:10C82000EFF31080069072B60698029003980028E5
:10C8300053D0FFE70398006845F24421C5F2484110
:10C8400088424AD1FFE703998868D1F8DC10884212
:10C8500005D2FFE703998868C1F8DC00FFE7039879
:10C86000C0680068B0F1EF3F0FD1FFE7039800699F
:10C87000D0F80100B0F1EF3F07D1FFE70398C1689E
:10C88000D0F8DC0088420FD2FFE7029807900798A3
:10C8900080F31088039800F0CBFAEFF31080089033
:10C8A00072B608980290FFE70398D0F8DC0050F8C1
:10C8B000040CB0F1EF3F0FD0FFE702980990099800
:10C8C00080F31088039800F02BFAEFF310800A90A1
:10C8D00072B60A980290FFE7FFE702980B900B9858
:10C8E00080F31088EFF310800C9072B60C980590CE
:10C8F0000398C06945F27C11C2F2004108600398B8
:10C90000C06A04900399086A884211D0FFE703982F
:10C91000006A049A44F65C31C2F2004141F82200F8
:10C920000398006A44F64831C2F200410860FFE70C
:10C9300044F64C30C2F2004000680499884211D29B
:10C94000FFE744F64C30C2F20040016844F65C3028
:10C95000C2F2004050F8210044F64831C2F20041D2
:10C960000860FFE705980D900D9880F3108844F655
:10C970004830C2F2004000680399884200F083808A
:10C98000FFE744F64830C2F2004000680390EFF33E
:10C9900010800E9072B60E9801900398002853D024
:10C9A000FFE70398006845F24421C5F248418842F8
:10C9B0004AD1FFE703998868D1F8DC10884205D294
:10C9C000FFE703998868C1F8DC00FFE70398C068B7
:10C9D0000068B0F1EF3F0FD1FFE703980069D0F88E
:10C9E0000100B0F1EF3F07D1FFE70398C168D0F82D
:10C9F000DC0088420FD2FFE701980F900F9880F378
:10CA00001088039800F014FAEFF31080109072B6BB
:10CA100010980190FFE70398D0F8DC0050F8040C60
:10CA2000B0F1EF3F0FD0FFE701981190119880F31C
:10CA30001088039800F074F9EFF31080129072B62A
:10CA400012980190FFE7FFE701981390139880F385
:10CA500010884EF60451CEF200014FF0805008606D
:10CA6000EFF305801590159860B9FFE7EFF310809C
:10CA700016901698149062B614981790179880F331
:10CA80001088FFE7FFE718B080BD0000000000003D
:10CA900080B58AB0049000200090EFF310800690DB
:10CAA00072B6069803900498006B03283BD1FFE709
:10CAB00040F20C00C2F200400068EFF305810791DC
:10CAC00007990843B0F1F03F11D3FFE744F648302F
:10CAD000C2F2004000680190019838B1FFE7019868
:10CAE000C06B00900199C86AC863FFE702E00020AC
:10CAF0000190FFE744F65431C2F20041086801306A
:10CB0000086003980890089880F31088049800F053
:10CB1000E7FA019820B1FFE700980199C863FFE7A1
:10CB20000020059016E00498406B012806D1FFE72D
:10CB30000499002048631920029002E0122002901C
:10CB4000FFE7FFE703980990099880F3108802989F
:10CB50000590FFE705980AB080BD000000000000C6
:10CB600080B588B044F64430C2F2004000680290BC
:10CB7000EFF31080049072B6049803900298D0F8F6
:10CB8000E000019003980590059880F310880198C3
:10CB900028B1FFE7019A029800219047FFE7029829
:10CBA000416C806C884744F65030C2F20040006807
:10CBB00040B1FFE744F65030C2F2004001680298ED
:10CBC0008847FFE7EFF31080069072B6069803904F
:10CBD0000298D0F8E00001900299012008630299C0
:10CBE000886302990020C86444F65431C2F20041BF
:10CBF00008680130086003980790079880F3108850
:10CC0000019828B1FFE7019A029801219047FFE7B8
:10CC1000029800F0CDFC08B080BD000000000000CC
:10CC200080B58CB00390EFF31080049072B6049836
:10CC3000029044F64430C2F2004000680090009830
:10CC400040B9FFE702980590059880F310881320FB
:10CC5000019062E040F20C00C2F200400068EFF385
:10CC6000058106910699084340B1FFE702980790B5
:10CC7000079880F31088132001904DE0009844F647
:10CC80009441C2F20041884208D1FFE7029808901F
:10CC9000089880F31088132001903CE0039840B975
:10CCA000FFE702980990099880F31088002001900E
:10CCB00030E044F65430C2F20040006840B1FFE773
:10CCC00002980A900A9880F310881320019020E0BF
:10CCD00000990420086300990120886300990020CE
:10CCE000C1F8840003980099C86444F65431C2F234
:10CCF000004108680130086002980B900B9880F39F
:10CD00001088009800F054FC0098D0F8840001903E
:10CD1000FFE7FFE7FFE7FFE7FFE701980CB080BD03
:10CD20008AB00590EFF31080069072B606980490D2
:10CD30000598002873D0FFE70598006845F2442164
:10CD4000C5F24841884269D1FFE70598C068029062
:10CD50000298002861D0FFE70598D0F8DC00019028
:10CD60000198002858D0FFE704980790079880F3AF
:10CD70001088FFE701980299401A8010400800903F
:10CD80000298009900EB8100039003980068B0F1CD
:10CD9000EF3F03D0FFE70398019002E00398029071
:10CDA000FFE7FFE700980128E4D8FFE7FFE70398D3
:10CDB0000068B0F1EF3F04D1FFE70398043003901F
:10CDC000F5E7EFF31080089072B608980490059884
:10CDD000006845F24421C5F2484188421BD1FFE773
:10CDE00003980599C968884214D9FFE70398059903
:10CDF000D1F8DC1088420CD2FFE703980068B0F14C
:10CE0000EF3F05D0FFE703980599C1F8DC00FFE785
:10CE1000FFE7FFE7FFE7FFE7FFE7FFE7FFE704982C
:10CE20000990099880F310880AB07047000000004C
:10CE300080B584B00190EFF31080029072B6029832
:10CE4000009044F63830C2F20040006840B1FFE77D
:10CE500044F63830C2F20040016801988847FFE785
:10CE600000980390039880F3108804B080BD000000
:10CE700084B00190EFF31080029072B60298009097
:10CE8000019844F63831C2F20041086000980390DE
:10CE9000039880F31088002004B070470000000061
:10CEA00080B58AB00490EFF31080069072B60698B1
:10CEB000039044F64430C2F20040006802900498A7
:10CEC000006B00283FD1FFE70020019040F20C00EA
:10CED000C2F200400068EFF305810791079908430B
:10CEE00088B9FFE70298049988420BD1FFE744F61E
:10CEF0005430C2F20040006818B1FFE714200190DE
:10CF0000FFE7FFE7FFE70198E0B9FFE70499032097
:10CF10000863049901208863049900200090C86484
:10CF200044F65431C2F200410868013008600398A9
:10CF30000890089880F31088049800F039FB009856
:10CF4000059029E020E00498006B022803D1FFE758
:10CF50001420019017E00498006B012803D1FFE72B
:10CF6000142001900EE00498006B032803D1FFE722
:10CF70000020019005E00499012048630020019001
:10CF8000FFE7FFE7FFE7FFE703980990099880F3C1
:10CF9000108801980590FFE705980AB080BD000051
:10CFA00080B58EB044F65430C2F200400068039061
:10CFB0000398002840F09080FFE744F64430C2F226
:10CFC00000400068029044F64830C2F20040006819
:10CFD000019002980199884200F07D80FFE7EFF30D
:10CFE0001080049072B6049800900198002853D0E5
:10CFF000FFE70198006845F24421C5F248418842A4
:10D000004AD1FFE701998868D1F8DC10884205D23F
:10D01000FFE701998868C1F8DC00FFE70198C06864
:10D020000068B0F1EF3F0FD1FFE701980069D0F839
:10D030000100B0F1EF3F07D1FFE70198C168D0F8D8
:10D04000DC0088420FD2FFE700980590059880F336
:10D0500010880198FFF7ECFEEFF31080069072B68F
:10D0600006980090FFE70198D0F8DC0050F8040C17
:10D07000B0F1EF3F0FD0FFE700980790079880F3DB
:10D0800010880198FFF74CFEEFF31080089072B6FD
:10D0900008980090FFE7FFE700980990099880F34F
:10D0A00010884EF60451CEF200014FF08050086017
:10D0B000EFF305800B900B9860B9FFE7EFF310805A
:10D0C0000C900C980A9062B60A980D900D9880F317
:10D0D0001088FFE7FFE7FFE70EB080BD000000000B
:10D0E00080B5AAB00C90EFF310800D9072B60D9839
:10D0F00003900C98002853D0FFE70C98006845F285
:10D100004421C5F2484188424AD1FFE70C9988681A
:10D11000D1F8DC10884205D2FFE70C998868C1F885
:10D12000DC00FFE70C98C0680068B0F1EF3F0FD15A
:10D13000FFE70C980069D0F80100B0F1EF3F07D18C
:10D14000FFE70C98C168D0F8DC0088420FD2FFE7F7
:10D1500003980E900E9880F310880C98FFF768FEE5
:10D16000EFF310800F9072B60F980390FFE70C98C2
:10D17000D0F8DC0050F8040CB0F1EF3F0FD0FFE71F
:10D1800003981090109880F310880C98FFF7C8FD52
:10D19000EFF31080119072B611980390FFE7FFE74C
:10D1A00003981290129880F31088EFF31080139078
:10D1B00072B613980B900C98406E28B1FFE70C984C
:10D1C0004C3001F089FB03E00C990020C864FFE7B4
:10D1D00044F65431C2F200410868013808600C98E6
:10D1E000806B002840F02381FFE70C98006B00283B
:10D1F00000F01C81FFE70C98406B002840F00E8186
:10D20000FFE70C99002008630C98C06A0A900A99FD
:10D2100044F65C30C2F2004050F8210008900898B3
:10D22000002840F0EA80FFE70C980A9A44F65C3147
:10D23000C2F2004141F822000C9800620C98406252
:10D240000A9901208840099044F6DC31C2F200417D
:10D250000868099A104308600A9844F64C31C2F2F3
:10D2600000410968884280F0C780FFE70A9844F6C9
:10D270004C31C2F20041086044F64830C2F200402E
:10D2800000680690069838B9FFE70C9844F64831D4
:10D29000C2F200410860AEE00A980699C96B884264
:10D2A00080F0A880FFE70698C16AC06B88420ED064
:10D2B000FFE70698C16A01208840099044F658317A
:10D2C000C2F200410868099A10430860FFE70C9910
:10D2D00044F64830C2F2004001600B991491149951
:10D2E00081F3108800680C90EFF31080159072B6EF
:10D2F000159802900C98002853D0FFE70C9800680E
:10D3000045F24421C5F2484188424AD1FFE70C99D1
:10D310008868D1F8DC10884205D2FFE70C9988684C
:10D32000C1F8DC00FFE70C98C0680068B0F1EF3F7F
:10D330000FD1FFE70C980069D0F80100B0F1EF3F82
:10D3400007D1FFE70C98C168D0F8DC0088420FD203
:10D35000FFE702981690169880F310880C98FFF754
:10D3600067FDEFF31080179072B617980290FFE7F1
:10D370000C98D0F8DC0050F8040CB0F1EF3F0FD05F
:10D38000FFE702981890189880F310880C98FFF720
:10D39000C7FCEFF31080199072B619980290FFE75E
:10D3A000FFE702981A901A9880F3108844F65430D8
:10D3B000C2F20040006804900498D0B9FFE74EF62E
:10D3C0000451CEF200014FF080500860EFF3058069
:10D3D0001C901C9860B9FFE7EFF310801D901D981A
:10D3E0001B9062B61B981E901E9880F31088FFE772
:10D3F000FFE7DBE0FFE7FFE70FE00898406A0790F0
:10D400000C98079908620C980899486207980C993B
:10D41000486208980C990862FFE706E00C99002022
:10D4200048630C9903200863FFE7FFE71DE00C98B1
:10D43000006B012818D0FFE70C98006B022812D06F
:10D44000FFE70C98406B30B9FFE70C990020886328
:10D450000C99086306E00C99002048630C9903209E
:10D460000863FFE7FFE7FFE7FFE744F64430C2F257
:10D470000040006805900B981F901F9880F310885B
:10D48000059844F64831C2F200410968884200F02C
:10D490008D80FFE744F64830C2F2004000680C90EF
:10D4A000EFF31080209072B6209801900C9800281D
:10D4B00053D0FFE70C98006845F24421C5F248417B
:10D4C00088424AD1FFE70C998868D1F8DC1088427D
:10D4D00005D2FFE70C998868C1F8DC00FFE70C98DB
:10D4E000C0680068B0F1EF3F0FD1FFE70C9800690A
:10D4F000D0F80100B0F1EF3F07D1FFE70C98C16809
:10D50000D0F8DC0088420FD2FFE7019821902198E3
:10D5100080F310880C98FFF78BFCEFF310802290BB
:10D5200072B622980190FFE70C98D0F8DC0050F812
:10D53000040CB0F1EF3F0FD0FFE701982390239840
:10D5400080F310880C98FFF7EBFBEFF3108024902A
:10D5500072B624980190FFE7FFE70198259025987F
:10D5600080F3108844F65430C2F200400068049002
:10D570000498D0B9FFE74EF60451CEF200014FF007
:10D5800080500860EFF305802790279860B9FFE787
:10D59000EFF3108028902898269062B6269829905C
:10D5A000299880F31088FFE7FFE7FFE72AB080BDE6
:10D5B00080B5ACB00D9044F64430C2F20040006833
:10D5C0000490EFF310800E9072B60E9802900D98B2
:10D5D000002853D0FFE70D98006845F24421C5F2BA
:10D5E000484188424AD1FFE70D998868D1F8DC109C
:10D5F000884205D2FFE70D998868C1F8DC00FFE793
:10D600000D98C0680068B0F1EF3F0FD1FFE70D98AB
:10D610000069D0F80100B0F1EF3F07D1FFE70D98A6
:10D62000C168D0F8DC0088420FD2FFE702980F9063
:10D630000F9880F310880D98FFF7FAFBEFF3108036
:10D64000109072B610980290FFE70D98D0F8DC00A9
:10D6500050F8040CB0F1EF3F0FD0FFE702981190A3
:10D66000119880F310880D98FFF75AFBEFF31080A4
:10D67000129072B612980290FFE7FFE7029813909B
:10D68000139880F31088EFF31080149072B61498FA
:10D690000C900D980499884218D1FFE70D98C06C42
:10D6A0000390039850B1FFE70398013028B1FFE7DA
:10D6B0000D984C3001F0A4F8FFE7FFE70D98C06922
:10D6C00045F27C11C2F200410860FFE744F6543194
:10D6D000C2F200410868013808600D98806B01288B
:10D6E00040F05A81FFE70D99002088630D98C06AC9
:10D6F0000B900D98006A069006980D99884232D0DA
:10D70000FFE70D98406A05900598069948620698CB
:10D71000059908620B9944F65C30C2F2004050F85B
:10D7200021000D9988421DD1FFE706980B9A44F617
:10D730005C31C2F2004141F8220044F65830C2F296
:10D740000040006868B1FFE70B990120884008900D
:10D7500044F65831C2F200410868089A90430860C4
:10D76000FFE7FFE779E00B9A44F65C31C2F2004133
:10D77000002041F822000B9901208840089044F6CF
:10D78000DC31C2F200410868089A9043086044F610
:10D790005830C2F20040006868B1FFE70B990120E1
:10D7A0008840089044F65831C2F200410868089A4F
:10D7B00090430860FFE700200A9044F6DC30C2F294
:10D7C0000040006809900998A8BBFFE744F64C3177
:10D7D000C2F200412020086044F64831C2F2004104
:10D7E000002008600C981590159880F3108844F676
:10D7F0005430C2F20040006807900798D0B9FFE7A4
:10D800004EF60451CEF200014FF080500860EFF365
:10D8100005801790179860B9FFE7EFF31080189014
:10D820001898169062B616981990199880F3108877
:10D83000FFE7FFE74CE1099890FAA0F009900998FA
:10D84000B0FA80F008900A980899084444F64C31E0
:10D85000C2F200410860FFE7FFE70D9844F6483147
:10D86000C2F200410968884240F09580FFE744F623
:10D870004C30C2F20040016844F65C30C2F2004015
:10D8800050F8210044F64831C2F20041086044F6E5
:10D890005830C2F200400068002853D0FFE744F639
:10D8A0005431C2F200410868013008600C981A90A7
:10D8B0001A9880F31088EFF310801B9072B61B98B3
:10D8C0000C9008680138086000200A9044F658302F
:10D8D000C2F2004000680990099890FAA0F00990FF
:10D8E0000998B0FA80F008900A98089908440B90BB
:10D8F00044F64C30C2F2004000680B9A44F65C31AA
:10D90000C2F2004151F82210C96B884219D3FFE7D7
:10D910000B9944F65C30C2F2004050F8210044F606
:10D920004831C2F2004108600B99012088400890FC
:10D9300044F65831C2F200410868089A90430860E2
:10D94000FFE7FFE70C981C901C9880F3108844F6C2
:10D950005430C2F20040006807900798D0B9FFE742
:10D960004EF60451CEF200014FF080500860EFF304
:10D9700005801E901E9860B9FFE7EFF310801F909E
:10D980001F981D9062B61D982090209880F31088F3
:10D99000FFE7FFE79CE0FFE70C982190219880F3D8
:10D9A0001088049844F64831C2F200410968884260
:10D9B00000F08D80FFE744F64830C2F20040006876
:10D9C0000D90EFF31080229072B6229801900D987E
:10D9D000002853D0FFE70D98006845F24421C5F2B6
:10D9E000484188424AD1FFE70D998868D1F8DC1098
:10D9F000884205D2FFE70D998868C1F8DC00FFE78F
:10DA00000D98C0680068B0F1EF3F0FD1FFE70D98A7
:10DA10000069D0F80100B0F1EF3F07D1FFE70D98A2
:10DA2000C168D0F8DC0088420FD2FFE7019823904C
:10DA3000239880F310880D98FFF7FAF9EFF3108020
:10DA4000249072B624980190FFE70D98D0F8DC007E
:10DA500050F8040CB0F1EF3F0FD0FFE7019825908C
:10DA6000259880F310880D98FFF75AF9EFF310808E
:10DA7000269072B626980190FFE7FFE7019827905D
:10DA8000279880F3108844F65430C2F200400068B2
:10DA900007900798D0B9FFE74EF60451CEF2000187
:10DAA0004FF080500860EFF305802990299860B905
:10DAB000FFE7EFF310802A902A98289062B6289802
:10DAC0002B902B9880F31088FFE7FFE7FFE7FFE735
:10DAD0002CB080BD0000000080B592B00590002001
:10DAE0000190EFF31080069072B6069804900598A6
:10DAF0004C3000F0F1FE0598006B022808D1FFE7DA
:10DB000004980790079880F3108800200190A0E007
:10DB10000598006B012800F09580FFE744F654312A
:10DB2000C2F200410868013008600598D0F8E000B2
:10DB300002900598006B38BBFFE705990220086347
:10DB400005990120886305990020C86444F6543182
:10DB5000C2F20041086801300860049808900898F3
:10DB600080F31088029828B1FFE7029A05980121F6
:10DB70009047FFE70598FFF71BFDEFF31080099032
:10DB800072B60998049036E0059902200863059959
:10DB9000012088630598806E03900598D0F8E40012
:10DBA000009004980A900A9880F31088039828B18E
:10DBB000FFE7039A059800999047FFE7EFF310807D
:10DBC0000B9072B60B980490059900208863049816
:10DBD0000C900C9880F31088029828B1FFE7029A05
:10DBE000059801219047FFE7EFF310800D9072B682
:10DBF0000D980490FFE704980E900E9880F310881B
:10DC000044F65030C2F20040006840B1FFE744F6ED
:10DC10005030C2F20040016805988847FFE7EFF3F3
:10DC200010800F9072B60F98049044F65431C2F2EF
:10DC3000004108680138086004981090109880F33B
:10DC4000108805E004981190119880F31088FFE780
:10DC5000FFE7FFF7A5F9019812B080BD00000000B2
:10DC600080B594B044F64430C2F20040006804909D
:10DC7000EFF31080069072B6069802900498002880
:10DC800053D0FFE70498006845F24421C5F24841AB
:10DC900088424AD1FFE704998868D1F8DC108842AD
:10DCA00005D2FFE704998868C1F8DC00FFE7049813
:10DCB000C0680068B0F1EF3F0FD1FFE7049800693A
:10DCC000D0F80100B0F1EF3F07D1FFE70498C16839
:10DCD000D0F8DC0088420FD2FFE70298079007983F
:10DCE00080F310880498FFF7A3F8EFF310800890F2
:10DCF00072B608980290FFE70498D0F8DC0050F85C
:10DD0000040CB0F1EF3F0FD0FFE70298099009989B
:10DD100080F310880498FFF703F8EFF310800A905F
:10DD200072B60A980290FFE7FFE702980B900B98F3
:10DD300080F3108800200390EFF310810C9172B6ED
:10DD40000C99059144F6F431C2F200410860049840
:10DD5000A0B3FFE70498006B78BBFFE70499C8699C
:10DD600088610498806945F27C11C2F20041086024
:10DD70000499086A88421FD0FFE70499C86AC96BF2
:10DD8000884218D1FFE70498016AC26A44F65C3001
:10DD9000C2F2004040F8221044F64C31C2F2004179
:10DDA000096850F8211044F64830C2F20040016082
:10DDB00000680390FFE7FFE7FFE7FFE705980D9096
:10DDC0000D9880F310880398002863D0FFE7EFF3E5
:10DDD00010800E9072B60E9801900398002853D0D0
:10DDE000FFE70398006845F24421C5F248418842A4
:10DDF0004AD1FFE703998868D1F8DC10884205D240
:10DE0000FFE703998868C1F8DC00FFE70398C06862
:10DE10000068B0F1EF3F0FD1FFE703980069D0F839
:10DE20000100B0F1EF3F07D1FFE70398C168D0F8D8
:10DE3000DC0088420FD2FFE701980F900F9880F323
:10DE400010880398FEF7F4FFEFF31080109072B67D
:10DE500010980190FFE70398D0F8DC0050F8040C0C
:10DE6000B0F1EF3F0FD0FFE701981190119880F3C8
:10DE700010880398FEF754FFEFF31080129072B6EB
:10DE800012980190FFE7FFE701981390139880F331
:10DE90001088FFE714B080BD87B004900391029210
:10DEA000EFF31080059072B6059801900498C06950
:10DEB0000299086003980499886103980499C861DD
:10DEC00044F64430C2F20040006800900498009983
:10DED000884207D1FFE7039845F27C11C2F2004166
:10DEE0000860FFE701980690069880F310880020EC
:10DEF00007B070470000000080B588B00490049817
:10DF00000290EFF31080059072B605980390029886
:10DF1000006B042810D1FFE744F65431C2F20041EF
:10DF200008680130086003980690069880F310880E
:10DF30000298FFF7D5F814E00298806E01900298DD
:10DF4000D0F8E400009003980790079880F31088B9
:10DF5000019828B1FFE7019A029800999047FFE7DE
:10DF6000FFE708B080BD000080B58CB00590EFF3EE
:10DF70001080069072B6069804900598006B0328EE
:10DF800008D8FFE704980790079880F310881B20B3
:10DF9000029060E00598006B042817D1FFE705990F
:10DFA0000320086305991A20C1F884000599002010
:10DFB000886644F65431C2F20041086801300860B6
:10DFC00004980890089880F3108822E005990320AF
:10DFD00008630598806E03900598D0F8E4000190DE
:10DFE00005991A20C1F8840044F65431C2F2004168
:10DFF00008680130086004980990099880F3108837
:10E00000039828B1FFE7039A059801999047FFE725
:10E01000FFE70598D0F884001A2806D1FFE7059895
:10E02000FFF75EF80020029014E0EFF310800A90F2
:10E0300072B60A98049044F65431C2F2004108685E
:10E040000138086004980B900B9880F310881B200F
:10E050000290FFE7FFE702980CB080BD00000000CF
:10E0600084B0EFF31080029072B60298019044F6EB
:10E070009040C2F20040006800900198039003981D
:10E0800080F31088009804B0704700000000000082
:10E0900084B00190EFF31080029072B60298009065
:10E0A000019844F69041C2F2004108600098039044
:10E0B000039880F3108804B070470000000000004F
:10E0C00080B586B00390EFF31080049072B6049888
:10E0D00002900398006A18B1FFE7172001900EE044
:10E0E0000398806818B9FFE71720019006E00398AD
:10E0F000083000F085FB00200190FFE7FFE7029861
:10E100000590059880F31088019806B080BD000046
:10E1100086B0039002910192EFF31080049072B6E2
:10E12000049800900398006A38B9FFE702980399B1
:10E13000886001980399C860FFE7009805900598EA
:10E1400080F31088002006B0704700000000000037
:10E1500080B58AB0DDF838C0DDF834C0DDF830C0F5
:10E16000079006910592049307983421F2F7CEFBAD
:10E170000698079948600C98079988600D98079948
:10E18000C860059807990861049807994861EFF3FA
:10E190001080089072B608980390079944F64D10C5
:10E1A000C4F25410086044F6E430C2F20040006843
:10E1B00058B9FFE7079844F6E831C2F20041086019
:10E1C000079840620798806215E044F6E830C2F292
:10E1D0000040006802900298806A019007980299B6
:10E1E00088620798019948620198079988620298A5
:10E1F00007994862FFE744F6E431C2F2004108683B
:10E20000013008600E98012805D1FFE70798083013
:10E2100000F0F6FAFFE703980990099880F3108858
:10E2200000200AB080BD00008AB00790079808302F
:10E230000590EFF31080089072B608980690059844
:10E24000806904900498002800F0A880FFE700206F
:10E250000090049844F68041C2F200410968884267
:10E260000DD3FFE7049844F67C41C2F200410968EF
:10E27000884203D2FFE701200090FFE7FFE7009804
:10E28000012840D1FFE7049844F6EC31C2F2004186
:10E29000096888420CD3FFE7049844F6EC31C2F2D7
:10E2A00000410968411A012000EBA100019019E02A
:10E2B000049844F68041C2F200410968401A801077
:10E2C0000190019844F67C41C2F20041096844F68D
:10E2D000EC32C2F200421268891A00EBA100013050
:10E2E0000190FFE705980068212807D3FFE705990B
:10E2F0000868019A10442038086003E001980599E5
:10E300000860FFE71CE044F6F830C2F20040006805
:10E31000059988420FD0FFE705980068212805D3AA
:10E32000FFE7059908682038086003E00599486808
:10E330000860FFE703E0059948680860FFE7FFE72A
:10E340000598006903900598039988420BD1FFE76F
:10E35000049800680599884204D1FFE704990020D9
:10E360000860FFE716E0059840690290029803995B
:10E3700048610398029908610498006805998842E9
:10E3800007D1FFE70498039988610398049908600E
:10E39000FFE7FFE7059900208861FFE706980990ED
:10E3A000099880F3108800200AB070470000000030
:10E3B00080B586B00390EFF31080049072B6049895
:10E3C00002900398006A28B1FFE70398083000F034
:10E3D00083FAFFE703990020086044F6E430C2F2B4
:10E3E0000040016801390160006838B9FFE744F670
:10E3F000E831C2F20041002008601CE00398406A46
:10E4000001900398806A00900098019988620198B1
:10E410000099486244F6E830C2F20040006803996F
:10E42000884207D1FFE7019844F6E831C2F2004183
:10E430000860FFE7FFE702980590059880F31088D1
:10E44000002006B080BD000080B584B0EFF31080DE
:10E45000029072B60298019044F65431C2F2004123
:10E4600008680130086001980390039880F31088D1
:10E4700044F69440C2F20040FEF732FE04B080BD84
:10E480008CB0DDF834C0DDF830C0099008910792F7
:10E490000693EFF310800A9072B60A9805900898D8
:10E4A00028B1FFE70998406808990860FFE70998D4
:10E4B00008300490002001900498006802900498AD
:10E4C000806900287BD0FFE70120019000200090A8
:10E4D0000498806944F68041C2F20041096888428C
:10E4E0000ED3FFE70498806944F67C41C2F20041F4
:10E4F0000968884203D2FFE701200090FFE7FFE7A9
:10E500000098012840D1FFE704988069039004989F
:10E51000806944F6EC31C2F20041096888420CD3AC
:10E52000FFE7039844F6EC31C2F200410968411A52
:10E53000012000EBA100029019E0039844F680410D
:10E54000C2F200410968401A80100290029844F615
:10E550007C41C2F20041096844F6EC32C2F200424A
:10E560001268891A00EBA10001300290FFE70498BD
:10E570000068212807D3FFE704980068029908443F
:10E5800020380290FFE719E044F6F830C2F200406C
:10E5900000680499884203D1FFE7002002900CE054
:10E5A0000298212805D3FFE70498006820380290DC
:10E5B00002E000200290FFE7FFE7FFE7FFE7079890
:10E5C00020B1FFE7019807990860FFE7069820B19E
:10E5D000FFE7029806990860FFE70C9828B1FFE76B
:10E5E000049840680C990860FFE70D9828B1FFE790
:10E5F0000998406A0D990860FFE705980B900B9801
:10E6000080F3108800200CB070470000000000006C
:10E6100080B58AB044F69041C2F2004100200890D3
:10E62000086045F27C11C2F20041086044F6F43102
:10E63000C2F20041086044F6F031C2F200410860C5
:10E6400044F6F831C2F20041086044F6FC30C2F2F0
:10E65000004007908021F2F759F90799089844F68D
:10E660008042C2F20042116044F6EC32C2F2004233
:10E6700011607C3144F67C42C2F2004211601168A4
:10E680000431116044F68C42C2F2004244F67C51DF
:10E69000C2F20041116044F68842C2F200424FF4D7
:10E6A0008061116044F68441C2F200410860FFE7D6
:10E6B00044F68C40C2F20040006844F68841C2F241
:10E6C00000410A6844F68441C2F200410B68694681
:10E6D0004FF0000CC1F814C0C1F810C0CB608B60C3
:10E6E0004A60086044F69440C2F200404EF654116D
:10E6F000C0F601014EF64912C0F6000244F64D1371
:10E70000C4F25413FDF7ECFB0990FFE709980028C9
:10E71000CED1FFE744F6E831C2F2004100200860A4
:10E7200044F6E431C2F2004108600AB080BD000046
:10E7300085B0DDF818C0DDF814C004900391029292
:10E740000193049818B1FFE7FF20009025E003989B
:10E7500018B1FFE7FF2000901EE0029818B1FFE714
:10E76000FF20009017E0019818B1FFE7FF2000900C
:10E7700010E0059818B1FFE7FF20009009E0069827
:10E7800018B1FFE7FF20009002E0FF200090FFE7B4
:10E79000FFE7FFE7FFE7FFE7FFE7009805B07047F7
:10E7A00085B0DDF814C0049003910292019304989F
:10E7B00018B1FFE7FF2000901EE0039818B1FFE7B3
:10E7C000FF20009017E0029818B1FFE7FF200090AB
:10E7D00010E0019818B1FFE7FF20009009E00598CC
:10E7E00018B1FFE7FF20009002E0FF200090FFE754
:10E7F000FFE7FFE7FFE7FFE7009805B0704700007D
:10E8000087B00690069800680190019800285FD0B4
:10E81000FFE701980130002859D0FFE7069880698A
:10E82000002853D1FFE70198212803D3FFE71F20D9
:10E83000009003E0019801380090FFE744F6EC30C7
:10E84000C2F200400068009900EB81000590059835
:10E8500044F67C41C2F200410968884213D3FFE7C5
:10E86000059844F67C41C2F200410968401A8010C4
:10E87000029044F68040C2F200400068029900EB2A
:10E8800081000590FFE70598006840B9FFE706980A
:10E8900000610698406106980599086012E00598A5
:10E8A00000680490049840690390069803990861F1
:10E8B0000698049948610498069908610398069996
:10E8C0004861FFE7059806998861FFE7FFE7FFE7E2
:10E8D00007B070470000000084B00390039880697F
:10E8E0000290029870B3FFE70398006901900398C3
:10E8F000019988420BD1FFE702980068039988428A
:10E9000004D1FFE7029900200860FFE716E00398B2
:10E910004069009000980199486101980099086148
:10E92000029800680399884207D1FFE7029801998D
:10E930008861019802990860FFE7FFE703990020CA
:10E940008861FFE704B0704780B594B00A9000205A
:10E9500002900A9844F64D11C4F25411884240F0D6
:10E96000F580FFE7FFE7EFF310800B9072B60B988E
:10E97000099044F6EC30C2F200400068006808904C
:10E98000089820B1FFE7089908A88861FFE744F6D6
:10E99000EC30C2F2004002680021116001680431CD
:10E9A0000160006844F67C41C2F200410968884277
:10E9B0000BD1FFE744F68040C2F20040006844F605
:10E9C000EC31C2F200410860FFE744F6F031C2F2D8
:10E9D00000410020086009980C900C9880F3108882
:10E9E000EFF310800D9072B60D980990FFE708982C
:10E9F000002800F08280FFE70898049008980069DA
:10EA000006900020079004980699884203D1FFE7FA
:10EA1000002008900EE0049840690590059806993A
:10EA20004861069805990861069908A888610698C2
:10EA30000890FFE70498006821280ED3FFE70499A7
:10EA400008682038086000200390049907A88861AE
:10EA5000049800610498079019E004988068039076
:10EA60000498C06802900499486808600498006897
:10EA700040B1FFE7049907A88861049800610498F1
:10EA8000079003E0049900208861FFE7FFE70498FE
:10EA900044F6F831C2F20041086009980E900E98D1
:10EAA00080F31088039820B1FFE703990298884704
:10EAB000FFE7EFF310800F9072B60F98099044F6BD
:10EAC000F831C2F20041002008600798049988429A
:10EAD00007D1FFE70499002088610498FFF790FEB2
:10EAE000FFE709981090109880F31088EFF31080DA
:10EAF000119072B61198099079E744F6F030C2F29D
:10EB000000400068D8B9FFE744F69440C2F20040E4
:10EB1000019001990320086301990120886344F65C
:10EB20005431C2F20041086801300860099812901F
:10EB3000129880F310880198FEF73AFD05E00998D5
:10EB40001390139880F31088FFE70CE714B080BD92
:10EB500082B00190019818B1FFE7FF20009002E019
:10EB6000FF200090FFE7009802B07047000000000F
:10EB7000FF2070470000000084B0039002910192D2
:10EB8000039818B1FFE7FF20009010E0029818B931
:10EB9000FFE7FF20009009E0019818B9FFE7FF2088
:10EBA000009002E0FF200090FFE7FFE7FFE70098FA
:10EBB00004B070470000000082B00190019818B1C5
:10EBC000FFE7FF20009002E0FF200090FFE70098A1
:10EBD00002B070470000000082B00190019818B1A7
:10EBE000FFE7FF20009002E0FF200090FFE7009881
:10EBF00002B070470000000080B582B0019001981B
:10EC0000F1F7BEFB0090009802B080BD000000004C
:10EC100084B00190019860B1FFE7EFF3108002909B
:10EC200072B60298009000980390039880F31088C1
:10EC3000FFE704B07047000084B00190019860B114
:10EC4000FFE7EFF31080029072B6029800900098F0
:10EC50000390039880F31088FFE704B0704700002A
:10EC600085B0DDF814C004900391029201930498DA
:10EC700018B1FFE7FF2000901EE0039818B1FFE7EE
:10EC8000FF20009017E0029818B1FFE7FF200090E6
:10EC900010E0019818B1FFE7FF20009009E0059807
:10ECA00018B1FFE7FF20009002E0FF200090FFE78F
:10ECB000FFE7FFE7FFE7FFE7009805B070470000B8
:10ECC00080B586B0049003910292002001900498D0
:10ECD00018B9FFE70220019039E00498006844F673
:10ECE0004371C4F24C21884203D0FFE70220019017
:10ECF0002CE0039818B9FFE70320019025E0029863
:10ED000010B3FFE740F20C00C2F200400068EFF3DE
:10ED1000058105910599084318B1FFE7042001908A
:10ED200011E044F64430C2F20040006800900098C0
:10ED300044F69441C2F20041884203D1FFE7042027
:10ED40000190FFE7FFE7FFE7FFE7FFE7FFE7019835
:10ED500038B9FFE704980399029AF8F7D5FC0190B7
:10ED6000FFE7019806B080BD80B590B0DDF84CC0DB
:10ED7000DDF848C00990089107920693002004909E
:10ED8000099818B9FFE7022004909DE013983028F5
:10ED900003D0FFE70220049095E0EFF310800A9083
:10EDA00072B60A98059044F65431C2F200410868E0
:10EDB0000130086005980B900B9880F3108844F69A
:10EDC0000430C2F200400068029000200390FFE788
:10EDD000039844F60031C2F20041096888420FD21C
:10EDE000FFE709980299884201D1FFE708E00298FD
:10EDF000806A0290FFE7FFE7039801300390E7E79E
:10EE0000EFF310800C9072B60C98059044F65431D4
:10EE1000C2F2004108680138086005980D900D980D
:10EE200080F31088FEF7BCF809980299884203D154
:10EE3000FFE70220049045E0069818B9FFE7032099
:10EE400004903EE0079820F003000430129921F06E
:10EE50000301884203D9FFE70520049030E044F61F
:10EE60004430C2F2004000680190019844F6944199
:10EE7000C2F20041884203D1FFE713200490FFE76C
:10EE800040F20C00C2F200400068EFF305810E91E1
:10EE90000E99084398B1FFE740F20C00C2F200401F
:10EEA0000068EFF305810F910F9908430009B0F155
:10EEB0000F3F03D2FFE713200490FFE7FFE7FFE7D0
:10EEC000FFE7FFE7FFE7FFE7049868B9FFE7099866
:10EED0000899079A069BDDF848C0EE46CEF800C0B8
:10EEE000F8F746FD0490FFE7049810B080BD0000DD
:10EEF00080B584B0029000200190029818B9FFE715
:10EF00000220019036E00298006844F64371C4F292
:10EF10004C21884203D0FFE70220019029E040F213
:10EF20000C00C2F200400068EFF3058103910399E1
:10EF3000084318B1FFE71320019019E044F644306C
:10EF4000C2F2004000680090009844F69441C2F27A
:10EF50000041884203D1FFE713200190FFE70198A9
:10EF600028B9FFE70298F8F7ABFD0190FFE7FFE74C
:10EF7000FFE7FFE7019804B080BD0000000000003B
:10EF8000B0B588B0DDF838C0DDF834C0DDF830C089
:10EF90000790069105920493079818B9FFE702209D
:10EFA00003901FE00798006844F64371C4F24C21B7
:10EFB000884203D0FFE70220039012E007980699E9
:10EFC000059A049BDDF830C00D9C0E9DEE46CEF8F0
:10EFD0000850CEF80440CEF800C0F8F705FE0390C4
:10EFE000FFE7FFE7039808B0B0BD00000000000095
:10EFF00080B582B00190019818B9FFE70220009017
:10F0000011E00198006844F64371C4F24C21884233
:10F0100003D0FFE70220009004E00198F8F788FE93
:10F020000090FFE7FFE7009802B080BD00000000FD
:10F0300080B586B00590059818B9FFE703200490C5
:10F0400024E00598019001980438019001980290FD
:10F0500002980068019001980390039818B9FFE79F
:10F060000320049011E00398006844F64371C4F251
:10F070004C21884203D0FFE70320049004E0059868
:10F08000F8F716FF0490FFE7FFE7FFE7049806B0E4
:10F0900080BD00000000000080B58AB00690059198
:10F0A0000492039300200290069818B9FFE702200B
:10F0B000029038E00698006845F24541C4F25921B3
:10F0C000884203D0FFE7022002902BE0059818B990
:10F0D000FFE70320029024E0049818B9FFE7052019
:10F0E00002901DE004980699C969884203D9FFE798
:10F0F0000520029013E0039880B1FFE740F20C0076
:10F10000C2F200400068EFF30581079107990843B8
:10F1100018B1FFE704200290FFE7FFE7FFE7FFE7F2
:10F12000FFE7FFE7FFE7029890B9FFE744F64430B6
:10F13000C2F2004000680190019844F69441C2F286
:10F140000041884203D1FFE713200290FFE7FFE769
:10F15000029800BBFFE740F20C00C2F200400068DA
:10F16000EFF3058108910899084398B1FFE740F251
:10F170000C00C2F200400068EFF305810991099983
:10F1800008430009B0F10F3F03D2FFE713200290BC
:10F19000FFE7FFE7FFE7029840B9FFE70698059908
:10F1A000049A039BF8F7F0FE0290FFE702980AB07A
:10F1B00080BD00000000000080B590B0DDF848C0C0
:10F1C000099008910792069300200490099818B9B5
:10F1D000FFE70220049097E01298342803D0FFE75D
:10F1E000022004908FE0EFF310800A9072B60A9824
:10F1F000059044F65431C2F20041086801300860BD
:10F2000005980B900B9880F3108844F61030C2F2EA
:10F2100000400068029000200390FFE7039844F646
:10F220000C31C2F20041096888420FD2FFE7099809
:10F230000299884201D1FFE708E00298C06A029073
:10F24000FFE7FFE7039801300390E7E7EFF3108053
:10F250000C9072B60C98059044F65431C2F20041FD
:10F2600008680138086005980D900D9880F31088A3
:10F27000FDF796FE09980299884203D1FFE7022024
:10F2800004903FE0079818B9FFE70320049038E0A6
:10F290000698632803D8FFE70520049030E044F681
:10F2A0004430C2F2004000680190019844F6944155
:10F2B000C2F20041884203D1FFE713200490FFE728
:10F2C00040F20C00C2F200400068EFF305810E919D
:10F2D0000E99084398B1FFE740F20C00C2F20040DB
:10F2E0000068EFF305810F910F9908430009B0F111
:10F2F0000F3F03D2FFE713200490FFE7FFE7FFE78C
:10F30000FFE7FFE7FFE7FFE7049840B9FFE7099849
:10F310000899079A069BF8F783FF0490FFE7049883
:10F3200010B080BD0000000080B584B002900020C5
:10F330000190029818B9FFE70220019036E0029888
:10F34000006845F24541C4F25921884203D0FFE7E5
:10F350000220019029E040F20C00C2F20040006857
:10F36000EFF3058103910399084318B1FFE71320D8
:10F37000019019E044F64430C2F200400068009069
:10F38000009844F69441C2F20041884203D1FFE75D
:10F3900013200190FFE7019828B9FFE70298F8F7DA
:10F3A000D7FF0190FFE7FFE7FFE7FFE7019804B011
:10F3B00080BD000000000000B0B588B0DDF838C0A6
:10F3C000DDF834C0DDF830C0079006910592049353
:10F3D000079818B9FFE7022003901FE0079800681C
:10F3E00045F24541C4F25921884203D0FFE702208B
:10F3F000039012E007980699059A049BDDF830C047
:10F400000D9C0E9DEE46CEF80850CEF80440CEF886
:10F4100000C0F9F731F80390FFE7FFE7039808B061
:10F42000B0BD00000000000080B582B001900198DE
:10F4300018B9FFE70220009011E00198006845F23A
:10F440004541C4F25921884203D0FFE702200090D1
:10F4500004E00198F9F7ECF80090FFE7FFE7009867
:10F4600002B080BD0000000080B586B0039000208F
:10F470000290039818B9FFE70320029030E044F6A9
:10F480004430C2F2004000680190019844F6944173
:10F49000C2F20041884203D1FFE713200290FFE748
:10F4A00040F20C00C2F200400068EFF305810491C5
:10F4B0000499084398B1FFE740F20C00C2F2004003
:10F4C0000068EFF305810591059908430009B0F143
:10F4D0000F3F03D2FFE713200290FFE7FFE7FFE7AC
:10F4E000029828B9FFE70398F9F77EFA0290FFE740
:10F4F000029806B080BD000080B58EB007900691DE
:10F50000059200200390079818B9FFE706200390A2
:10F5100088E00598302803D0FFE70620039080E0BC
:10F52000EFF31080089072B60898049044F65431B6
:10F53000C2F20041086801300860049809900998F7
:10F5400080F3108844F61830C2F200400068019041
:10F5500000200290FFE7029844F61431C2F2004105
:10F56000096888420FD2FFE707980199884201D1C4
:10F57000FFE708E0019880690190FFE7FFE7029844
:10F5800001300290E7E7EFF310800A9072B60A9814
:10F59000049044F65431C2F2004108680138086012
:10F5A00004980B900B9880F31088FDF7F9FC0798EE
:10F5B0000199884203D1FFE70620039030E044F62A
:10F5C0004430C2F2004000680090009844F6944134
:10F5D000C2F20041884203D1FFE713200390FFE706
:10F5E00040F20C00C2F200400068EFF305810C917C
:10F5F0000C99084398B1FFE740F20C00C2F20040BA
:10F600000068EFF305810D910D9908430009B0F1F1
:10F610000F3F03D2FFE713200390FFE7FFE7FFE769
:10F62000FFE7FFE7039830B9FFE707980699F9F776
:10F630009BFB0390FFE703980EB080BD0000000025
:10F6400080B584B0029000200190029818B9FFE7BD
:10F650000620019036E00298006844F24E41C4F260
:10F660005641884203D0FFE70620019029E040F28E
:10F670000C00C2F200400068EFF30581039103998A
:10F68000084318B1FFE71320019019E044F6443015
:10F69000C2F2004000680090009844F69441C2F223
:10F6A0000041884203D1FFE713200190FFE7019852
:10F6B00028B9FFE70298F9F7A7FB0190FFE7FFE7FA
:10F6C000FFE7FFE7019804B080BD000000000000E4
:10F6D00080B588B0DDF828C00690059104920393A8
:10F6E00000200290069818B9FFE70620029039E042
:10F6F0000698006844F24E41C4F25641884203D055
:10F70000FFE7062002902CE0039818B9FFE70320DA
:10F71000029025E00A9810B3FFE740F20C00C2F215
:10F7200000400068EFF3058107910799084318B17D
:10F73000FFE70420029011E044F64430C2F200409A
:10F7400000680190019844F69441C2F20041884259
:10F7500003D1FFE704200290FFE7FFE7FFE7FFE7A1
:10F76000FFE7FFE7029840B9FFE70498042803D3B6
:10F77000FFE708200290FFE7FFE7029868B9FFE77C
:10F7800006980599049A039BDDF828C0EE46CEF84A
:10F7900000C0F9F7CDFB0290FFE7029808B080BDEA
:10F7A00010B588B0DDF82CC0DDF828C007900691B0
:10F7B00005920493079818B9FFE7062003901CE010
:10F7C0000798006844F24E41C4F25641884203D083
:10F7D000FFE7062003900FE007980699059A049B1F
:10F7E000DDF828C00B9CEE46CEF80440CEF800C0F1
:10F7F000F9F786FC0390FFE7FFE7039808B010BD18
:10F8000080B584B00390029101920020009003988B
:10F8100018B9FFE70620009018E00398006844F24A
:10F820004E41C4F25641884203D0FFE706200090C3
:10F830000BE00198022807D0FFE7019818B1FFE715
:10F8400008200090FFE7FFE7FFE7FFE7009838B9DF
:10F85000FFE703980299019AF9F7EEFC0090FFE7A1
:10F86000009804B080BD000080B584B00390029180
:10F87000039818B9FFE70620019012E0039800688A
:10F8800044F24E41C4F25641884203D0FFE70620BD
:10F89000019005E003980299F9F7B2FE0190FFE7A5
:10F8A000FFE7019804B080BD80B590B00990089141
:10F8B0000792069300200490099818B9FFE71C20CE
:10F8C000049063E00698342803D0FFE71C200490DE
:10F8D0005BE0EFF310800A9072B60A98059044F648
:10F8E0005431C2F2004108680130086005980B905D
:10F8F0000B9880F3108844F62430C2F20040006870
:10F90000029000200390FFE7039844F62031C2F2F2
:10F910000041096888420FD2FFE70998029988429E
:10F9200001D1FFE708E00298006A0290FFE7FFE7D5
:10F93000039801300390E7E7EFF310800C9072B664
:10F940000C98059044F65431C2F200410868013821
:10F95000086005980D900D9880F31088FDF720FB46
:10F9600009980299884203D1FFE71C2004900BE01C
:10F970000798012807D0FFE7079818B1FFE71F2075
:10F980000490FFE7FFE7FFE7FFE7FFE7049888BB86
:10F99000FFE744F64430C2F200400068019001984D
:10F9A00044F69441C2F20041884203D1FFE713209C
:10F9B0000490FFE740F20C00C2F200400068EFF351
:10F9C00005810E910E99084398B1FFE740F20C00B3
:10F9D000C2F200400068EFF305810F910F990843D0
:10F9E0000009B0F10F3F03D2FFE713200490FFE7B7
:10F9F000FFE7FFE7049838B9FFE709980899079AE5
:10FA0000F9F70EFF0490FFE7049810B080BD0000E6
:10FA100080B584B0029000200190029818B9FFE7E9
:10FA20001C20019036E00298006845F24541C4F67A
:10FA30005551884203D0FFE71C20019029E040F295
:10FA40000C00C2F200400068EFF3058103910399B6
:10FA5000084318B1FFE71320019019E044F6443041
:10FA6000C2F2004000680090009844F69441C2F24F
:10FA70000041884203D1FFE713200190FFE701987E
:10FA800028B9FFE70298F9F727FF0190FFE7FFE7A2
:10FA9000FFE7FFE7019804B080BD00000000000010
:10FAA00080B588B00490039100200290049818B9A2
:10FAB000FFE71C20029032E00498006845F24541BF
:10FAC000C4F65551884203D0FFE71C20029025E080
:10FAD000039810B3FFE740F20C00C2F20040006848
:10FAE000EFF3058105910599084318B1FFE704205C
:10FAF000029011E044F64430C2F2004000680190E8
:10FB0000019844F69441C2F20041884203D1FFE7D4
:10FB100004200290FFE7FFE7FFE7FFE7FFE7029817
:10FB200000BBFFE740F20C00C2F200400068EFF3B8
:10FB3000058106910699084398B1FFE740F20C0051
:10FB4000C2F200400068EFF305810791079908436E
:10FB50000009B0F10F3F03D2FFE713200290FFE747
:10FB6000FFE7FFE7029830B9FFE704980399F9F738
:10FB70005FFF0290FFE7029808B080BD0000000020
:10FB8000B0B588B0DDF838C0DDF834C0DDF830C07D
:10FB90000790069105920493079818B9FFE71C2077
:10FBA00003901FE00798006845F24541C4F655519F
:10FBB000884203D0FFE71C20039012E007980699C3
:10FBC000059A049BDDF830C00D9C0E9DEE46CEF8E4
:10FBD0000850CEF80440CEF800C0FAF739F8039088
:10FBE000FFE7FFE7039808B0B0BD00000000000089
:10FBF00080B582B00190019818B9FFE71C200090F1
:10FC000011E00198006845F24541C4F6555188421B
:10FC100003D0FFE71C20009004E00198FAF7E0F819
:10FC20000090FFE7FFE7009802B080BD00000000F1
:10FC300080B584B0019000200090019818B9FFE7CA
:10FC40001C2000902CE00198006845F24541C4F664
:10FC50005551884203D0FFE71C2000901FE040F27E
:10FC60000C00C2F200400068EFF305810291029996
:10FC7000084398B1FFE740F20C00C2F20040006870
:10FC8000EFF305810391039908430009B0F10F3F99
:10FC900003D2FFE713200090FFE7FFE7FFE7FFE74E
:10FCA000009828B9FFE70198FAF73AFA0090FFE7C1
:10FCB000009804B080BD000080B590B0DDF84CC065
:10FCC000DDF848C00990089107920693002004903F
:10FCD000099818B9FFE709200490A8E01398442870
:10FCE00003D0FFE709200490A0E0EFF310800A9012
:10FCF00072B60A98059044F65431C2F20041086881
:10FD00000130086005980B900B9880F3108844F63A
:10FD10002C30C2F200400068029000200390FFE700
:10FD2000039844F62831C2F20041096888420FD294
:10FD3000FFE709980299884201D1FFE708E002989D
:10FD4000006B0290FFE7FFE7039801300390E7E7BD
:10FD5000EFF310800C9072B60C98059044F6543175
:10FD6000C2F2004108680138086005980D900D98AE
:10FD700080F31088FDF714F909980299884203D19D
:10FD8000FFE70920049050E0069818B9FFE7032028
:10FD9000049049E0079818B9FFE70520049042E075
:10FDA0000798112803D3FFE7052004903AE0129941
:10FDB0000798B0EB910F03D9FFE70520049030E0DE
:10FDC00044F64430C2F2004000680190019844F6C5
:10FDD0009441C2F20041884203D1FFE7132004900E
:10FDE000FFE740F20C00C2F200400068EFF305812B
:10FDF0000E910E99084398B1FFE740F20C00C2F251
:10FE000000400068EFF305810F910F990843000946
:10FE1000B0F10F3F03D2FFE713200490FFE7FFE7A5
:10FE2000FFE7FFE7FFE7FFE7FFE7FFE7FFE70498EC
:10FE300068B9FFE709980899079A069BDDF848C05A
:10FE4000EE46CEF800C0FAF73FFC0490FFE70498B6
:10FE500010B080BD0000000080B584B0029000208A
:10FE60000190029818B9FFE7092001902EE002984E
:10FE7000006844F25551C5F25511884203D0FFE79E
:10FE80000920019021E040F20C00C2F2004000681D
:10FE9000EFF3058103910399084318B1FFE713209D
:10FEA000019011E044F64430C2F200400068009036
:10FEB000009844F69441C2F20041884203D1FFE722
:10FEC00013200190FFE7FFE7FFE7FFE7019828B95C
:10FED000FFE70298FAF76CFC0190FFE7019804B085
:10FEE00080BD00000000000080B582B00190019844
:10FEF00018B9FFE70920009011E00198006844F26A
:10FF00005551C5F25511884203D0FFE709200090F2
:10FF100004E00198FAF7E0FC0090FFE7FFE70098A3
:10FF200002B080BD0000000080B586B0049003914F
:10FF3000029200200190049818B9FFE7092001906F
:10FF400039E00498006844F25551C5F255118842D1
:10FF500003D0FFE7092001902CE0039818B9FFE7D0
:10FF60000320019025E0029810B3FFE740F20C0057
:10FF7000C2F200400068EFF305810591059908433E
:10FF800018B1FFE70420019011E044F64430C2F2BA
:10FF9000004000680090009844F69441C2F200418D
:10FFA000884203D1FFE704200190FFE7FFE7FFE766
:10FFB000FFE7FFE7FFE7019838B9FFE704980399E7
:10FFC000029AFAF70DFD0190FFE7019806B080BD97
:10FFD000B0B588B0DDF838C0DDF834C0DDF830C029
:10FFE0000790069105920493079818B9FFE7092036
:10FFF00003901FE00798006844F25551C5F255116F
:020000040801F1
:10000000884203D0FFE70920039012E00798069981
:10001000059A049BDDF830C00D9C0E9DEE46CEF88F
:100020000850CEF80440CEF800C0FAF73DFE039029
:10003000FFE7FFE7039808B0B0BD00000000000034
:1000400080B582B00190019818B9FFE709200090AF
:1000500011E00198006844F25551C5F255118842EB
:1000600003D0FFE70920009004E00198FAF7E4FECE
:100070000090FFE7FFE7009802B080BD000000009D
:1000800080B586B0049003910292002001900498FC
:1000900018B9FFE70920019039E00498006844F29C
:1000A0005551C5F25511884203D0FFE70920019050
:1000B0002CE0039818B9FFE70320019025E002988F
:1000C00010B3FFE740F20C00C2F200400068EFF30B
:1000D000058105910599084318B1FFE704200190B7
:1000E00011E044F64430C2F20040006800900098ED
:1000F00044F69441C2F20041884203D1FFE7042054
:100100000190FFE7FFE7FFE7FFE7FFE7FFE7019861
:1001100038B9FFE704980399029AFAF74DFF019066
:10012000FFE7019806B080BD80B586B004900391CA
:10013000029200200190049818B9FFE7092001906D
:1001400039E00498006844F25551C5F255118842CF
:1001500003D0FFE7092001902CE0039818B9FFE7CE
:100160000320019025E0029810B3FFE740F20C0055
:10017000C2F200400068EFF305810591059908433C
:1001800018B1FFE70420019011E044F64430C2F2B8
:10019000004000680090009844F69441C2F200418B
:1001A000884203D1FFE704200190FFE7FFE7FFE764
:1001B000FFE7FFE7FFE7019838B9FFE704980399E5
:1001C000029AFBF7D5F80190FFE7019806B080BDD1
:1001D00080B584B003900291039818B9FFE7092015
:1001E000019012E00398006844F25551C5F2551190
:1001F000884203D0FFE70920019005E003980299A7
:10020000FBF70EFA0190FFE7FFE7019804B080BD0D
:1002100080B584B003900291039818B9FFE70C20D1
:10022000019019E00398006844F64151C5F2453148
:10023000884203D0FFE70C2001900CE0029818B927
:10024000FFE72220019005E003980299FBF7FCF9F3
:100250000190FFE7FFE7FFE7019804B080BD0000D1
:1002600080B590B009900891079206930020049001
:10027000099818B9FFE70C20049069E0069828282F
:1002800003D0FFE70C20049061E0EFF310800A90A8
:1002900072B60A98059044F65431C2F200410868DB
:1002A0000130086005980B900B9880F3108844F695
:1002B0003430C2F200400068029000200390FFE753
:1002C000039844F63031C2F20041096888420FD2E7
:1002D000FFE709980299884201D1FFE708E00298F8
:1002E00040690290FFE7FFE7039801300390E7E7DA
:1002F000EFF310800C9072B60C98059044F65431D0
:10030000C2F2004108680138086005980D900D9808
:1003100080F31088FCF744FE09980299884203D1C3
:10032000FFE70C20049011E044F64430C2F2004094
:1003300000680190019844F69441C2F2004188425D
:1003400003D1FFE713200490FFE7FFE7FFE7FFE794
:10035000049800BBFFE740F20C00C2F200400068C6
:10036000EFF305810E910E99084398B1FFE740F233
:100370000C00C2F200400068EFF305810F910F9965
:1003800008430009B0F10F3F03D2FFE713200490A8
:10039000FFE7FFE7FFE7049838B9FFE709980899F6
:1003A000079AFBF751FA0490FFE7049810B080BD5C
:1003B00080B584B0029000200190029818B9FFE740
:1003C0000C2001902EE00298006844F64151C5F2DD
:1003D0004531884203D0FFE70C20019021E040F234
:1003E0000C00C2F200400068EFF30581039103990D
:1003F000084318B1FFE71320019011E044F64430A0
:10040000C2F2004000680090009844F69441C2F2A5
:100410000041884203D1FFE713200190FFE7FFE787
:10042000FFE7FFE7019828B9FFE70298FBF760FABA
:100430000190FFE7019804B080BD000000000000BB
:1004400080B586B00490039100200290049818B9FA
:10045000FFE70C20029032E00498006844F6415116
:10046000C5F24531884203D0FFE70C20029025E019
:10047000039810B3FFE740F20C00C2F2004000689E
:10048000EFF3058105910599084318B1FFE70420B2
:10049000029011E044F64430C2F20040006801903E
:1004A000019844F69441C2F20041884203D1FFE72B
:1004B00004200290FFE7FFE7FFE7FFE7FFE702986E
:1004C00030B9FFE704980399FBF7A6FA0290FFE71B
:1004D000029806B080BD000010B588B0DDF82CC0D1
:1004E000DDF828C00790069105920493079818B983
:1004F000FFE70C2003901CE00798006844F6415188
:10050000C5F24531884203D0FFE70C2003900FE08D
:1005100007980699059A049BDDF828C00B9CEE46C7
:10052000CEF80440CEF800C0FBF706FB0390FFE7CF
:10053000FFE7039808B010BD80B582B00190019824
:1005400018B9FFE70C20009011E00198006844F60C
:100550004151C5F24531884203D0FFE70C2000909D
:1005600004E00198FBF780FB0090FFE7FFE70098AD
:1005700002B080BD0000000080B582B001900198FB
:1005800018B9FFE70C20009011E00198006844F6CC
:100590004151C5F24531884203D0FFE70C2000905D
:1005A00004E00198FBF720FC0090FFE7FFE70098CC
:1005B00002B080BD0000000080B584B003900291BD
:1005C000039818B9FFE70C20019012E00398006827
:1005D00044F64151C5F24531884203D0FFE70C2073
:1005E000019005E003980299FBF766FC0190FFE794
:1005F000FFE7019804B080BD2DE9F04198B0DDF827
:1006000090C0DDF88CC0DDF888C0DDF884C0DDF86E
:1006100080C0DDF87CC0DDF878C0119010910F9299
:100620000E9300200C90119818B9FFE70E200C9043
:10063000ECE02498E82803D0FFE70E200C90E4E0DB
:10064000EFF31080129072B612980D9044F6543168
:10065000C2F200410868013008600D9813901398A9
:1006600080F3108800200B9044F64031C2F2004124
:10067000096809911E990791079A1F991144013938
:100680000791079908910A90FFE70A9844F63C31D0
:10069000C2F20041096888423AD2FFE711980999ED
:1006A000884203D1FFE701200B90FFE70B98012858
:1006B00001D1FFE72CE01E980999C96888420CD344
:1006C000FFE71E9809990969884205D2FFE70020D3
:1006D0001E9001200B90FFE7FFE708980999C96871
:1006E00088420CD3FFE7089809990969884205D226
:1006F000FFE700201E9001200B90FFE7FFE709981D
:10070000D0F888000990FFE70A9801300A90BCE70A
:10071000EFF31080149072B614980D9044F6543193
:10072000C2F200410868013808600D9815901598CC
:1007300080F31088FCF734FC11980999884203D1A2
:10074000FFE70E200C905FE01E9818B9FFE703202A
:100750000C9058E00F9818B9FFE703200C9051E077
:100760001F98C72803D8FFE705200C9049E0209880
:10077000202803D3FFE70F200C9041E02198209917
:10078000884203D9FFE718200C9038E0239802280C
:1007900003D3FFE710200C9030E044F64430C2F25F
:1007A000004000680690069844F69441C2F2004169
:1007B000884203D1FFE713200C90FFE740F20C00C2
:1007C000C2F200400068EFF30581169116990843C4
:1007D00098B1FFE740F20C00C2F200400068EFF36E
:1007E00005811791179908430009B0F10F3F03D213
:1007F000FFE713200C90FFE7FFE7FFE7FFE7FFE7C6
:10080000FFE7FFE7FFE7FFE7FFE7FFE70C98E8B93F
:10081000FFE7119810990F9A0E9BDDF878C01F9C86
:10082000209D219E229FDDF88C80EE46CEF814801C
:10083000CEF81070CEF80C60CEF80850CEF8044018
:10084000CEF800C0FBF74CFB0C90FFE70C9818B0FB
:10085000BDE8F0810000000080B584B0029040F255
:100860000C00C2F200400068EFF305810391039988
:10087000084318B1FFE71320019018E0029818B957
:10088000FFE70E20019011E00298006845F2442134
:10089000C5F24841884203D0FFE70E20019004E0F2
:1008A0000298FBF735FC0190FFE7FFE7FFE70198AF
:1008B00004B080BD0000000080B584B003900291B8
:1008C000039818B9FFE70E20019012E00398006822
:1008D00045F24421C5F24841884203D0FFE70E208B
:1008E000019005E003980299FBF772FC0190FFE785
:1008F000FFE7019804B080BDF0B58BB0DDF850C0C3
:10090000DDF84CC0DDF848C0DDF844C0DDF840C07B
:100910000A900991089207930A9818B9FFE70E20E8
:10092000069025E00A98006845F24421C5F2484146
:10093000884203D0FFE70E20069018E00A98099934
:10094000089A079BDDF840C0119C129D139E149FCE
:10095000EE46CEF81070CEF80C60CEF80850CEF807
:100960000440CEF800C0FBF763FC0690FFE7FFE70A
:1009700006980BB0F0BD000080B586B004900391DE
:100980000292049818B9FFE70E20019035E0049810
:10099000006845F24421C5F24841884203D0FFE790
:1009A0000E20019028E0029818B9FFE7032001907B
:1009B00021E040F20C00C2F200400068EFF3058134
:1009C00005910599084318B1FFE71320019011E044
:1009D00003980499D1F8C810884203D9FFE718207A
:1009E000019006E004980399029AFBF79DFD01909F
:1009F000FFE7FFE7FFE7FFE7FFE7019806B080BDED
:100A000080B586B0049003910292049818B9FFE76C
:100A10000E20019032E00498006845F24421C5F2AE
:100A20004841884203D0FFE70E20019025E002985C
:100A300018B9FFE7032001901EE00398202803D394
:100A4000FFE70F20019016E040F20C00C2F20040D8
:100A50000068EFF3058105910599084318B1FFE798
:100A60001320019006E004980399029AFBF708FE10
:100A70000190FFE7FFE7FFE7FFE7FFE7019806B018
:100A800080BD00000000000080B582B044F6443014
:100A9000C2F2004000680090009880B1FFE740F289
:100AA0000C00C2F200400068EFF30581019101994A
:100AB000084318B9FFE7FBF7ABFEFFE7FFE702B01B
:100AC00080BD00000000000080B582B00190019858
:100AD00018B9FFE70E20009011E00198006845F278
:100AE0004421C5F24841884203D0FFE70E20009020
:100AF00004E00198FBF7CCFF0090FFE7FFE70098C8
:100B000002B080BD0000000080B582B00190019865
:100B100018B9FFE70E20009011E00198006845F237
:100B20004421C5F24841884203D0FFE70E200090DF
:100B300004E00198FCF7B4F90090FFE7FFE70098A4
:100B400002B080BD0000000080B584B00290029821
:100B500018B9FFE70E20019021E00298006845F2E5
:100B60004421C5F24841884203D0FFE70E2001909E
:100B700014E040F20C00C2F200400068EFF305817F
:100B800003910399084318B1FFE71320019004E093
:100B90000298FCF7A1FF0190FFE7FFE7FFE701984C
:100BA00004B080BD0000000080B586B004900391C1
:100BB0000292049818B9FFE70E2001902AE00498E9
:100BC000006845F24421C5F24841884203D0FFE75E
:100BD0000E2001901DE0029818B9FFE70320019054
:100BE00016E040F20C00C2F200400068EFF305810D
:100BF00005910599084318B1FFE71320019006E01D
:100C000004980399029AFDF747F90190FFE7FFE77F
:100C1000FFE7FFE7019806B080BD0000000000007C
:100C200080B582B00190019818B9FFE70E200090BE
:100C300011E00198006845F24421C5F2484188421C
:100C400003D0FFE70E20009004E00198FDF78CF937
:100C50000090FFE7FFE7009802B080BD00000000B1
:100C600080B582B00190019818B9FFE71520009077
:100C700011E00198006844F64D11C4F25411884205
:100C800003D0FFE71520009004E00198FDF718FA63
:100C90000090FFE7FFE7009802B080BD0000000071
:100CA00080B586B0049003910292049818B9FFE7CA
:100CB000152001902CE00498006844F64D11C4F210
:100CC0005411884203D0FFE7152001901FE00398DC
:100CD00018B9FFE71620019018E040F20C00C2F2AC
:100CE00000400068EFF30581059105990843B0F1D4
:100CF000F03F03D3FFE71320019006E00498039927
:100D0000029AFDF705FA0190FFE7FFE7FFE7FFE72B
:100D1000019806B080BD0000B0B592B0DDF864C0A7
:100D2000DDF860C0DDF85CC0DDF858C00B900A91BA
:100D300009920893002006900B9818B9FFE7152038
:100D400006906AE01998342803D0FFE71520069032
:100D500062E0EFF310800C9072B60C98079044F6A6
:100D60005431C2F2004108680130086007980D90C4
:100D70000D9880F3108844F6E830C2F20040006815
:100D8000049000200590FFE7059844F6E431C2F294
:100D90000041096888420FD2FFE70B980499884206
:100DA00001D1FFE708E00498406A0490FFE7FFE7FD
:100DB000059801300590E7E7EFF310800E9072B6CA
:100DC0000E98079044F65431C2F200410868013889
:100DD000086007980F900F9880F31088FCF7E0F8F0
:100DE0000B980499884203D1FFE71520069012E082
:100DF000169818B9FFE7162006900BE018980128FE
:100E000007D0FFE7189818B1FFE717200690FFE713
:100E1000FFE7FFE7FFE7FFE7FFE7069888BBFFE78D
:100E200044F64430C2F2004000680390039844F650
:100E30009441C2F20041884203D1FFE7132006909B
:100E4000FFE740F20C00C2F200400068EFF30581BA
:100E500010911099084398B1FFE740F20C00C2F2DC
:100E600000400068EFF305811191119908430009D2
:100E7000B0F10F3F03D2FFE713200690FFE7FFE733
:100E8000FFE7069898B9FFE70B980A99099A089B1B
:100E9000DDF858C0179C189DEE46CEF80850CEF8E5
:100EA0000440CEF800C0FDF753F90690FFE706981E
:100EB00012B0B0BD0000000080B582B00190019872
:100EC00018B9FFE71520009011E00198006844F67A
:100ED0004D11C4F25411884203D0FFE71520009051
:100EE00004E00198FDF7A0F90090FFE7FFE7009804
:100EF00002B080BD0000000080B584B002900020E8
:100F00000190029818B9FFE71520019036E0029889
:100F1000006844F64D11C4F25411884203D0FFE733
:100F20001520019029E040F20C00C2F20040006858
:100F3000EFF3058103910399084318B1FFE71320EC
:100F4000019019E044F64430C2F20040006800907D
:100F5000009844F69441C2F20041884203D1FFE771
:100F600013200190FFE7019828B9FFE70298FDF7E9
:100F70001FFA0190FFE7FFE7FFE7FFE7019804B0E2
:100F800080BD00000000000010B588B0DDF82CC066
:100F9000DDF828C00790069105920493079818B9C8
:100FA000FFE7152003901CE00798006844F64D11F8
:100FB000C4F25411884203D0FFE7152003900FE0DC
:100FC00007980699059A049BDDF828C00B9CEE460D
:100FD000CEF80440CEF800C0FDF752FA0390FFE7C8
:100FE000FFE7039808B010BD80B58EB0DDF840C0B3
:100FF0000D900C910B920A930C98006809900B9835
:10100000006808900A980068079010980068069099
:101010000D98007D4007002840F1C080FFE7099847
:10102000602803D8FFE720200590AAE00998C0288F
:1010300003D8FFE740200590A2E00998B0F5C07FF3
:1010400003D8FFE78020059099E00998B0F5407F2C
:1010500004D8FFE74FF4807005908FE00998B0F551
:10106000C06F04D8FFE74FF40070059085E0099841
:10107000B0F5406F04D8FFE74FF4806005907BE047
:101080000998B0F5C05F04D8FFE74FF40060059001
:1010900071E00998B0F5405F04D8FFE74FF4805045
:1010A000059067E00998B0F5C04F04D8FFE74FF40A
:1010B000005005905DE00998B0F5404F04D8FFE777
:1010C0004FF48040059053E00998B0F5C03F04D834
:1010D000FFE74FF40040059049E00998B0F5403F24
:1010E00004D8FFE74FF4803005903FE00998B0F551
:1010F000C02F04D8FFE74FF40030059035E0099881
:10110000B0F5402F04D8FFE74FF4802005902BE086
:101110000998B0F5C01F04D8FFE74FF400200590F0
:1011200021E00998B0F5401F04D8FFE74FF4801084
:10113000059017E00998B0F5C00F04D8FFE74FF409
:10114000001005900DE00998B0F5400F04D8FFE7B6
:101150004FF48000059003E04FF000700590FFE72A
:10116000FFE7FFE7FFE7FFE7FFE7FFE7FFE7FFE74F
:10117000FFE7FFE7FFE7FFE7FFE7FFE7FFE7FFE73F
:10118000FFE7059800EB4000099005980899884210
:1011900003D9FFE705980890FFE71FE009980BF0D7
:1011A000FBF9800808900898004403900399009187
:1011B0000998401A0BF0F0F90146009800EB510035
:1011C0000390039901910998401A0BF0E5F9014643
:1011D00001980844039003980990FFE70798602856
:1011E00003D8FFE720200490AAE00798C02803D87E
:1011F000FFE740200490A2E00798B0F5C07F03D835
:10120000FFE78020049099E00798B0F5407F04D86C
:10121000FFE74FF4807004908FE00798B0F5C06F3F
:1012200004D8FFE74FF40070049085E00798B0F50C
:10123000406F04D8FFE74FF4806004907BE007988C
:10124000B0F5C05F04D8FFE74FF40060049071E090
:101250000798B0F5405F04D8FFE74FF48050049042
:1012600067E00798B0F5C04F04D8FFE74FF400508F
:1012700004905DE00798B0F5404F04D8FFE74FF4C5
:101280008040049053E00798B0F5C03F04D8FFE7D2
:101290004FF40040049049E00798B0F5403F04D86F
:1012A000FFE74FF4803004903FE00798B0F5C02F7F
:1012B00004D8FFE74FF40030049035E00798B0F50C
:1012C000402F04D8FFE74FF4802004902BE00798CC
:1012D000B0F5C01F04D8FFE74FF40020049021E0D0
:1012E0000798B0F5401F04D8FFE74FF48010049032
:1012F00017E00798B0F5C00F04D8FFE74FF40010CF
:1013000004900DE00798B0F5400F04D8FFE74FF4C4
:101310008000049003E04FF000700490FFE7FFE7C7
:10132000FFE7FFE7FFE7FFE7FFE7FFE7FFE7FFE78D
:10133000FFE7FFE7FFE7FFE7FFE7FFE7FFE7FFE77D
:1013400004980290FFE702980799884205D2FFE7C8
:101350000499029808440290F5E7029807900498CF
:101360000699884203D9FFE704980690FFE7099899
:101370000C99086008980B99086007980A9908600A
:101380000698109908600EB080BD000000000000B3
:1013900080B586B005900491039202930598049954
:1013A000039A029BF3F70CFF0190019806B080BDF1
:1013B00084B003900291002001900398B0F5807FE3
:1013C0002FD3FFE70298039988422AD2FFE70398B8
:1013D000C008039008200090FFE702980399884214
:1013E00008D9FFE702980399401A0290009801304B
:1013F0000090F2E7029820B1FFE7009801300090DA
:10140000FFE7FFE700980F280AD8FFE70198009A46
:101410000121914008430190009801300090F1E7CC
:10142000FFE7019804B0704780B58AB00690059137
:10143000EFF31080079072B6079804900698002882
:1014400000F09F80FFE70698006844F25551C5F20E
:101450005511884240F09580FFE70698006A039096
:1014600006980069029000200190FFE7029800288A
:1014700065D0FFE7039880680599896888424DD157
:10148000FFE70398C0680599C968884246D1FFE71D
:10149000039800690599096988423FD1FFE70398DD
:1014A000406905994969884238D1FFE70398806906
:1014B00005998969884231D1FFE70398C069059988
:1014C000C96988422AD1FFE70398006A0599096A29
:1014D000884223D1FFE70398406A0599496A884208
:1014E0001CD1FFE70398806A0599896A884215D163
:1014F000FFE70398C06A0599C96A88420ED1FFE7E1
:101500000398006B0599096B884207D1FFE703999F
:101510004868013048600120019010E002980138CD
:10152000029003983430039003980699C969884261
:1015300004D3FFE7069880690390FFE796E70498D5
:101540000890089880F31088019890B9FFE70698F2
:1015500005990022F9F70CFF0090009840B1FFE7D1
:1015600045F2B411C2F20041086801300860FFE79B
:10157000FFE745F2B811C2F2004108680130086087
:101580000CE045F2B411C2F2004108680130086075
:1015900004980990099880F31088FFE70AB080BD8D
:1015A00084B00290019101980299C96A88420AD3D5
:1015B000FFE701980299096B884204D2FFE70120F6
:1015C0008DF80F0030E045F28820C2F2004000683C
:1015D00028B3FFE7019845F25421C2F2004189691E
:1015E00088421BD3FFE7019845F25422C2F2004221
:1015F0009169D2691144884210D2FFE701980090A6
:10160000009810380090009800680299884204D130
:10161000FFE701208DF80F0006E0FFE7FFE7FFE797
:1016200000208DF80F00FFE79DF80F0004B0704711
:1016300080B596B01290EFF31080139072B61398A5
:1016400011901298806A1090109878B3FFE7109864
:10165000006844F25541C4F64F51884226D1FFE755
:1016600010988068022821D1FFE7109800F51F70BC
:1016700002900120039004901298C06A059012987D
:101680000690002001900790089009900A900B9016
:101690000C900D900E900F9011981490149880F368
:1016A0001088029803A9FFF7BFFE0CE045F2B411C1
:1016B000C2F2004108680130086011981590159831
:1016C00080F31088FFE716B080BD00000000000026
:1016D00080B58CB00A9009910892089807900798F5
:1016E000806B0690069818B9FFE7F2200B902FE068
:1016F000079805A904AA0AF00FFF0390039818B1F0
:10170000FFE703980B9023E0089802900298059950
:10171000013908400290029848B1FFE745F22020C5
:10172000C2F20040F8F7FCFCF0200B9010E00A98A1
:101730000999089A069BEE464FF0000CCEF804C0BB
:10174000CEF800C000F06CF8039003980B90FFE710
:101750000B980CB080BD000080B588B00490039158
:1017600040F20C00C2F200400068EFF305810691E0
:101770000699084398B1FFE740F20C00C2F200401E
:101780000068EFF305810791079908430009B0F15C
:101790000F3F03D2FFE7132005903EE0FFE745F23D
:1017A0009021C2F200410720086045F28C20C2F26D
:1017B000004000220292026045F29420C2F20040F2
:1017C0000190026045F2C010C2F20040026045F292
:1017D0009820C2F20040026045F22020C2F2004090
:1017E0004EF68111C0F60101F8F71AF8049A039B2E
:1017F00045F28010C2F200404EF66811C0F60101B9
:10180000F6F70EFD019A029845F28821C2F20041D6
:101810000860012111600590FFE7059808B080BDC0
:1018200080B59EB0DDF884C0DDF880C018901791B7
:101830001692159340F20C00C2F200400068EFF3DC
:1018400005811A911A99084398B1FFE740F20C00FC
:10185000C2F200400068EFF305811B911B99084319
:101860000009B0F10F3F03D2FFE71320199046E2C1
:10187000FFE745F29420C2F200400068012803D03F
:10188000FFE71D2019903AE2189818B9FFE70320E6
:10189000199034E245F22020C2F200404FF0FF31AF
:1018A000F8F7C6F81898006844F25541C4F64F514D
:1018B000884209D1FFE745F22020C2F20040F8F744
:1018C0002FFCF12019901AE21698139013980068D3
:1018D00044F25541C4F64F51884209D0FFE745F222
:1018E0002020C2F20040F8F71BFCF220199006E21B
:1018F0001398007D0490049945F29020C2F20040B4
:1019000000680840884215D1FFE745F28C20C2F2FA
:10191000004001680498084088420BD1FFE79DF819
:101920001000800700280ED5FFE79DF81000C007C3
:1019300048B9FFE745F22020C2F20040F8F7F0FB7B
:10194000F3201990DBE11398806920B1FFE7139829
:10195000C06948B9FFE745F22020C2F20040F8F71D
:10196000DFFBF2201990CAE11398806B60B1FFE7AA
:101970001398C06B40B1FFE71398806A20B1FFE76E
:101980001398406B48B9FFE745F22020C2F20040AF
:10199000F8F7C6FBF2201990B1E118984FF4916165
:1019A000EEF7B4FF1398C06B07901398806A0C9001
:1019B0001398406B0B900798C043032803D8FFE7A8
:1019C000F82019909BE1079804300790FFE70798EB
:1019D000013820F0030007900C98C043032803D877
:1019E000FFE7F82019908AE10C9804300C90FFE78B
:1019F0000C98013820F003000C900B98C04303288A
:101A000003D8FFE7F820199079E10B9804300B9088
:101A1000FFE70B98013820F003000B900798C043B4
:101A20000C99884203D2FFE7F820199067E10798E4
:101A30000C9908440790FFE70798C0430B99884228
:101A400003D2FFE7F820199059E107980B99084451
:101A50000790FFE70420069001200A900990139850
:101A60006A4606A911600AA909AA07ABFFF7BCFAE2
:101A70000798C0430699884203D2FFE7F8201990DF
:101A80003DE10798069908440590FFE7059A45F25D
:101A90008010C2F2004003A90023F6F775FA029005
:101AA000029848B1FFE745F22020C2F20040F8F763
:101AB00037FB1020199022E103980599EEF726FFD5
:101AC000EFF310801C9072B61C981490189944F291
:101AD0005540C4F64F5008601798189948601398FD
:101AE00040691899C8600398189948620598189930
:101AF000886203980890089806990844013849427A
:101B0000084008900898039003981899C8620399B0
:101B1000079808440138189908630798189988634A
:101B20002098189908612198189948611698189971
:101B3000886116991598084401381899C861159854
:101B4000189908620598219908441899C86318994A
:101B500001208860139818990865139800691899EE
:101B6000C1F870040398189908640C981899C1F882
:101B7000600403990C980844013818994864039844
:101B80000C99084403901398406A1899C1F86404AA
:101B90000398189988640B981899C1F868040399F8
:101BA0000B98084401381899C86403980B990844A5
:101BB00003901398006B1899C1F86C040398189956
:101BC00048631398C07D48B9FFE7182010901C2087
:101BD0000F9020200E902C200D9017E01398C17DBF
:101BE0004FF08070B0EB016F06D1FFE7002010903E
:101BF0000F900E900D9008E0182010901C200F9070
:101C000020200E902C200D90FFE7FFE7189988699F
:101C1000139A92691044109A10444865189988697B
:101C2000139AD26910440F9A1044886518998869EC
:101C3000139AD26A10440D9A104408661398006AE9
:101C400048B1FFE718998869139A126A10440E9AEE
:101C50001044C86503E018990020C865FFE718988C
:101C6000007BC00758B1FFE71898007B8007002869
:101C700004D5FFE7189800F0C3FBFFE700E0FFE79B
:101C800045F29822C2F200421068411C116068B906
:101C9000FFE7189845F2C011C2F200410860189899
:101CA000C0F880041898C0F884041AE045F2C01007
:101CB000C2F20040006812901298D0F8840411908B
:101CC00018981299C1F8840418981199C1F88004E1
:101CD00011981899C1F8840412981899C1F88004D1
:101CE000FFE714981D901D9880F3108845F220207E
:101CF000C2F20040F8F714FA00201990FFE7199893
:101D00001EB080BD0000000080B588B0069005912F
:101D1000049203931D20029044F64430C2F2004026
:101D20000068D0F890000190019818B9FFE7F22000
:101D300007902AE306980138014600915F2800F2D7
:101D400011830099DFE811F06000680070007600F0
:101D50007E0086008E0094009A00A200AA00B000C7
:101D6000B800C000C800CE00D400DC00E200EA00E9
:101D7000F200FA0002010A010702110119011F0114
:101D800026012E0136013E0144014A01520158014B
:101D90005E0166016E0176017E0184018C01940171
:101DA0009B01A201AA01B001B701BF01C701CF0188
:101DB000D501DB01E201EA01F001F701FF010D02AB
:101DC00015021D0225022D0235023B024102470287
:101DD0004D0259025F0267026D0275027B028102A9
:101DE0008902910297029D02A502AD02C302CB02B5
:101DF000D102BB02D702DD02E302B502E9025302BF
:101E0000FE020603F102F80201980599049A039B69
:101E100002F07AF80290B5E201980599049A039BC2
:101E200002F0F6F80290ADE20198059902F0E4F9AB
:101E30000290A7E201980599049A039B02F03CFAEC
:101E400002909FE201980599049A039B02F0ECFB33
:101E5000029097E201980599049A039B02F030FDE5
:101E600002908FE20198059902F02AFE029089E221
:101E70000198059902F07CFE029083E20198059991
:101E8000049A039B02F0C0FE02907BE20198059940
:101E9000049A039B02F068FF029073E2019805998F
:101EA00003F052F802906DE201980599049A039BA1
:101EB00003F0AAF8029065E201980599049A039B41
:101EC00003F05AFA02905DE201980599049A039B87
:101ED00003F03EFC029055E20198059903F0D8FD0D
:101EE00002904FE20198059903F02AFE029049E220
:101EF00001980599049A039B03F06EFE029041E25B
:101F00000198059903F0F0FE02903BE201980599D3
:101F1000049A039B03F048FF029033E2019805996D
:101F2000049A039B04F000F802902BE201980599B3
:101F3000049A039B04F078F9029023E20198059932
:101F4000049A039B04F0BCFA02901BE201980599E5
:101F5000049A039B04F0B4FB029013E201980599E4
:101F6000049A04F009FC02900CE201980599049A85
:101F7000039B04F07DFC029004E20198059904F0B3
:101F80002BFD0290FEE101980599049A04F084FD6E
:101F90000290F7E101980599049A039B04F0D4FD9F
:101FA0000290EFE101980599049A039B04F084FFE5
:101FB0000290E7E101980599049A039B05F034F932
:101FC0000290DFE10198059905F09AFA0290D9E1B3
:101FD0000198059905F0ECFA0290D3E10198059972
:101FE000049A039B05F03CFB0290CBE10198059914
:101FF00005F02AFC0290C5E10198059905F084FCE2
:102000000290BFE101980599049A039B05F0D4FC66
:102010000290B7E101980599049A039B05F070FDC1
:102020000290AFE101980599049A039B05F020FF07
:102030000290A7E101980599049A039B06F0D0F855
:1020400002909FE10198059906F036FA029099E115
:1020500001980599049A039B06F086FA029091E193
:1020600001980599049A039B06F00EFB029089E102
:1020700001980599049A06F0B3FB029082E1019859
:102080000599049A06F028FC02907BE101980599D5
:10209000049A039B06F078FC029073E1019805997D
:1020A00006F026FD02906DE101980599049A06F06C
:1020B0007FFD029066E101980599049A039B06F062
:1020C000CFFD02905EE101980599049A039B06F00A
:1020D00047FF029056E101980599049A039B07F087
:1020E0008BF802904EE10198059907F085F902906E
:1020F00048E10198059907F0D7F9029042E101986B
:102100000599049A07F028FA02903BE10198059995
:10211000049A039B07F09CFA029033E10198059919
:1021200007F0C2FB02902DE101980599049A07F08F
:102130001BFC029026E101980599049A039B07F085
:102140009BFC02901EE101980599049A039B07F0FD
:102150009FFC029016E10198059907F0B9FE0290E4
:1021600010E101980599049A039B07F0C9FE0290BB
:1021700008E101980599049A039B08F051F902902F
:1021800000E101980599049A039B08F0C1FB0290B5
:10219000F8E001980599049A039B08F03DFC029031
:1021A000F0E001980599049A039B08F0B9FC0290AD
:1021B000E8E00198059908F0BFFC0290E2E0019880
:1021C000059908F011FD0290DCE00198059908F0EE
:1021D00063FD0290D6E00198059908F069FD029030
:1021E000D0E00198059908F07BFD0290CAE00198C3
:1021F000059908F0CDFD0290C4E00198059908F01A
:1022000047FE0290BEE001980599049A039B08F0EE
:1022100097FE0290B6E00198059908F015FF02902C
:10222000B0E001980599049A039B08F065FF0290BD
:10223000A8E00198059908F06BFF0290A2E00198D0
:10224000059908F071FF02909CE001980599049AA5
:10225000039B08F0C1FF029094E001980599049A4D
:10226000039B09F015F802908CE00198059909F09C
:10227000F7F8029086E00198059909F049F9029073
:1022800080E001980599049A039B09F0A1F9029056
:1022900078E001980599049A039B09F019FB0290D4
:1022A00070E001980599049A039B09F091FC029053
:1022B00068E00198059909F0C3FD029062E0019879
:1022C0000599049A039B09F0C7FD02905AE0019812
:1022D0000599049A039B09F0D7FD029052E00198FA
:1022E000059909F0EDFD02904CE00198059909F07F
:1022F000F3FD029046E00198059909F0F9FD02907E
:1023000040E00198059909F00BFE02903AE001982F
:10231000059909F01DFE029034E001980599049A90
:10232000039B09F02DFE02902CE001980599049A78
:1023300009F072FE029025E00198059909F0B0FEBF
:1023400002901FE001980599049A039B09F0ECFEA6
:10235000029017E001980599049A039B09F068FF21
:1023600002900FE00698B0F5803F0AD3FFE7069889
:10237000A0F580300599049A039BFFF709F80290B5
:10238000FFE7FFE702980790FFE7079808B080BDD6
:1023900080B582B044F64430C2F20040006800903C
:1023A00000200190009860B1FFE70098D0F89000FD
:1023B000019044F64430C2F200400068FBF78CFB09
:1023C000FFE745F2BC10C2F20040006848B1FFE7E9
:1023D00045F2BC10C2F20040026800980199904793
:1023E000FFE702B080BD000081B00090009845F288
:1023F000BC11C2F200410860002001B0704700002B
:1024000080B590B00F9000200490039040F2A1603E
:10241000C0F600000790079820F00F0003990843CA
:1024200040F01000079007980F9948660F9909200F
:10243000C0F20760886601200390022002900F9886
:1024400080690E900F98006D806B0D900F98D0F8FA
:102450008400002861D1FFE700200190FFE7019888
:10246000032859D8FFE70198012806D8FFE70D98FF
:102470000AF092F8800808901DE0019802280BD11C
:10248000FFE70D980899A0EB41000D900D980AF018
:1024900083F8400808900DE00D980899401A0D90B7
:1024A0000D980AF079F8089008980D99FEF780FFCA
:1024B0000490FFE7FFE70E98089949420840039906
:1024C000084340F010000790089800F0B5FC400069
:1024D00005900598049908430121C0F2076108435B
:1024E000069007980F99029A01EB820148660698B8
:1024F0000F99029A01EB820188660E9808990844A8
:102500000E90029802300290039801300390FFE78A
:10251000019801300190A2E769E00D984AF6AB21DD
:10252000CAF6AA21A0FB011040080AF035F808906D
:10253000089800F081FC4000059000200190FFE722
:10254000019802284CD8FFE70E98089949420840A4
:102550000399084340F0100007900D9808998842AD
:1025600006D2FFE708980D99FEF722FF0490FFE7D7
:102570000598049908430021C0F2076108430690BA
:102580000D9828B1FFE7069840F001000690FFE79C
:1025900007980F99029A01EB8201486606980F99F5
:1025A000029A01EB820188660E98089908440E9001
:1025B0000D980899884205D9FFE70D980899401AA7
:1025C0000D9002E000200D90FFE70298023002908B
:1025D000039801300390FFE7019801300190AFE7C5
:1025E000029802300290039801300390FFE70F98A1
:1025F000C06A0C900F98006DC06B0B900F98006D27
:10260000806A0A900F98006D406B09900B98033018
:1026100020F003000B900A98033020F003000A908A
:102620000998033020F0030009900B980A99084498
:10263000099908440B900B984AF6AB21CAF6AA21D7
:10264000A0FB0110400809F0A7FF089000200090AF
:102650000490089800F0F0FB0146009849000591AD
:102660000190FFE7019802284CD8FFE70C980899E1
:10267000494208400399084340F0100007900B9826
:102680000899884206D2FFE708980B99FEF790FE5A
:102690000490FFE70598049908430021C1F207312F
:1026A000084306900B9828B1FFE7069840F0010018
:1026B0000690FFE707980F99029A01EB820148669E
:1026C00006980F99029A01EB820188660C98089986
:1026D00008440C900B980899884205D9FFE70B989D
:1026E0000899401A0B9002E000200B90FFE7029837
:1026F00002300290039801300390FFE70198013007
:102700000190AFE710B080BD80B588B0069005910C
:102710000492069818B9FFE7F420079060E0069944
:102720000020086045F22020C2F200404FF0FF3147
:10273000FDF7B6F945F28820C2F200400068002893
:1027400042D0FFE7059800F1100245F25420C2F292
:10275000004003A90023FCF79FFC0290029890BB65
:10276000FFE7049AD2F87C04411CC2F87C1448B9F3
:10277000FFE703980499C1F8780403984060039830
:10278000806013E00498D0F8780401900198806884
:102790000090039801998860039800994860009818
:1027A00003998860019803994860FFE704980399AA
:1027B000086005980399C860039810300390039847
:1027C00006990860FFE702E01D200290FFE745F24E
:1027D0002020C2F20040FDF72BFA02980790FFE795
:1027E000079808B080BD000080B586B0059045F21E
:1027F0002020C2F200404FF0FF31FDF751F945F2C1
:102800008820C2F20040006800284CD0FFE744F660
:102810004430C2F200400068D0F89000049005985F
:1028200003900398A0F1100103910090039858B110
:10283000FFE7039800680499884205D1FFE70498F0
:10284000D0F87C0418B9FFE7032002902AE004992D
:10285000D1F87C040138C1F87C0428B9FFE7049959
:102860000020C1F8780418E00398406801900398AC
:1028700080680090009801998860019800994860EC
:102880000498D0F878040399884205D1FFE70198AD
:102890000499C1F87804FFE7FFE70398FCF7E4FD2B
:1028A0000290FFE702E01D200290FFE745F22020A2
:1028B000C2F20040FDF7BCF9029806B080BD0000EE
:1028C00085B0039002910192019818B9FFE70020AA
:1028D00004902AE0FFE7039800788DF80300019840
:1028E00000788DF802009DF803009DF802108842E0
:1028F00008D1FFE79DF8030018B9FFE70120049015
:1029000013E002E0002004900FE0029818B9FFE7FE
:102910000020049009E003980130039001980130F1
:102920000190029801380290D5E7049805B07047ED
:1029300080B584B003900291019203980299019BA3
:102940004FF0FF3200F004F80090009804B080BD12
:1029500080B596B010900F910E920D930F9818B10C
:10296000FFE70D9818B9FFE703201190ADE10D20A6
:1029700002900D9900200860EFF31080129072B65B
:1029800012980C9044F65431C2F2004108680130AC
:1029900008600C981390139880F3108810980138F1
:1029A00001460091072800F276810099DFE811F0D6
:1029B000F90036018100D1005900A900080031005A
:1029C0000020039044F64030C2F2004000680B90B3
:1029D000FFE7039844F63C31C2F20041096888429F
:1029E00016D2FFE70F980E990B9A926AFFF768FFCD
:1029F00030B1FFE70B980D9908600020029007E0C6
:102A00000398013003900B98D0F888000B90E0E712
:102A100044E10020039044F6E830C2F20040006830
:102A20000A90FFE7039844F6E431C2F200410968D6
:102A3000884215D2FFE70F980E990A9A5268FFF75D
:102A40003FFF30B1FFE70A980D990860002002901F
:102A500006E00398013003900A98406A0A90E1E783
:102A60001CE10020039044F62C30C2F200400068C4
:102A70000990FFE7039844F62831C2F20041096843
:102A8000884215D2FFE70F980E99099A5268FFF70E
:102A900017FF30B1FFE709980D99086000200290F8
:102AA00006E00398013003900998006B0990E1E774
:102AB000F4E00020039044F61830C2F200400068B1
:102AC0000890FFE7039844F61431C2F20041096808
:102AD000884215D2FFE70F980E99089A5268FFF7BF
:102AE000EFFE30B1FFE708980D99086000200290D2
:102AF00006E0039801300390089880690890E1E7A8
:102B0000CCE00020039044F63430C2F2004000686C
:102B10000790FFE7039844F63031C2F2004109689C
:102B2000884215D2FFE70F980E99079A5268FFF76F
:102B3000C7FE30B1FFE707980D99086000200290AA
:102B400006E0039801300390079840690790E1E799
:102B5000A4E00020039044F62430C2F20040006854
:102B60000690FFE7039844F62031C2F2004109685D
:102B7000884215D2FFE70F980E99069A5268FFF720
:102B80009FFE30B1FFE706980D9908600020029083
:102B900006E00398013003900698006A0690E1E78A
:102BA0007CE044F64430C2F200400068D0F8900067
:102BB0000190019850B1FFE70198007B8007002841
:102BC00003D5FFE7F220029068E0FFE700200390C2
:102BD00044F60430C2F2004000680590FFE7039815
:102BE00044F60031C2F200410968884215D2FFE77D
:102BF0000F980E99059A5268FFF762FE30B1FFE711
:102C000005980D9908600020029006E003980130B5
:102C100003900598806A0590E1E73FE044F6443070
:102C2000C2F200400068D0F890000190019850B1C5
:102C3000FFE70198007B8007002803D5FFE7F2201B
:102C400002902BE0FFE70020039044F61030C2F220
:102C5000004000680490FFE7039844F60C31C2F28C
:102C600000410968884215D2FFE70F980E99049A2F
:102C70005268FFF725FE30B1FFE704980D99086010
:102C80000020029006E00398013003900498C06A87
:102C90000490E1E702E008200290FFE7EFF31080E4
:102CA000149072B614980C9044F65431C2F200415C
:102CB0000868013808600C981590159880F3108802
:102CC000FAF76EF902981190FFE7119816B080BDDF
:102CD00080B582B001900091019A009B45F254208A
:102CE000C2F200404EF6A111C0F60101F5F798FAC4
:102CF00045F28821C2F2004101200860002002B0A4
:102D000080BD00000000000084B003900291039891
:102D1000103801900198C0680299884203D1FFE7FA
:102D20000020009002E0F4200090FFE7009804B03B
:102D3000704700000000000083B00190009145F250
:102D40009420C2F200400068012803D0FFE71D2054
:102D500002901EE0019818B9FFE70320029018E0E6
:102D60000198006844F25541C4F64F51884203D09F
:102D7000FFE7032002900CE0009818B9FFE703205A
:102D8000029006E00198C068009908600020029057
:102D9000FFE7029803B0704780B596B01290EFF34A
:102DA0001080139072B6139811901298C06B109007
:102DB000109880B3FFE71098006844F25541C4F6BC
:102DC0004F51884227D1FFE710988068022822D10E
:102DD000FFE7109800F51F70029002200390012079
:102DE00004901298006C05901298069000200190B3
:102DF0000790089009900A900B900C900D900E90FF
:102E00000F9011981490149880F31088029803A9D9
:102E1000FEF70AFB0CE045F2B411C2F2004108686B
:102E20000130086011981590159880F31088FFE71D
:102E300016B080BD0000000082B0019001982028EB
:102E400003D1FFE70420009090E00198402803D1CF
:102E5000FFE70520009088E00198802803D1FFE774
:102E60000620009080E00198B0F5807F03D1FFE755
:102E70000720009077E00198B0F5007F03D1FFE7CD
:102E8000082000906EE00198B0F5806F03D1FFE755
:102E90000920009065E00198B0F5006F03D1FFE7CD
:102EA0000A2000905CE00198B0F5805F03D1FFE755
:102EB0000B20009053E00198B0F5005F03D1FFE7CD
:102EC0000C2000904AE00198B0F5804F03D1FFE755
:102ED0000D20009041E00198B0F5004F03D1FFE7CD
:102EE0000E20009038E00198B0F5803F03D1FFE755
:102EF0000F2000902FE00198B0F5003F03D1FFE7CD
:102F00001020009026E00198B0F5802F03D1FFE754
:102F1000112000901DE00198B0F5002F03D1FFE7CC
:102F20001220009014E00198B0F5801F03D1FFE754
:102F3000132000900BE00198B0F5001F03D1FFE7CC
:102F40001420009002E015200090FFE7FFE7FFE764
:102F5000FFE7FFE7FFE7FFE7FFE7FFE7FFE7FFE741
:102F6000FFE7FFE7FFE7FFE7FFE7FFE7009802B0B3
:102F7000704700000000000080B596B01290EFF39B
:102F80001080139072B6139811901298006A1090E6
:102F9000109880B3FFE71098006844F25541C4F6DA
:102FA0004F51884227D1FFE710988068022822D12C
:102FB000FFE7109800F51F70029003200390012096
:102FC00004901298406A0590129806900020019093
:102FD0000790089009900A900B900C900D900E901D
:102FE0000F9011981490149880F31088029803A9F8
:102FF000FEF71AFA0CE045F2B411C2F2004108687B
:103000000130086011981590159880F31088FFE73B
:1030100016B080BD0000000070B590B00E9045F273
:103020009420C2F200400068012803D0FFE71D2071
:103030000F90FBE00E9818B9FFE703200F90F5E022
:1030400045F22020C2F200404FF0FF31F6F7F0FCCD
:103050000E98006844F25541C4F64F51884209D099
:10306000FFE745F22020C2F20040F7F759F80320AD
:103070000F90DBE00E98806801280ED0FFE70E98D5
:103080008068042809D0FFE745F22020C2F2004002
:10309000F7F746F810200F90C8E00E99D1F86404B5
:1030A000D1F87414884208D3FFE70E99D1F86C0464
:1030B000D1F87414884209D2FFE745F22020C2F209
:1030C0000040F7F72DF80F200F90AFE00E9901F5B3
:1030D0001F7001F530736A464FF4D07111604EF6DF
:1030E000EF11C0F601010D22F7F7EEFA0D900D98E1
:1030F00048B1FFE745F22020C2F20040F7F710F890
:1031000010200F9092E00E9E0B9606F1AC00D6F8C0
:1031100040E0726DB36DD6F87014D6F86044D6F8FE
:103120006454EC46CDF830C0CCF82060E826CCF8EA
:103130001C600026CCF818600426CCF81460CCF88B
:103140001050CCF80C50CCF80840CCF804E0CCF887
:1031500000104EF6BC11C0F6010100F019FB0D90F5
:103160000D9870B1FFE70E9800F51F70F7F720FB80
:1031700045F22020C2F20040F6F7D2FF0D980F90E2
:1031800054E00E9E099606F5CA70D6F848E0726DB6
:10319000336ED6F87014D6F86844D6F86C54EC4602
:1031A000CDF828C0CCF82060E826CCF81C600026BA
:1031B000CCF81860CCF81460CCF81050CCF80C5057
:1031C000CCF80840CCF804E0CCF800104EF6D01152
:1031D000C0F6010100F0DCFA0D900D98B0B1FFE7E8
:1031E0000E98AC30FAF778FC0E98AC30F8F790FFF8
:1031F0000E9800F51F70F7F7DBFA45F22020C2F2B7
:103200000040F6F78DFF0D980F900FE00E99022009
:10321000886045F22020C2F20040F6F781FF0E9848
:10322000AC30F9F735FC00200F90FFE70F9810B095
:1032300070BD00000000000070B5A8B0219044F6F9
:103240004430C2F2004000681F901F9818B9FFE791
:103250001320229097E240F20C00C2F20040006876
:10326000EFF3058123912399084318B1FFE7132059
:10327000229088E21F9844F69441C2F200418842AD
:1032800003D1FFE7132022907DE245F29420C2F2A1
:1032900000400068012803D0FFE71D20229072E261
:1032A000219818B9FFE7032022906CE245F2202014
:1032B000C2F200404FF0FF31F6F7BAFB21980068E8
:1032C00044F25541C4F64F51884209D0FFE745F218
:1032D0002020C2F20040F6F723FF0320229052E2A2
:1032E00021988068022809D0FFE745F22020C2F229
:1032F0000040F6F715FF1020229044E221990320A8
:1033000088602198AC30FAF7E7FB2198AC30F8F7E9
:10331000FFFE2198C06D002851D0FFE7219E0B963B
:1033200006F1AC00D6F840E0726DF36DD6F870147B
:10333000D6F86044D6F86454EC46CDF830C0CCF8EA
:103340002060E826CCF81C600126CCF81860042622
:10335000CCF81460CCF81050CCF80C50CCF80840E5
:10336000CCF804E0CCF800104EF60D21C0F60101B7
:1033700000F00EFA00200E90FFE70E99002063295E
:103380000A9008D8FFE72198D0F8DC00013818BF70
:1033900001200A90FFE70A98C00738B1FFE7012033
:1033A000F9F73EFC0E9801300E90E6E72198AC301C
:1033B000FAF792FB2198AC30F8F7AAFEFFE72198C4
:1033C00000F5CA70FAF788FB219800F5CA70F8F783
:1033D0009FFE219800F51F70F7F7EAF9EFF31080D0
:1033E000249072B62498209044F65431C2F20041E1
:1033F00008680130086020982590259880F310888F
:1034000044F63C30C2F2004000680E9044F6403072
:10341000C2F2004000681F90FFE70E98411E0E9117
:1034200048B3FFE71F98D0F888001E901F98219995
:10343000C96A88420DD3FFE71F982199096B88421A
:1034400007D2FFE71F98FAF747FB1F98F8F760FECF
:103450000EE01F98D0F890002199884207D1FFE72D
:103460001F98FAF739FB1F98F8F752FEFFE7FFE7BE
:103470001E981F90D1E744F6E430C2F20040006885
:103480000E9044F6E830C2F2004000681D90FFE75D
:103490000E98411E0E91A8B1FFE71D98406A1C903E
:1034A00021981D99FEF77CF88DF83F009DF83F00AC
:1034B000012804D1FFE71D98FAF77AFFFFE71C986F
:1034C0001D90E5E744F62830C2F2004000680E90F7
:1034D00044F62C30C2F2004000681B90FFE70E98C3
:1034E000411E0E9140B3FFE71B98006B1A901B988A
:1034F000C06B219988420DD1FFE71B98806B42F683
:103500009951C0F60101884204D1FFE71B990020C0
:103510008863FFE721981B99FEF742F88DF83F007A
:103520009DF83F00012804D1FFE71B98F7F740F909
:10353000FFE71A981B90D2E744F61430C2F200401D
:1035400000680E9044F61830C2F2004000681990EE
:10355000FFE70E98411E0E9140B3FFE7199880696E
:1035600018901998806A219988420DD1FFE719981F
:10357000406A41F23161C0F60101884204D1FFE79F
:10358000199900204862FFE721981999FEF708F879
:103590008DF83F009DF83F00012804D1FFE71998FE
:1035A000F5F732FCFFE718981990D2E744F630306F
:1035B000C2F2004000680E9044F63430C2F200407F
:1035C00000681790FFE70E98411E0E9140B3FFE789
:1035D0001798406916901798006A219988420DD172
:1035E000FFE71798C06942F67971C0F60101884279
:1035F00004D1FFE717990020C861FFE721981799C8
:10360000FDF7CEFF8DF83F009DF83F00012804D163
:10361000FFE71798F8F76CF9FFE716981790D2E7CD
:1036200044F62030C2F2004000680E9044F6243088
:10363000C2F2004000681590FFE70E98411E0E91FF
:10364000A8B1FFE71598006A149021981599FDF725
:10365000A7FF8DF83F009DF83F00012804D1FFE748
:103660001598F6F739F9FFE714981590E5E744F651
:103670000030C2F2004000680E9044F60430C2F2FE
:10368000004000681390FFE70E98411E0E91A8B10C
:10369000FFE71398806A129021981399FDF780FF35
:1036A0008DF83F009DF83F00012804D1FFE71398F3
:1036B000F4F706FAFFE712981390E5E744F60C30AA
:1036C000C2F2004000680E9044F61030C2F2004092
:1036D00000681190FFE70E98411E0E91A8B1FFE718
:1036E0001198C06A109021981199FDF759FF8DF833
:1036F0003F009DF83F00012804D1FFE71198F4F73F
:1037000027FEFFE710981190E5E7FFE72198D0F832
:103710007C0498B1FFE72198D0F878040D900D98BB
:1037200040682199C1F878040D98F5F75DF9219961
:10373000D1F87C040138C1F87C04E7E72199002026
:103740000990C1F87804EFF31080269072B626989D
:10375000209044F65431C2F20041086801380860F4
:1037600021990420886020982790279880F310885A
:1037700045F22020C2F20040F6F7D2FCF9F710FC27
:1037800009982290FFE7229828B070BD0000000041
:1037900080B5A0B0DDF8A8C0DDF8A4C0DDF8A0C0F9
:1037A000DDF89CC0DDF898C0DDF894C0DDF890C06D
:1037B000DDF88CC0DDF888C01290119110920F9343
:1037C00000200A90129818B9FFE70E20139065E2C6
:1037D0002998E82803D0FFE70E2013905EE2FFE768
:1037E000EFF31080149072B614980E9044F6543192
:1037F000C2F200410868013008600E9815901598D3
:1038000080F3108844F64030C2F2004000680D900A
:103810002399249808440138059000200490FFE77C
:10382000049844F63C31C2F20041096888421ED235
:10383000FFE712980D99884201D1FFE717E023981E
:103840000D990969884209D8FFE705980D99C9685B
:10385000884203D3FFE70020239008E00D98D0F8BA
:1038600088000D90FFE7049801300490D8E7EFF34B
:103870001080169072B616980E9044F65431C2F22B
:1038800000410868013808600E981790179880F377
:103890001088F9F785FB12980D99884203D1FFE74C
:1038A0000E201390FAE1239818B9FFE70320139034
:1038B000F4E10F9818B9FFE703201390EEE1249884
:1038C000C72803D8FFE705201390E7E125982028B3
:1038D00003D3FFE70F201390E0E126982599884253
:1038E00003D9FFE718201390D8E12898022803D3C2
:1038F000FFE710201390D1E144F64430C2F20040BB
:1039000000680390039844F69441C2F20041884253
:1039100003D1FFE713201390C0E140F20C00C2F284
:1039200000400068EFF3058118911899084398B199
:10393000FFE740F20C00C2F200400068EFF305819F
:103940001991199908430009B0F10F3F03D2FFE71D
:1039500013201390A2E1FFE723982499EF22ECF7BC
:10396000CEFF249820F00300043824902398089078
:103970000898033020F003000790089807998842C0
:1039800004D0FFE7249804382490FFE70798239099
:1039900024983C3824901298E821ECF7B7FF2A9835
:1039A000007B8007002825D5FFE71298A4302A9ACB
:1039B0004FF44071FEF7A8FE0290029818B1FFE79D
:1039C000029813906AE11298D0F8A4004FF4407165
:1039D0000191EF22ECF793FF0198129AD2F8A4100C
:1039E00001F5407121F00701C2F8A8101299C1F841
:1039F000AC00FFE723981299C1F8B40024981299FB
:103A0000C1F8BC001198129988620F981299486405
:103A100022981299886423981299C8602498129960
:103A2000486125981299C86225981299C1F8C80072
:103A300027981299886127981299C86112992020B5
:103A4000C1F8D000239809900999249808440138B6
:103A5000099009981299086112990869C1F8B8008B
:103A600026981299C86326981299C1F8CC00129929
:103A70000320086312994DF6F960C0F6000048650E
:103A8000129880651298006909300690069820F017
:103A9000030006901298069908602A9806994860D3
:103AA0002A98406B069988602A9880690699C860B0
:103AB0001298406C069908611298806C06994861CA
:103AC0002A9800F51F70069948622A9800F5CA7076
:103AD000069908622A98C06800F001001299C1F89E
:103AE00098002A98C06800F001001299C1F89C0063
:103AF0001298D0F89C0038B1FFE7069940F2A16017
:103B0000C0F60000C86206E0069941F60950C0F60A
:103B10000100C862FFE71298D0F8E00006998861BA
:103B20001298406C2A99896D884204D1FFE7069962
:103B30000120C86103E006990020C861FFE72A98C8
:103B40001299C1F8900006981299C1F8940006984D
:103B50001299886012981099ECF76AFE1299886899
:103B6000C1F8DC00EFF310801A9072B61A980E902C
:103B7000129945F24420C5F24840086044F63C30B2
:103B8000C2F20040006868B9FFE7129844F640317D
:103B9000C2F2004108601298C0F888001298C0F87C
:103BA0008C001AE044F64030C2F2004000680D90EC
:103BB0000D98D0F88C000C9012980D99C1F88C00DB
:103BC00012980C99C1F888000C981299C1F88C00D1
:103BD0000D981299C1F88800FFE744F63C31C2F213
:103BE000004108680130086044F65431C2F20041D7
:103BF0000868013008602898012832D1FFE740F2B8
:103C00000C00C2F200400068EFF305811B911B9984
:103C10000843B0F1F03F11D3FFE744F64830C2F259
:103C2000004000680B900B9838B1FFE70B98C06B11
:103C30000A900B99C86AC863FFE702E000200B9066
:103C4000FFE70E981C901C9880F310881298F9F7E3
:103C500047FA0B9820B1FFE70A980B99C863FFE772
:103C600019E00E981D901D9880F31088EFF31080D6
:103C70001E9072B61E980E9044F65431C2F2004166
:103C80000868013808600E981F901F9880F310880C
:103C9000F9F786F9FFE700201390FFE7139820B0AB
:103CA00080BD00000000000080B598B01390129114
:103CB000EFF31080149072B61498119013980028A6
:103CC00053D0FFE71398006845F24421C5F24841FC
:103CD00088424AD1FFE71398D0F8900010901398CB
:103CE000D0F894000190109888B3FFE7109800680E
:103CF00044F25541C4F64F51884228D1FFE710984D
:103D00008068022823D1FFE7109800F51F70029009
:103D10000420039001200490019880690590139875
:103D200006901298079000200090089009900A9041
:103D30000B900C900D900E900F9011981590159877
:103D400080F31088029803A9FDF76EFB0CE045F2A2
:103D5000B411C2F200410868013008601198169051
:103D6000169880F31088FFE70CE045F2B411C2F218
:103D7000004108680130086011981790179880F387
:103D80001088FFE718B080BD80B58CB00690002089
:103D90000390EFF31080079072B60798059044F6F1
:103DA0004430C2F2004000680490049806998842AA
:103DB00008D1FFE705980890089880F31088202024
:103DC00003900EE00698006B012809D0FFE70698E3
:103DD000006B022803D0FFE720200390FFE7FFE7F6
:103DE000FFE7039860BBFFE7069920200863069869
:103DF000D0F89000029005980990099880F31088F7
:103E00000699C8684969EF22ECF779FD06980069C0
:103E100009300190019820F0030001900198069963
:103E2000886006980299496DECF702FDEFF3108067
:103E30000A9072B60A980590069903200863FFE776
:103E400005980B900B9880F3108803980CB080BDF8
:103E500080B598B01490EFF31080159072B6159855
:103E6000139044F6F830C2F20040006802900298C5
:103E700001900198039001980838019001980390EF
:103E80000398C06A1290129878B3FFE712980068FE
:103E900044F25541C4F64F51884226D1FFE71298AB
:103EA0008068022821D1FFE7129800F51F70049066
:103EB000002000900590012106910399096B07915C
:103EC0001499089109900A900B900C900D900E9007
:103ED0000F901090119013981690169880F31088F8
:103EE000049805A9FDF7A0FA0CE045F2B411C2F25E
:103EF000004108680130086013981790179880F304
:103F00001088FFE718B080BD80B586B0049003919B
:103F1000029201930498007B800700286CD5FFE78C
:103F2000039800F13001884220D2FFE703980499FA
:103F3000C96A884208D3FFE7039830300499096BB7
:103F40000131884226D9FFE703980499D1F8A410DB
:103F500088420BD3FFE703983030049AD2F8A410BC
:103F6000D2F8A8201144884214D9FFE7039800F141
:103F70003001884214D2FFE7039804998969884286
:103F80000ED3FFE7039830300499C96901318842A4
:103F900006D8FFE7039818B1FFE7F420059034E056
:103FA0000298011D884220D2FFE702980499C96A4D
:103FB000884208D3FFE7029804300499096B013165
:103FC000884218D9FFE702980499D1F8A4108842D2
:103FD0000BD3FFE702980430049AD2F8A410D2F869
:103FE000A8201144884206D9FFE7029818B1FFE7DC
:103FF000F420059009E0FFE703980299019AFAF787
:104000005FFE009000980590FFE7059806B080BD20
:1040100010B588B006900591049203930698007B32
:104020008007002840F1CD80FFE745F28820C2F2EA
:1040300000400068012822D1FFE7059800F1300117
:1040400088421CD2FFE7059845F25421C2F2004194
:1040500089691031884212D3FFE70598303045F264
:104060005422C2F200429169D2691144884206D8B2
:10407000FFE705983021FEF747FE30B1FFE70598CE
:1040800018B1FFE7F4200790B2E00498411C884281
:1040900020D2FFE704980699C96A884208D3FFE74F
:1040A000049801300699096B013188422BD9FFE74A
:1040B00004980699D1F8A41088420BD3FFE704981E
:1040C0000130069AD2F8A410D2F8A82011448842F0
:1040D00019D9FFE70498411C88420ED2FFE70498E3
:1040E00006998969884208D3FFE704980130069948
:1040F000C9690131884206D9FFE7049818B1FFE782
:10410000F420079074E0039800F10801884220D25F
:10411000FFE703980699C96A884208D3FFE7039826
:1041200008300699096B0131884215D9FFE70398D9
:104130000699D1F8A41088420BD3FFE70398083002
:10414000069AD2F8A410D2F8A8201144884203D9C4
:10415000FFE7F42007904BE0039948688968014421
:10416000884226D2FFE7039840680699C96A8842C8
:104170000AD3FFE703994868896808440699096BE0
:10418000013188421CD9FFE7039840680699D1F8AD
:10419000A41088420DD3FFE7039948688968084452
:1041A000069AD2F8A410D2F8A8201144884207D960
:1041B000FFE70398406818B1FFE7F420079017E085
:1041C000FFE705980499DDF80CE0DEF80020DEF842
:1041D0000430DEF808C0DEF80C40EE46CEF80440AD
:1041E000CEF800C0FAF7C0FD029002980790FFE7F2
:1041F000079808B010BD000080B584B0029001910E
:104200000298007B8007002841D5FFE7019800F164
:104210003001884220D2FFE701980299C96A88429A
:1042200008D3FFE7019830300299096B01318842C9
:1042300026D9FFE701980299D1F8A41088420BD340
:10424000FFE701983030029AD2F8A410D2F8A820E3
:104250001144884214D9FFE7019800F130018842E7
:1042600014D2FFE701980299896988420ED3FFE7CB
:10427000019830300299C9690131884206D8FFE7B8
:10428000019818B1FFE7F42003900FE0FFE70198D1
:10429000FAF72EFE0090009828B9FFE70198FEF784
:1042A000A3FA0090FFE700980390FFE7039804B09B
:1042B00080BD000000000000B0B58AB008900791F2
:1042C000069205930898007B8007002840F18B81B7
:1042D000FFE7079800F13001884220D2FFE70798F6
:1042E0000899C96A884208D3FFE7079830300899CF
:1042F000096B0131884226D9FFE707980899D1F860
:10430000A41088420BD3FFE707983030089AD2F800
:10431000A410D2F8A8201144884214D9FFE70798C6
:1043200000F13001884214D2FFE7079808998969A3
:1043300088420ED3FFE7079830300899C9690131E8
:10434000884206D8FFE7079818B1FFE7F4200990E4
:1043500064E10698011D884220D2FFE7069808997B
:10436000C96A884208D3FFE7069804300899096BA8
:104370000131884218D9FFE706980899D1F8A410AE
:1043800088420BD3FFE706980430089AD2F8A410AD
:10439000D2F8A8201144884206D9FFE7069818B140
:1043A000FFE7F420099039E1059800F114018842F3
:1043B00020D2FFE705980899C96A884208D3FFE729
:1043C000059814300899096B0131884215D9FFE727
:1043D00005980899D1F8A41088420BD3FFE70598F7
:1043E0001430089AD2F8A410D2F8A82011448842B8
:1043F00003D9FFE7F420099010E105980068011D3A
:10440000884224D2FFE7059800680899C96A884263
:1044100009D3FFE70598006804300899096B01315A
:1044200088421BD9FFE7059800680899D1F8A410C5
:1044300088420CD3FFE7059800680430089AD2F848
:10444000A410D2F8A8201144884207D9FFE70598A4
:10445000006818B1FFE7F4200990DFE00598406894
:10446000011D884224D2FFE7059840680899C96A6F
:10447000884209D3FFE70598406804300899096B22
:10448000013188421BD9FFE7059840680899D1F8A7
:10449000A41088420CD3FFE7059840680430089ABE
:1044A000D2F8A410D2F8A8201144884207D9FFE717
:1044B0000598406818B1FFE7F4200990AEE0059830
:1044C0008068011D884224D2FFE70598806808991A
:1044D000C96A884209D3FFE70598806804300899C3
:1044E000096B013188421BD9FFE70598806808995C
:1044F000D1F8A41088420CD3FFE7059880680430F7
:10450000089AD2F8A410D2F8A8201144884207D9FA
:10451000FFE70598806818B1FFE7F42009907DE077
:104520000598C068011D884224D2FFE70598C0683D
:104530000899C96A884209D3FFE70598C068043022
:104540000899096B013188421BD9FFE70598C068BB
:104550000899D1F8A41088420CD3FFE70598C068E9
:104560000430089AD2F8A410D2F8A8201144884246
:1045700007D9FFE70598C06818B1FFE7F420099054
:104580004CE005980069011D884224D2FFE7059898
:1045900000690899C96A884209D3FFE7059800694C
:1045A00004300899096B013188421BD9FFE705984F
:1045B00000690899D1F8A41088420CD3FFE7059848
:1045C00000690430089AD2F8A410D2F8A820114447
:1045D000884207D9FFE70598006918B1FFE7F42082
:1045E00009901BE0FFE707980699DDF814E0DEF874
:1045F0000020DEF80430DEF808C0DEF80C40DEF8FB
:104600001050EE46CEF80850CEF80440CEF800C068
:10461000FAF7B6FC049004980990FFE709980AB0ED
:10462000B0BD00000000000080B588B00690059184
:10463000049203930698007B8007002840F12981AB
:10464000FFE7059800F13001884220D2FFE7059886
:104650000699C96A884208D3FFE705983030069961
:10466000096B0131884226D9FFE705980699D1F8F0
:10467000A41088420BD3FFE705983030069AD2F891
:10468000A410D2F8A8201144884214D9FFE7059855
:1046900000F13001884214D2FFE705980699896934
:1046A00088420ED3FFE7059830300699C969013179
:1046B000884206D8FFE7059818B1FFE7F420079075
:1046C000FAE00498011D884220D2FFE70498069979
:1046D000C96A884208D3FFE7049804300699096B39
:1046E0000131884218D9FFE704980699D1F8A4103F
:1046F00088420BD3FFE704980430069AD2F8A4103E
:10470000D2F8A8201144884206D9FFE7049818B1CE
:10471000FFE7F4200790CFE0039800F10C018842F6
:1047200020D2FFE703980699C96A884208D3FFE7B9
:1047300003980C300699096B0131884215D9FFE7BF
:1047400003980699D1F8A41088420BD3FFE7039889
:104750000C30069AD2F8A410D2F8A820114488424E
:1047600003D9FFE7F4200790A6E003980068011D35
:10477000884224D2FFE7039800680699C96A8842F4
:1047800009D3FFE70398006804300699096B0131EB
:1047900088421BD9FFE7039800680699D1F8A41056
:1047A00088420CD3FFE7039800680430069AD2F8D9
:1047B000A410D2F8A8201144884207D9FFE7039833
:1047C000006818B1FFE7F420079075E0039840688F
:1047D000011D884224D2FFE7039840680699C96A00
:1047E000884209D3FFE70398406804300699096BB3
:1047F000013188421BD9FFE7039840680699D1F838
:10480000A41088420CD3FFE7039840680430069A4E
:10481000D2F8A410D2F8A8201144884207D9FFE7A3
:104820000398406818B1FFE7F420079044E003982C
:104830008068011D884224D2FFE7039880680699AA
:10484000C96A884209D3FFE7039880680430069953
:10485000096B013188421BD9FFE7039880680699EC
:10486000D1F8A41088420CD3FFE703988068043085
:10487000069AD2F8A410D2F8A8201144884207D989
:10488000FFE70398806818B1FFE7F420079013E072
:10489000FFE705980499DDF80CC0DCF80020DCF88F
:1048A0000430DCF808C0EE46CEF800C0F3F7E8F9B3
:1048B000029002980790FFE7079808B080BD0000BB
:1048C00080B586B004900391029201930498007B16
:1048D0008007002840F1E380FFE70398011D88422C
:1048E00020D2FFE703980499C96A884208D3FFE7FA
:1048F000039804300499096B0131884218D9FFE705
:1049000003980499D1F8A41088420BD3FFE70398C9
:104910000430049AD2F8A410D2F8A8201144884296
:1049200006D9FFE7039818B1FFE7F4200590C1E02E
:104930000298011D884220D2FFE702980499C96AB3
:10494000884208D3FFE7029804300499096B0131CB
:10495000884218D9FFE702980499D1F8A410884238
:104960000BD3FFE702980430049AD2F8A410D2F8CF
:10497000A8201144884206D9FFE7029818B1FFE742
:10498000F420059096E0019800F10801884220D2B9
:10499000FFE701980499C96A884208D3FFE70198A4
:1049A00008300499096B0131884215D9FFE7019855
:1049B0000499D1F8A41088420BD3FFE7019808307E
:1049C000049AD2F8A410D2F8A8201144884203D93E
:1049D000FFE7F42005906DE001980068011D884212
:1049E00024D2FFE7019800680499C96A884209D374
:1049F000FFE70198006804300499096B013188428F
:104A00001BD9FFE7019800680499D1F8A4108842E7
:104A10000CD3FFE7019800680430049AD2F8A41080
:104A2000D2F8A8201144884207D9FFE7019800680E
:104A300018B1FFE7F42005903CE001984068011DA3
:104A4000884224D2FFE7019840680499C96A8842E5
:104A500009D3FFE70198406804300499096B0131DC
:104A600088421BD9FFE7019840680499D1F8A41047
:104A700088420CD3FFE7019840680430049AD2F8CA
:104A8000A410D2F8A8201144884207D9FFE7019862
:104A9000406818B1FFE7F42005900BE0FFE70398AA
:104AA0000299019B1A685B68F3F71AF90090009865
:104AB0000590FFE7059806B080BD000000000000EB
:104AC00080B584B0029001910298007B8007002895
:104AD00041D5FFE7019800F13001884220D2FFE77D
:104AE00001980299C96A884208D3FFE701983030DB
:104AF0000299096B0131884226D9FFE70198029992
:104B0000D1F8A41088420BD3FFE701983030029A05
:104B1000D2F8A410D2F8A8201144884214D9FFE793
:104B2000019800F13001884214D2FFE70198029900
:104B3000896988420ED3FFE7019830300299C9692C
:104B40000131884206D8FFE7019818B1FFE7F42049
:104B5000039007E0FFE70198FAF74AFA00900098FF
:104B60000390FFE7039804B080BD00000000000040
:104B700080B586B0049003910498007B80070028DC
:104B800035D5FFE7039888B3FFE703980438019011
:104B900001980399884225D8FFE70198011D8842B2
:104BA00020D2FFE701980499C96A884208D3FFE739
:104BB000019804300499096B0131884215D9FFE747
:104BC00001980499D1F8A41088420BD3FFE701980B
:104BD0000430049AD2F8A410D2F8A82011448842D4
:104BE00003D9FFE7F420059008E0FFE7FFE703980B
:104BF000FAF71EFA029002980590FFE7059806B0B2
:104C000080BD00000000000080B586B004900391D4
:104C1000029201930498007B8007002840F196805F
:104C2000FFE7039800F13401884220D2FFE70398A0
:104C30000499C96A884208D3FFE70398343004997D
:104C4000096B0131884226D9FFE703980499D1F80E
:104C5000A41088420BD3FFE703983430049AD2F8AB
:104C6000A410D2F8A8201144884214D9FFE7039871
:104C700000F13401884214D2FFE70398049989694E
:104C800088420ED3FFE7039834300499C969013193
:104C9000884206D8FFE7039818B1FFE7F420059093
:104CA0005FE00298011D884220D2FFE70298049934
:104CB000C96A884208D3FFE7029804300499096B57
:104CC0000131884218D9FFE702980499D1F8A4105D
:104CD00088420BD3FFE702980430049AD2F8A4105C
:104CE000D2F8A8201144884206D9FFE7029818B1EB
:104CF000FFE7F420059034E0019800F108018842B4
:104D000020D2FFE701980499C96A884208D3FFE7D7
:104D1000019808300499096B0131884215D9FFE7E1
:104D200001980499D1F8A41088420BD3FFE70198A9
:104D30000830049AD2F8A410D2F8A820114488426E
:104D400003D9FFE7F42005900BE0FFE703980299F1
:104D5000019B1A685B68FAF79FF90090009805902C
:104D6000FFE7059806B080BD80B588B00690059134
:104D7000049203930698007B8007002840F1CD80C1
:104D8000FFE745F28820C2F200400068012822D1E6
:104D9000FFE7059800F1340188421CD2FFE705982F
:104DA00045F25421C2F2004189691031884212D380
:104DB000FFE70598343045F25422C2F2004291696F
:104DC000D2691144884206D8FFE705983421FDF7DF
:104DD0009BFF30B1FFE7059818B1FFE7F42007907B
:104DE000AEE00498411C884220D2FFE7049806995F
:104DF000C96A884208D3FFE7049801300699096B15
:104E0000013188422BD9FFE704980699D1F8A41004
:104E100088420BD3FFE704980130069AD2F8A41019
:104E2000D2F8A8201144884219D9FFE70498411C00
:104E300088420ED2FFE7049806998969884208D310
:104E4000FFE7049801300699C9690131884206D903
:104E5000FFE7049818B1FFE7F420079070E003988B
:104E600000F10C01884220D2FFE703980699C96A35
:104E7000884208D3FFE703980C300699096B01318B
:104E8000884215D9FFE703980699D1F8A410884203
:104E90000BD3FFE703980C30069AD2F8A410D2F88F
:104EA000A8201144884203D9FFE7F420079047E087
:104EB0000399086849680144884226D2FFE70398AD
:104EC00000680699C96A88420AD3FFE7039908680F
:104ED000496808440699096B013188421CD9FFE7EB
:104EE000039800680699D1F8A41088420DD3FFE713
:104EF0000399086849680844069AD2F8A410D2F8C1
:104F0000A8201144884207D9FFE70398006818B128
:104F1000FFE7F420079013E0FFE705980499DDF818
:104F20000CC0DCF80020DCF80430DCF808C0EE46E9
:104F3000CEF800C0FAF740F9029002980790FFE718
:104F4000079808B080BD000080B584B00290019140
:104F50000298007B8007002841D5FFE7019800F107
:104F60003401884220D2FFE701980299C96A884239
:104F700008D3FFE7019834300299096B0131884268
:104F800026D9FFE701980299D1F8A41088420BD3E3
:104F9000FFE701983430029AD2F8A410D2F8A82082
:104FA0001144884214D9FFE7019800F13401884286
:104FB00014D2FFE701980299896988420ED3FFE76E
:104FC000019834300299C9690131884206D8FFE757
:104FD000019818B1FFE7F42003900FE0FFE7019874
:104FE000FAF7A2F90090009828B9FFE70198FDF7B9
:104FF000FBFB0090FFE700980390FFE7039804B0E5
:1050000080BD000000000000B0B58AB00890079194
:10501000069205930898007B8007002840F18B8159
:10502000FFE7079800F13401884220D2FFE7079894
:105030000899C96A884208D3FFE70798343008996D
:10504000096B0131884226D9FFE707980899D1F802
:10505000A41088420BD3FFE707983430089AD2F89F
:10506000A410D2F8A8201144884214D9FFE7079869
:1050700000F13401884214D2FFE707980899896942
:1050800088420ED3FFE7079834300899C969013187
:10509000884206D8FFE7079818B1FFE7F420099087
:1050A00064E10698011D884220D2FFE7069808991E
:1050B000C96A884208D3FFE7069804300899096B4B
:1050C0000131884218D9FFE706980899D1F8A41051
:1050D00088420BD3FFE706980430089AD2F8A41050
:1050E000D2F8A8201144884206D9FFE7069818B1E3
:1050F000FFE7F420099039E1059800F11401884296
:1051000020D2FFE705980899C96A884208D3FFE7CB
:10511000059814300899096B0131884215D9FFE7C9
:1051200005980899D1F8A41088420BD3FFE7059899
:105130001430089AD2F8A410D2F8A820114488425A
:1051400003D9FFE7F420099010E105980068011DDC
:10515000884224D2FFE7059800680899C96A884206
:1051600009D3FFE70598006804300899096B0131FD
:1051700088421BD9FFE7059800680899D1F8A41068
:1051800088420CD3FFE7059800680430089AD2F8EB
:10519000A410D2F8A8201144884207D9FFE7059847
:1051A000006818B1FFE7F4200990DFE00598406837
:1051B000011D884224D2FFE7059840680899C96A12
:1051C000884209D3FFE70598406804300899096BC5
:1051D000013188421BD9FFE7059840680899D1F84A
:1051E000A41088420CD3FFE7059840680430089A61
:1051F000D2F8A410D2F8A8201144884207D9FFE7BA
:105200000598406818B1FFE7F4200990AEE00598D2
:105210008068011D884224D2FFE7059880680899BC
:10522000C96A884209D3FFE7059880680430089965
:10523000096B013188421BD9FFE7059880680899FE
:10524000D1F8A41088420CD3FFE705988068043099
:10525000089AD2F8A410D2F8A8201144884207D99D
:10526000FFE70598806818B1FFE7F42009907DE01A
:105270000598C068011D884224D2FFE70598C068E0
:105280000899C96A884209D3FFE70598C0680430C5
:105290000899096B013188421BD9FFE70598C0685E
:1052A0000899D1F8A41088420CD3FFE70598C0688C
:1052B0000430089AD2F8A410D2F8A82011448842E9
:1052C00007D9FFE70598C06818B1FFE7F4200990F7
:1052D0004CE005980069011D884224D2FFE705983B
:1052E00000690899C96A884209D3FFE705980069EF
:1052F00004300899096B013188421BD9FFE70598F2
:1053000000690899D1F8A41088420CD3FFE70598EA
:1053100000690430089AD2F8A410D2F8A8201144E9
:10532000884207D9FFE70598006918B1FFE7F42024
:1053300009901BE0FFE707980699DDF814E0DEF816
:105340000020DEF80430DEF808C0DEF80C40DEF89D
:105350001050EE46CEF80850CEF80440CEF800C00B
:10536000FAF72AF8049004980990FFE709980AB020
:10537000B0BD00000000000070B58AB00890079131
:10538000069205930898007B8007002840F1BC81B5
:10539000FFE7079800F13401884220D2FFE7079821
:1053A0000899C96A884208D3FFE7079834300899FA
:1053B000096B0131884226D9FFE707980899D1F88F
:1053C000A41088420BD3FFE707983430089AD2F82C
:1053D000A410D2F8A8201144884214D9FFE70798F6
:1053E00000F13401884214D2FFE7079808998969CF
:1053F00088420ED3FFE7079834300899C969013114
:10540000884206D8FFE7079818B1FFE7F420099013
:1054100099E10698011D884220D2FFE70698089975
:10542000C96A884208D3FFE7069804300899096BD7
:105430000131884218D9FFE706980899D1F8A410DD
:1054400088420BD3FFE706980430089AD2F8A410DC
:10545000D2F8A8201144884206D9FFE7069818B16F
:10546000FFE7F42009906EE1059800F118018842E9
:1054700020D2FFE705980899C96A884208D3FFE758
:10548000059818300899096B0131884215D9FFE752
:1054900005980899D1F8A41088420BD3FFE7059826
:1054A0001830089AD2F8A410D2F8A82011448842E3
:1054B00003D9FFE7F420099045E105980068011D34
:1054C000884224D2FFE7059800680899C96A884293
:1054D00009D3FFE70598006804300899096B01318A
:1054E00088421BD9FFE7059800680899D1F8A410F5
:1054F00088420CD3FFE7059800680430089AD2F878
:10550000A410D2F8A8201144884207D9FFE70598D3
:10551000006818B1FFE7F420099014E1059840688D
:10552000011D884224D2FFE7059840680899C96A9E
:10553000884209D3FFE70598406804300899096B51
:10554000013188421BD9FFE7059840680899D1F8D6
:10555000A41088420CD3FFE7059840680430089AED
:10556000D2F8A410D2F8A8201144884207D9FFE746
:105570000598406818B1FFE7F4200990E3E005982A
:105580008068011D884224D2FFE705988068089949
:10559000C96A884209D3FFE70598806804300899F2
:1055A000096B013188421BD9FFE70598806808998B
:1055B000D1F8A41088420CD3FFE705988068043026
:1055C000089AD2F8A410D2F8A8201144884207D92A
:1055D000FFE70598806818B1FFE7F4200990B2E072
:1055E0000598C068011D884224D2FFE70598C0686D
:1055F0000899C96A884209D3FFE70598C068043052
:105600000899096B013188421BD9FFE70598C068EA
:105610000899D1F8A41088420CD3FFE70598C06818
:105620000430089AD2F8A410D2F8A8201144884275
:1056300007D9FFE70598C06818B1FFE7F420099083
:1056400081E005980069011D884224D2FFE7059892
:1056500000690899C96A884209D3FFE7059800697B
:1056600004300899096B013188421BD9FFE705987E
:1056700000690899D1F8A41088420CD3FFE7059877
:1056800000690430089AD2F8A410D2F8A820114476
:10569000884207D9FFE70598006918B1FFE7F420B1
:1056A000099050E005984069011D884224D2FFE727
:1056B000059840690899C96A884209D3FFE70598A7
:1056C000406904300899096B013188421BD9FFE712
:1056D000059840690899D1F8A41088420CD3FFE7D7
:1056E000059840690430089AD2F8A410D2F8A8208E
:1056F0001144884207D9FFE70598406918B1FFE7D0
:10570000F42009901FE0FFE707980699DDF814E000
:10571000DEF80020DEF80430DEF808C0DEF80C40C9
:10572000DEF81050DEF81460EE46CEF80C60CEF8CD
:105730000850CEF80440CEF800C0F2F7E9FE04901D
:1057400004980990FFE709980AB070BD00000000B6
:10575000B0B58AB008900791069205930898007B2F
:105760008007002840F17681FFE70798011D8842F5
:1057700020D2FFE707980899C96A884208D3FFE753
:10578000079804300899096B0131884218D9FFE75E
:1057900007980899D1F8A41088420BD3FFE707981F
:1057A0000430089AD2F8A410D2F8A82011448842F4
:1057B00006D9FFE7079818B1FFE7F420099064E1E4
:1057C0000698011D884220D2FFE706980899C96A09
:1057D000884208D3FFE7069804300899096B013125
:1057E000884218D9FFE706980899D1F8A410884292
:1057F0000BD3FFE706980430089AD2F8A410D2F829
:10580000A8201144884206D9FFE7069818B1FFE79F
:10581000F420099039E1059800F11401884220D262
:10582000FFE705980899C96A884208D3FFE70598F9
:1058300014300899096B0131884215D9FFE70598A2
:105840000899D1F8A41088420BD3FFE705981430CB
:10585000089AD2F8A410D2F8A8201144884203D99B
:10586000FFE7F420099010E105980068011D8842C7
:1058700024D2FFE7059800680899C96A884209D3CD
:10588000FFE70598006804300899096B01318842E8
:105890001BD9FFE7059800680899D1F8A410884241
:1058A0000CD3FFE7059800680430089AD2F8A410DA
:1058B000D2F8A8201144884207D9FFE7059800686C
:1058C00018B1FFE7F4200990DFE005984068011D5A
:1058D000884224D2FFE7059840680899C96A88423F
:1058E00009D3FFE70598406804300899096B013136
:1058F00088421BD9FFE7059840680899D1F8A410A1
:1059000088420CD3FFE7059840680430089AD2F823
:10591000A410D2F8A8201144884207D9FFE70598BF
:10592000406818B1FFE7F4200990AEE00598806860
:10593000011D884224D2FFE7059880680899C96A4A
:10594000884209D3FFE70598806804300899096BFD
:10595000013188421BD9FFE7059880680899D1F882
:10596000A41088420CD3FFE7059880680430089A99
:10597000D2F8A410D2F8A8201144884207D9FFE732
:105980000598806818B1FFE7F42009907DE005983C
:10599000C068011D884224D2FFE70598C0680899B5
:1059A000C96A884209D3FFE70598C068043008999E
:1059B000096B013188421BD9FFE70598C068089937
:1059C000D1F8A41088420CD3FFE70598C0680430D2
:1059D000089AD2F8A410D2F8A8201144884207D916
:1059E000FFE70598C06818B1FFE7F42009904CE084
:1059F00005980069011D884224D2FFE705980069D7
:105A00000899C96A884209D3FFE7059800690430FC
:105A10000899096B013188421BD9FFE70598006995
:105A20000899D1F8A41088420CD3FFE705980069C3
:105A30000430089AD2F8A410D2F8A8201144884261
:105A400007D9FFE70598006918B1FFE7F42009902E
:105A50001BE0FFE707980699DDF814E0DEF8002068
:105A6000DEF80430DEF808C0DEF80C40DEF8105036
:105A7000EE46CEF80850CEF80440CEF800C0F2F75B
:105A800093FD049004980990FFE709980AB0B0BD0F
:105A900080B584B0029001910298007B80070028B5
:105AA00041D5FFE7019800F13401884220D2FFE799
:105AB00001980299C96A884208D3FFE701983430F7
:105AC0000299096B0131884226D9FFE701980299B2
:105AD000D1F8A41088420BD3FFE701983430029A22
:105AE000D2F8A410D2F8A8201144884214D9FFE7B4
:105AF000019800F13401884214D2FFE7019802991D
:105B0000896988420ED3FFE7019834300299C96948
:105B10000131884206D8FFE7019818B1FFE7F42069
:105B2000039007E0FFE70198F9F77EFC00900098EA
:105B30000390FFE7039804B080BD00000000000060
:105B400080B586B0049003910498007B80070028FC
:105B500036D5FFE7039890B3FFE703980838019024
:105B600001980399884226D8FFE7019800F10801BF
:105B7000884220D2FFE701980499C96A884208D375
:105B8000FFE7019808300499096B0131884215D963
:105B9000FFE701980499D1F8A41088420BD3FFE7DE
:105BA00001980830049AD2F8A410D2F8A820114421
:105BB000884203D9FFE7F420059008E0FFE7FFE7FC
:105BC0000398F9F751FC029002980590FFE70598B9
:105BD00006B080BD0000000080B586B0049003913F
:105BE000029201930498007B800700286FD5FFE79D
:105BF00045F28820C2F200400068012822D1FFE768
:105C0000039800F1300188421CD2FFE7039845F267
:105C10005421C2F2004189691031884212D3FFE752
:105C20000398303045F25422C2F200429169D269A1
:105C30001144884206D8FFE703983021FDF764F845
:105C400030B1FFE7039818B1FFE7F420059047E073
:105C50000298411C884220D2FFE702980499C96A41
:105C6000884208D3FFE7029801300499096B01319B
:105C700088422BD9FFE702980499D1F8A4108842F2
:105C80000BD3FFE702980130049AD2F8A410D2F89F
:105C9000A8201144884219D9FFE70298411C884284
:105CA0000ED2FFE7029804998969884208D3FFE77A
:105CB000029801300499C9690131884206D9FFE789
:105CC000029818B1FFE7F420059009E0FFE7039878
:105CD0000299019AF9F710FC009000980590FFE7EF
:105CE000059806B080BD000080B584B00290019197
:105CF0000298007B8007002841D5FFE7019800F15A
:105D00003001884220D2FFE701980299C96A88428F
:105D100008D3FFE7019830300299096B01318842BE
:105D200026D9FFE701980299D1F8A41088420BD335
:105D3000FFE701983030029AD2F8A410D2F8A820D8
:105D40001144884214D9FFE7019800F130018842DC
:105D500014D2FFE701980299896988420ED3FFE7C0
:105D6000019830300299C9690131884206D8FFE7AD
:105D7000019818B1FFE7F42003900FE0FFE70198C6
:105D8000F9F75EFC0090009828B9FFE70198FCF74E
:105D90002BFD0090FFE700980390FFE7039804B005
:105DA00080BD00000000000080B588B0069005911D
:105DB000049203930698007B8007002840F19C80A2
:105DC000FFE7059800F13001884220D2FFE70598EF
:105DD0000699C96A884208D3FFE7059830300699CA
:105DE000096B0131884226D9FFE705980699D1F859
:105DF000A41088420BD3FFE705983030069AD2F8FA
:105E0000A410D2F8A8201144884214D9FFE70598BD
:105E100000F13001884214D2FFE70598069989699C
:105E200088420ED3FFE7059830300699C9690131E1
:105E3000884206D8FFE7059818B1FFE7F4200790DD
:105E40006DE003984068011D884224D2FFE7039863
:105E500040680699C96A884209D3FFE703984068F9
:105E600004300699096B013188421BD9FFE703987A
:105E700040680699D1F8A41088420CD3FFE7039834
:105E800040680430069AD2F8A410D2F8A820114431
:105E9000884207D9FFE70398406818B1FFE7F4206C
:105EA00007903CE0039800F10C01884220D2FFE704
:105EB00003980699C96A884208D3FFE703980C3013
:105EC0000699096B0131884215D9FFE703980699B5
:105ED000D1F8A41088420BD3FFE703980C30069A40
:105EE000D2F8A410D2F8A8201144884203D9FFE7C1
:105EF000F420079013E0FFE705980499DDF80CC043
:105F0000DCF80020DCF80430DCF808C0EE46CEF8FF
:105F100000C0F9F7DDFB029002980790FFE70798B1
:105F200008B080BD0000000010B588B00690059153
:105F3000049203930698007B8007002840F15A8161
:105F4000FFE7059800F13001884220D2FFE705986D
:105F50000699C96A884208D3FFE705983030069948
:105F6000096B0131884226D9FFE705980699D1F8D7
:105F7000A41088420BD3FFE705983030069AD2F878
:105F8000A410D2F8A8201144884214D9FFE705983C
:105F900000F13001884214D2FFE70598069989691B
:105FA00088420ED3FFE7059830300699C969013160
:105FB000884206D8FFE7059818B1FFE7F42007905C
:105FC0002FE10498011D884220D2FFE7049806992A
:105FD000C96A884208D3FFE7049804300699096B20
:105FE0000131884218D9FFE704980699D1F8A41026
:105FF00088420BD3FFE704980430069AD2F8A41025
:10600000D2F8A8201144884206D9FFE7049818B1B5
:10601000FFE7F420079004E1039800F110018842A3
:1060200020D2FFE703980699C96A884208D3FFE7A0
:10603000039810300699096B0131884215D9FFE7A2
:1060400003980699D1F8A41088420BD3FFE7039870
:106050001030069AD2F8A410D2F8A8201144884231
:1060600003D9FFE7F4200790DBE003980068011DE7
:10607000884224D2FFE7039800680699C96A8842DB
:1060800009D3FFE70398006804300699096B0131D2
:1060900088421BD9FFE7039800680699D1F8A4103D
:1060A00088420CD3FFE7039800680430069AD2F8C0
:1060B000A410D2F8A8201144884207D9FFE703981A
:1060C000006818B1FFE7F4200790AAE00398406841
:1060D000011D884224D2FFE7039840680699C96AE7
:1060E000884209D3FFE70398406804300699096B9A
:1060F000013188421BD9FFE7039840680699D1F81F
:10610000A41088420CD3FFE7039840680430069A35
:10611000D2F8A410D2F8A8201144884207D9FFE78A
:106120000398406818B1FFE7F420079079E00398DE
:106130008068011D884224D2FFE703988068069991
:10614000C96A884209D3FFE703988068043006993A
:10615000096B013188421BD9FFE7039880680699D3
:10616000D1F8A41088420CD3FFE70398806804306C
:10617000069AD2F8A410D2F8A8201144884207D970
:10618000FFE70398806818B1FFE7F420079048E024
:106190000398C068011D884224D2FFE70398C068B5
:1061A0000699C96A884209D3FFE70398C06804309A
:1061B0000699096B013188421BD9FFE70398C06833
:1061C0000699D1F8A41088420CD3FFE70398C06861
:1061D0000430069AD2F8A410D2F8A82011448842BC
:1061E00007D9FFE70398C06818B1FFE7F4200790CC
:1061F00017E0FFE705980499DDF80CE0DEF80020D1
:10620000DEF80430DEF808C0DEF80C40EE46CEF8CA
:106210000440CEF800C0F9F7C3FA02900298079044
:10622000FFE7079808B010BD80B588B006900591CB
:10623000049203930698007B8007002840F129818F
:10624000FFE7059800F13001884220D2FFE705986A
:106250000699C96A884208D3FFE705983030069945
:10626000096B0131884226D9FFE705980699D1F8D4
:10627000A41088420BD3FFE705983030069AD2F875
:10628000A410D2F8A8201144884214D9FFE7059839
:1062900000F13001884214D2FFE705980699896918
:1062A00088420ED3FFE7059830300699C96901315D
:1062B000884206D8FFE7059818B1FFE7F420079059
:1062C000FAE00498011D884220D2FFE7049806995D
:1062D000C96A884208D3FFE7049804300699096B1D
:1062E0000131884218D9FFE704980699D1F8A41023
:1062F00088420BD3FFE704980430069AD2F8A41022
:10630000D2F8A8201144884206D9FFE7049818B1B2
:10631000FFE7F4200790CFE0039800F10C018842DA
:1063200020D2FFE703980699C96A884208D3FFE79D
:1063300003980C300699096B0131884215D9FFE7A3
:1063400003980699D1F8A41088420BD3FFE703986D
:106350000C30069AD2F8A410D2F8A8201144884232
:1063600003D9FFE7F4200790A6E003980068011D19
:10637000884224D2FFE7039800680699C96A8842D8
:1063800009D3FFE70398006804300699096B0131CF
:1063900088421BD9FFE7039800680699D1F8A4103A
:1063A00088420CD3FFE7039800680430069AD2F8BD
:1063B000A410D2F8A8201144884207D9FFE7039817
:1063C000006818B1FFE7F420079075E00398406873
:1063D000011D884224D2FFE7039840680699C96AE4
:1063E000884209D3FFE70398406804300699096B97
:1063F000013188421BD9FFE7039840680699D1F81C
:10640000A41088420CD3FFE7039840680430069A32
:10641000D2F8A410D2F8A8201144884207D9FFE787
:106420000398406818B1FFE7F420079044E0039810
:106430008068011D884224D2FFE70398806806998E
:10644000C96A884209D3FFE7039880680430069937
:10645000096B013188421BD9FFE7039880680699D0
:10646000D1F8A41088420CD3FFE703988068043069
:10647000069AD2F8A410D2F8A8201144884207D96D
:10648000FFE70398806818B1FFE7F420079013E056
:10649000FFE705980499DDF80CC0DCF80020DCF873
:1064A0000430DCF808C0EE46CEF800C0F2F76CFE0F
:1064B000029002980790FFE7079808B080BD00009F
:1064C00080B586B004900391029201930498007BFA
:1064D0008007002840F1E380FFE70398011D884210
:1064E00020D2FFE703980499C96A884208D3FFE7DE
:1064F000039804300499096B0131884218D9FFE7E9
:1065000003980499D1F8A41088420BD3FFE70398AD
:106510000430049AD2F8A410D2F8A820114488427A
:1065200006D9FFE7039818B1FFE7F4200590C1E012
:106530000298011D884220D2FFE702980499C96A97
:10654000884208D3FFE7029804300499096B0131AF
:10655000884218D9FFE702980499D1F8A41088421C
:106560000BD3FFE702980430049AD2F8A410D2F8B3
:10657000A8201144884206D9FFE7029818B1FFE726
:10658000F420059096E0019800F10801884220D29D
:10659000FFE701980499C96A884208D3FFE7019888
:1065A00008300499096B0131884215D9FFE7019839
:1065B0000499D1F8A41088420BD3FFE70198083062
:1065C000049AD2F8A410D2F8A8201144884203D922
:1065D000FFE7F42005906DE001980068011D8842F6
:1065E00024D2FFE7019800680499C96A884209D358
:1065F000FFE70198006804300499096B0131884273
:106600001BD9FFE7019800680499D1F8A4108842CB
:106610000CD3FFE7019800680430049AD2F8A41064
:10662000D2F8A8201144884207D9FFE701980068F2
:1066300018B1FFE7F42005903CE001984068011D87
:10664000884224D2FFE7019840680499C96A8842C9
:1066500009D3FFE70198406804300499096B0131C0
:1066600088421BD9FFE7019840680499D1F8A4102B
:1066700088420CD3FFE7019840680430049AD2F8AE
:10668000A410D2F8A8201144884207D9FFE7019846
:10669000406818B1FFE7F42005900BE0FFE703988E
:1066A0000299019B1A685B68F2F79EFD00900098C2
:1066B0000590FFE7059806B080BD000000000000CF
:1066C00080B586B004900391029201930498007BF8
:1066D0008007002841D5FFE7039800F13001884288
:1066E00020D2FFE703980499C96A884208D3FFE7DC
:1066F000039830300499096B0131884226D9FFE7AD
:1067000003980499D1F8A41088420BD3FFE70398AB
:106710003030049AD2F8A410D2F8A820114488424C
:1067200014D9FFE7039800F13001884214D2FFE743
:1067300003980499896988420ED3FFE703983030A3
:106740000499C9690131884206D8FFE7039818B156
:10675000FFE7F420059009E0FFE703980299019A0A
:10676000F9F74EF8009000980590FFE7059806B0FD
:1067700080BD00000000000080B588B00690059143
:106780000492059802900698007B8007002850D557
:10679000FFE7059800F13001884220D2FFE7059815
:1067A0000699C96A884208D3FFE7059830300699F0
:1067B000096B0131884226D9FFE705980699D1F87F
:1067C000A41088420BD3FFE705983030069AD2F820
:1067D000A410D2F8A8201144884214D9FFE70598E4
:1067E00000F13001884214D2FFE7059806998969C3
:1067F00088420ED3FFE7059830300699C969013108
:10680000884206D8FFE7059818B1FFE7F420079003
:1068100029E0029848B1FFE70298006844F24E412F
:10682000C4F25641884203D0FFE7062007901AE0E1
:10683000FFE7049818B9FFE7002001900BE00698E5
:106840000299886204980299C86241F23160C0F6E8
:1068500001000190FFE705980199F9F705F8039009
:1068600003980790FFE7079808B080BD000000007C
:1068700080B586B004900391029201930498007B46
:106880008007002840F19980FFE745F28820C2F296
:1068900000400068012822D1FFE7039800F134018D
:1068A00088421CD2FFE7039845F25421C2F200410E
:1068B00089691031884212D3FFE70398343045F2DA
:1068C0005422C2F200429169D2691144884206D82A
:1068D000FFE703983421FCF717FA30B1FFE703987C
:1068E00018B1FFE7F420059072E00298411C88423D
:1068F00020D2FFE702980499C96A884208D3FFE7CB
:10690000029801300499096B013188422BD9FFE7C5
:1069100002980499D1F8A41088420BD3FFE702989B
:106920000130049AD2F8A410D2F8A8201144884269
:1069300019D9FFE70298411C88420ED2FFE702985E
:1069400004998969884208D3FFE7029801300499C5
:10695000C9690131884206D9FFE7029818B1FFE7FB
:10696000F420059034E0019800F10801884220D21B
:10697000FFE701980499C96A884208D3FFE70198A4
:1069800008300499096B0131884215D9FFE7019855
:106990000499D1F8A41088420BD3FFE7019808307E
:1069A000049AD2F8A410D2F8A8201144884203D93E
:1069B000FFE7F42005900BE0FFE703980299019BA5
:1069C0001A685B68F8F770FF009000980590FFE781
:1069D000059806B080BD000080B584B0029001919A
:1069E0000298007B8007002841D5FFE7019800F15D
:1069F0003401884220D2FFE701980299C96A88428F
:106A000008D3FFE7019834300299096B01318842BD
:106A100026D9FFE701980299D1F8A41088420BD338
:106A2000FFE701983430029AD2F8A410D2F8A820D7
:106A30001144884214D9FFE7019800F134018842DB
:106A400014D2FFE701980299896988420ED3FFE7C3
:106A5000019834300299C9690131884206D8FFE7AC
:106A6000019818B1FFE7F42003900FE0FFE70198C9
:106A7000F8F7CEFF0090009828B9FFE70198FBF7E0
:106A8000B3FE0090FFE700980390FFE7039804B07F
:106A900080BD00000000000080B586B00490039126
:106AA00002920498007B8007002841D5FFE70398F5
:106AB00000F13401884220D2FFE703980499C96AA3
:106AC000884208D3FFE7039834300499096B0131F9
:106AD000884226D9FFE703980499D1F8A410884288
:106AE0000BD3FFE703983430049AD2F8A410D2F8FD
:106AF000A8201144884214D9FFE7039800F134011B
:106B0000884214D2FFE703980499896988420ED31A
:106B1000FFE7039834300499C9690131884206D8E7
:106B2000FFE7039818B1FFE7F420059008E0FFE7BE
:106B300003980299F8F7B4FF019001980590FFE7D8
:106B4000059806B080BD0000B0B58AB008900791E6
:106B5000069205930898007B8007002840F18B81FE
:106B6000FFE7079800F13401884220D2FFE7079839
:106B70000899C96A884208D3FFE707983430089912
:106B8000096B0131884226D9FFE707980899D1F8A7
:106B9000A41088420BD3FFE707983430089AD2F844
:106BA000A410D2F8A8201144884214D9FFE707980E
:106BB00000F13401884214D2FFE7079808998969E7
:106BC00088420ED3FFE7079834300899C96901312C
:106BD000884206D8FFE7079818B1FFE7F42009902C
:106BE00064E10698011D884220D2FFE706980899C3
:106BF000C96A884208D3FFE7069804300899096BF0
:106C00000131884218D9FFE706980899D1F8A410F5
:106C100088420BD3FFE706980430089AD2F8A410F4
:106C2000D2F8A8201144884206D9FFE7069818B187
:106C3000FFE7F420099039E1059800F1140188423A
:106C400020D2FFE705980899C96A884208D3FFE770
:106C5000059814300899096B0131884215D9FFE76E
:106C600005980899D1F8A41088420BD3FFE705983E
:106C70001430089AD2F8A410D2F8A82011448842FF
:106C800003D9FFE7F420099010E105980068011D81
:106C9000884224D2FFE7059800680899C96A8842AB
:106CA00009D3FFE70598006804300899096B0131A2
:106CB00088421BD9FFE7059800680899D1F8A4100D
:106CC00088420CD3FFE7059800680430089AD2F890
:106CD000A410D2F8A8201144884207D9FFE70598EC
:106CE000006818B1FFE7F4200990DFE005984068DC
:106CF000011D884224D2FFE7059840680899C96AB7
:106D0000884209D3FFE70598406804300899096B69
:106D1000013188421BD9FFE7059840680899D1F8EE
:106D2000A41088420CD3FFE7059840680430089A05
:106D3000D2F8A410D2F8A8201144884207D9FFE75E
:106D40000598406818B1FFE7F4200990AEE0059877
:106D50008068011D884224D2FFE705988068089961
:106D6000C96A884209D3FFE705988068043008990A
:106D7000096B013188421BD9FFE7059880680899A3
:106D8000D1F8A41088420CD3FFE70598806804303E
:106D9000089AD2F8A410D2F8A8201144884207D942
:106DA000FFE70598806818B1FFE7F42009907DE0BF
:106DB0000598C068011D884224D2FFE70598C06885
:106DC0000899C96A884209D3FFE70598C06804306A
:106DD0000899096B013188421BD9FFE70598C06803
:106DE0000899D1F8A41088420CD3FFE70598C06831
:106DF0000430089AD2F8A410D2F8A820114488428E
:106E000007D9FFE70598C06818B1FFE7F42009909B
:106E10004CE005980069011D884224D2FFE70598DF
:106E200000690899C96A884209D3FFE70598006993
:106E300004300899096B013188421BD9FFE7059896
:106E400000690899D1F8A41088420CD3FFE705988F
:106E500000690430089AD2F8A410D2F8A82011448E
:106E6000884207D9FFE70598006918B1FFE7F420C9
:106E700009901BE0FFE707980699DDF814E0DEF8BB
:106E80000020DEF80430DEF808C0DEF80C40DEF842
:106E90001050EE46CEF80850CEF80440CEF800C0B0
:106EA000F8F76EFE049004980990FFE709980AB07D
:106EB000B0BD000000000000B0B58AB00890079196
:106EC000069205930898007B8007002840F18B818B
:106ED000FFE7079800F13401884220D2FFE70798C6
:106EE0000899C96A884208D3FFE70798343008999F
:106EF000096B0131884226D9FFE707980899D1F834
:106F0000A41088420BD3FFE707983430089AD2F8D0
:106F1000A410D2F8A8201144884214D9FFE707989A
:106F200000F13401884214D2FFE707980899896973
:106F300088420ED3FFE7079834300899C9690131B8
:106F4000884206D8FFE7079818B1FFE7F4200990B8
:106F500064E10698011D884220D2FFE7069808994F
:106F6000C96A884208D3FFE7069804300899096B7C
:106F70000131884218D9FFE706980899D1F8A41082
:106F800088420BD3FFE706980430089AD2F8A41081
:106F9000D2F8A8201144884206D9FFE7069818B114
:106FA000FFE7F420099039E1059800F114018842C7
:106FB00020D2FFE705980899C96A884208D3FFE7FD
:106FC000059814300899096B0131884215D9FFE7FB
:106FD00005980899D1F8A41088420BD3FFE70598CB
:106FE0001430089AD2F8A410D2F8A820114488428C
:106FF00003D9FFE7F420099010E105980068011D0E
:10700000884224D2FFE7059800680899C96A884237
:1070100009D3FFE70598006804300899096B01312E
:1070200088421BD9FFE7059800680899D1F8A41099
:1070300088420CD3FFE7059800680430089AD2F81C
:10704000A410D2F8A8201144884207D9FFE7059878
:10705000006818B1FFE7F4200990DFE00598406868
:10706000011D884224D2FFE7059840680899C96A43
:10707000884209D3FFE70598406804300899096BF6
:10708000013188421BD9FFE7059840680899D1F87B
:10709000A41088420CD3FFE7059840680430089A92
:1070A000D2F8A410D2F8A8201144884207D9FFE7EB
:1070B0000598406818B1FFE7F4200990AEE0059804
:1070C0008068011D884224D2FFE7059880680899EE
:1070D000C96A884209D3FFE7059880680430089997
:1070E000096B013188421BD9FFE705988068089930
:1070F000D1F8A41088420CD3FFE7059880680430CB
:10710000089AD2F8A410D2F8A8201144884207D9CE
:10711000FFE70598806818B1FFE7F42009907DE04B
:107120000598C068011D884224D2FFE70598C06811
:107130000899C96A884209D3FFE70598C0680430F6
:107140000899096B013188421BD9FFE70598C0688F
:107150000899D1F8A41088420CD3FFE70598C068BD
:107160000430089AD2F8A410D2F8A820114488421A
:1071700007D9FFE70598C06818B1FFE7F420099028
:107180004CE005980069011D884224D2FFE705986C
:1071900000690899C96A884209D3FFE70598006920
:1071A00004300899096B013188421BD9FFE7059823
:1071B00000690899D1F8A41088420CD3FFE705981C
:1071C00000690430089AD2F8A410D2F8A82011441B
:1071D000884207D9FFE70598006918B1FFE7F42056
:1071E00009901BE0FFE707980699DDF814E0DEF848
:1071F0000020DEF80430DEF808C0DEF80C40DEF8CF
:107200001050EE46CEF80850CEF80440CEF800C03C
:10721000F2F76AFD049004980990FFE709980AB014
:10722000B0BD00000000000010B588B006900591C8
:10723000049203930698007B8007002840F1458163
:10724000FFE70598011D884220D2FFE705980699BF
:10725000C96A884208D3FFE7059804300699096B8C
:107260000131884218D9FFE705980699D1F8A41092
:1072700088420BD3FFE705980430069AD2F8A41091
:10728000D2F8A8201144884206D9FFE7059818B122
:10729000FFE7F42007902FE10498011D884220D2D7
:1072A000FFE704980699C96A884208D3FFE7049863
:1072B00004300699096B0131884218D9FFE7049818
:1072C0000699D1F8A41088420BD3FFE70498043044
:1072D000069AD2F8A410D2F8A8201144884206D900
:1072E000FFE7049818B1FFE7F420079004E1039842
:1072F00000F11001884220D2FFE703980699C96A7D
:10730000884208D3FFE7039810300699096B0131D2
:10731000884215D9FFE703980699D1F8A41088424E
:107320000BD3FFE703981030069AD2F8A410D2F8D6
:10733000A8201144884203D9FFE7F4200790DBE03E
:1073400003980068011D884224D2FFE70398006873
:107350000699C96A884209D3FFE703980068043098
:107360000699096B013188421BD9FFE70398006831
:107370000699D1F8A41088420CD3FFE7039800685F
:107380000430069AD2F8A410D2F8A82011448842FA
:1073900007D9FFE70398006818B1FFE7F4200790CA
:1073A000AAE003984068011D884224D2FFE70398B1
:1073B00040680699C96A884209D3FFE70398406884
:1073C00004300699096B013188421BD9FFE7039805
:1073D00040680699D1F8A41088420CD3FFE70398BF
:1073E00040680430069AD2F8A410D2F8A8201144BC
:1073F000884207D9FFE70398406818B1FFE7F420F7
:10740000079079E003988068011D884224D2FFE745
:10741000039880680699C96A884209D3FFE70398F0
:10742000806804300699096B013188421BD9FFE757
:10743000039880680699D1F8A41088420CD3FFE71E
:10744000039880680430069AD2F8A410D2F8A820D5
:107450001144884207D9FFE70398806818B1FFE715
:10746000F420079048E00398C068011D884224D2A8
:10747000FFE70398C0680699C96A884209D3FFE705
:107480000398C06804300699096B013188421BD902
:10749000FFE70398C0680699D1F8A41088420CD37E
:1074A000FFE70398C0680430069AD2F8A410D2F817
:1074B000A8201144884207D9FFE70398C06818B193
:1074C000FFE7F420079017E0FFE705980499DDF83F
:1074D0000CE0DEF80020DEF80430DEF808C0DEF84C
:1074E0000C40EE46CEF80440CEF800C0F2F740FC67
:1074F000029002980790FFE7079808B010BD0000BF
:1075000080B584B0029001910298007B800700282A
:1075100041D5FFE7019800F13401884220D2FFE70E
:1075200001980299C96A884208D3FFE7019834306C
:107530000299096B0131884226D9FFE70198029927
:10754000D1F8A41088420BD3FFE701983430029A97
:10755000D2F8A410D2F8A8201144884214D9FFE729
:10756000019800F13401884214D2FFE70198029992
:10757000896988420ED3FFE7019834300299C969BE
:107580000131884206D8FFE7019818B1FFE7F420DF
:10759000039007E0FFE70198F8F72AFB00900098B6
:1075A0000390FFE7039804B080BD000000000000D6
:1075B00080B584B0029001910298007B800700287A
:1075C00041D5FFE7019800F13401884220D2FFE75E
:1075D00001980299C96A884208D3FFE701983430BC
:1075E0000299096B0131884226D9FFE70198029977
:1075F000D1F8A41088420BD3FFE701983430029AE7
:10760000D2F8A410D2F8A8201144884214D9FFE778
:10761000019800F13401884214D2FFE701980299E1
:10762000896988420ED3FFE7019834300299C9690D
:107630000131884206D8FFE7019818B1FFE7F4202E
:10764000039007E0FFE70198F8F7F2FA009000983E
:107650000390FFE7039804B080BD00000000000025
:1076600010B588B006900591049203930698007BAC
:107670008007002840F1CD80FFE745F28820C2F264
:1076800000400068012822D1FFE7059800F144017D
:1076900088421CD2FFE7059845F25421C2F200410E
:1076A00089691031884212D3FFE70598443045F2CA
:1076B0005422C2F200429169D2691144884206D82C
:1076C000FFE705984421FBF71FFB30B1FFE7059862
:1076D00018B1FFE7F4200790B2E00498411C8842FB
:1076E00020D2FFE704980699C96A884208D3FFE7C9
:1076F000049801300699096B013188422BD9FFE7C4
:1077000004980699D1F8A41088420BD3FFE7049897
:107710000130069AD2F8A410D2F8A8201144884269
:1077200019D9FFE70498411C88420ED2FFE704985C
:1077300006998969884208D3FFE7049801300699C1
:10774000C9690131884206D9FFE7049818B1FFE7FB
:10775000F420079074E0039800F11001884220D2D1
:10776000FFE703980699C96A884208D3FFE70398A0
:1077700010300699096B0131884215D9FFE703984B
:107780000699D1F8A41088420BD3FFE70398103074
:10779000069AD2F8A410D2F8A8201144884203D93E
:1077A000FFE7F42007904BE003994868896801449B
:1077B000884226D2FFE7039840680699C96A884242
:1077C0000AD3FFE703994868896808440699096B5A
:1077D000013188421CD9FFE7039840680699D1F827
:1077E000A41088420DD3FFE70399486889680844CC
:1077F000069AD2F8A410D2F8A8201144884207D9DA
:10780000FFE70398406818B1FFE7F420079017E0FE
:10781000FFE705980499DDF80CE0DEF80020DEF8BB
:107820000430DEF808C0DEF80C40EE46CEF8044026
:10783000CEF800C0F8F740FA029002980790FFE7F0
:10784000079808B010BD000080B584B00290019187
:107850000298007B8007002841D5FFE7019800F1DE
:107860004401884220D2FFE701980299C96A884200
:1078700008D3FFE7019844300299096B013188422F
:1078800026D9FFE701980299D1F8A41088420BD3BA
:10789000FFE701984430029AD2F8A410D2F8A82049
:1078A0001144884214D9FFE7019800F1440188424D
:1078B00014D2FFE701980299896988420ED3FFE745
:1078C000019844300299C9690131884206D8FFE71E
:1078D000019818B1FFE7F42003900FE0FFE701984B
:1078E000F8F7BAFA0090009828B9FFE70198FAF77C
:1078F0007BFF0090FFE700980390FFE7039804B038
:1079000080BD00000000000080B584B002900191AD
:107910000298007B8007002841D5FFE7019800F11D
:107920004401884220D2FFE701980299C96A88423F
:1079300008D3FFE7019844300299096B013188426E
:1079400026D9FFE701980299D1F8A41088420BD3F9
:10795000FFE701984430029AD2F8A410D2F8A82088
:107960001144884214D9FFE7019800F1440188428C
:1079700014D2FFE701980299896988420ED3FFE784
:10798000019844300299C9690131884206D8FFE75D
:10799000019818B1FFE7F420039007E0FFE7019892
:1079A000F8F7A2FA009000980390FFE7039804B05C
:1079B00080BD00000000000080B588B006900591F1
:1079C000049203930698007B8007002840F18C8086
:1079D000FFE7059800F14401884220D2FFE70598AF
:1079E0000699C96A884208D3FFE70598443006998A
:1079F000096B0131884226D9FFE705980699D1F82D
:107A0000A41088420BD3FFE705984430069AD2F8B9
:107A1000A410D2F8A8201144884214D9FFE7059891
:107A200000F14401884214D2FFE70598069989695C
:107A300088420ED3FFE7059844300699C9690131A1
:107A4000884206D8FFE7059818B1FFE7F4200790B1
:107A500053E005980190049801998968014488428F
:107A600024D2FFE704980699C96A88420AD3FFE73F
:107A700004980199896808440699096B0131884284
:107A800031D9FFE704980699D1F8A41088420DD3A4
:107A9000FFE70498019989680844069AD2F8A4106F
:107AA000D2F8A820114488421DD9FFE70498019913
:107AB00089680144884210D2FFE7049806998969D1
:107AC00088420AD3FFE70498019989680844069917
:107AD000C9690131884206D9FFE7049818B1FFE768
:107AE000F420079009E0FFE705980499039AF8F756
:107AF0001BFA029002980790FFE7079808B080BD34
:107B0000B0B58AB008900791069205930898007B5B
:107B10008007002840F18B81FFE7079800F14401BE
:107B2000884220D2FFE707980899C96A884208D39B
:107B3000FFE7079844300899096B0131884226D93C
:107B4000FFE707980899D1F8A41088420BD3FFE704
:107B500007984430089AD2F8A410D2F8A82011440B
:107B6000884214D9FFE7079800F14401884214D2F3
:107B7000FFE707980899896988420ED3FFE70798BD
:107B800044300899C9690131884206D8FFE707984F
:107B900018B1FFE7F420099064E10698011D8842BE
:107BA00020D2FFE706980899C96A884208D3FFE700
:107BB000069804300899096B0131884218D9FFE70B
:107BC00006980899D1F8A41088420BD3FFE70698CD
:107BD0000430089AD2F8A410D2F8A82011448842A0
:107BE00006D9FFE7069818B1FFE7F420099039E1BC
:107BF000059800F11401884220D2FFE70598089902
:107C0000C96A884208D3FFE7059814300899096BC0
:107C10000131884215D9FFE705980899D1F8A410D9
:107C200088420BD3FFE705981430089AD2F8A410C5
:107C3000D2F8A8201144884203D9FFE7F420099024
:107C400010E105980068011D884224D2FFE70598DD
:107C500000680899C96A884209D3FFE70598006857
:107C600004300899096B013188421BD9FFE7059858
:107C700000680899D1F8A41088420CD3FFE7059852
:107C800000680430089AD2F8A410D2F8A820114451
:107C9000884207D9FFE70598006818B1FFE7F4208C
:107CA0000990DFE005984068011D884224D2FFE773
:107CB000059840680899C96A884209D3FFE7059882
:107CC000406804300899096B013188421BD9FFE7ED
:107CD000059840680899D1F8A41088420CD3FFE7B2
:107CE000059840680430089AD2F8A410D2F8A82069
:107CF0001144884207D9FFE70598406818B1FFE7AB
:107D0000F4200990AEE005988068011D884224D2D5
:107D1000FFE7059880680899C96A884209D3FFE798
:107D20000598806804300899096B013188421BD995
:107D3000FFE7059880680899D1F8A41088420CD311
:107D4000FFE7059880680430089AD2F8A410D2F8AA
:107D5000A8201144884207D9FFE70598806818B128
:107D6000FFE7F42009907DE00598C068011D884276
:107D700024D2FFE70598C0680899C96A884209D3E8
:107D8000FFE70598C06804300899096B0131884203
:107D90001BD9FFE70598C0680899D1F8A41088425C
:107DA0000CD3FFE70598C0680430089AD2F8A410F5
:107DB000D2F8A8201144884207D9FFE70598C06887
:107DC00018B1FFE7F42009904CE005980069011D07
:107DD000884224D2FFE7059800690899C96A884259
:107DE00009D3FFE70598006904300899096B013150
:107DF00088421BD9FFE7059800690899D1F8A410BB
:107E000088420CD3FFE7059800690430089AD2F83D
:107E1000A410D2F8A8201144884207D9FFE705989A
:107E2000006918B1FFE7F42009901BE0FFE707980D
:107E30000699DDF814E0DEF80020DEF80430DEF804
:107E400008C0DEF80C40DEF81050EE46CEF80850C0
:107E5000CEF80440CEF800C0F8F7BAF804900498C1
:107E60000990FFE709980AB0B0BD000000000000CB
:107E7000B0B58AB008900791069205930898007BE8
:107E80008007002840F18B81FFE7079800F144014B
:107E9000884220D2FFE707980899C96A884208D328
:107EA000FFE7079844300899096B0131884226D9C9
:107EB000FFE707980899D1F8A41088420BD3FFE791
:107EC00007984430089AD2F8A410D2F8A820114498
:107ED000884214D9FFE7079800F14401884214D280
:107EE000FFE707980899896988420ED3FFE707984A
:107EF00044300899C9690131884206D8FFE70798DC
:107F000018B1FFE7F420099064E10698011D88424A
:107F100020D2FFE706980899C96A884208D3FFE78C
:107F2000069804300899096B0131884218D9FFE797
:107F300006980899D1F8A41088420BD3FFE7069859
:107F40000430089AD2F8A410D2F8A820114488422C
:107F500006D9FFE7069818B1FFE7F420099039E148
:107F6000059800F11401884220D2FFE7059808998E
:107F7000C96A884208D3FFE7059814300899096B4D
:107F80000131884215D9FFE705980899D1F8A41066
:107F900088420BD3FFE705981430089AD2F8A41052
:107FA000D2F8A8201144884203D9FFE7F4200990B1
:107FB00010E105980068011D884224D2FFE705986A
:107FC00000680899C96A884209D3FFE705980068E4
:107FD00004300899096B013188421BD9FFE70598E5
:107FE00000680899D1F8A41088420CD3FFE70598DF
:107FF00000680430089AD2F8A410D2F8A8201144DE
:10800000884207D9FFE70598006818B1FFE7F42018
:108010000990DFE005984068011D884224D2FFE7FF
:10802000059840680899C96A884209D3FFE705980E
:10803000406804300899096B013188421BD9FFE779
:10804000059840680899D1F8A41088420CD3FFE73E
:10805000059840680430089AD2F8A410D2F8A820F5
:108060001144884207D9FFE70598406818B1FFE737
:10807000F4200990AEE005988068011D884224D262
:10808000FFE7059880680899C96A884209D3FFE725
:108090000598806804300899096B013188421BD922
:1080A000FFE7059880680899D1F8A41088420CD39E
:1080B000FFE7059880680430089AD2F8A410D2F837
:1080C000A8201144884207D9FFE70598806818B1B5
:1080D000FFE7F42009907DE00598C068011D884203
:1080E00024D2FFE70598C0680899C96A884209D375
:1080F000FFE70598C06804300899096B0131884290
:108100001BD9FFE70598C0680899D1F8A4108842E8
:108110000CD3FFE70598C0680430089AD2F8A41081
:10812000D2F8A8201144884207D9FFE70598C06813
:1081300018B1FFE7F42009904CE005980069011D93
:10814000884224D2FFE7059800690899C96A8842E5
:1081500009D3FFE70598006904300899096B0131DC
:1081600088421BD9FFE7059800690899D1F8A41047
:1081700088420CD3FFE7059800690430089AD2F8CA
:10818000A410D2F8A8201144884207D9FFE7059827
:10819000006918B1FFE7F42009901BE0FFE707989A
:1081A0000699DDF814E0DEF80020DEF80430DEF891
:1081B00008C0DEF80C40DEF81050EE46CEF808504D
:1081C000CEF80440CEF800C0F2F7BAFD049004984F
:1081D0000990FFE709980AB0B0BD00000000000058
:1081E00010B588B006900591049203930698007B21
:1081F0008007002840F14581FFE70598011D88426E
:1082000020D2FFE705980699C96A884208D3FFE79C
:10821000059804300699096B0131884218D9FFE7A7
:1082200005980699D1F8A41088420BD3FFE705986A
:108230000430069AD2F8A410D2F8A820114488423B
:1082400006D9FFE7059818B1FFE7F42007902FE162
:108250000498011D884220D2FFE704980699C96A54
:10826000884208D3FFE7049804300699096B01316E
:10827000884218D9FFE704980699D1F8A4108842DB
:108280000BD3FFE704980430069AD2F8A410D2F872
:10829000A8201144884206D9FFE7049818B1FFE7E7
:1082A000F420079004E1039800F11001884220D2E5
:1082B000FFE703980699C96A884208D3FFE7039845
:1082C00010300699096B0131884215D9FFE70398F0
:1082D0000699D1F8A41088420BD3FFE70398103019
:1082E000069AD2F8A410D2F8A8201144884203D9E3
:1082F000FFE7F4200790DBE003980068011D884247
:1083000024D2FFE7039800680699C96A884209D316
:10831000FFE70398006804300699096B0131884231
:108320001BD9FFE7039800680699D1F8A41088428A
:108330000CD3FFE7039800680430069AD2F8A41023
:10834000D2F8A8201144884207D9FFE703980068B3
:1083500018B1FFE7F4200790AAE003984068011DD8
:10836000884224D2FFE7039840680699C96A884288
:1083700009D3FFE70398406804300699096B01317F
:1083800088421BD9FFE7039840680699D1F8A410EA
:1083900088420CD3FFE7039840680430069AD2F86D
:1083A000A410D2F8A8201144884207D9FFE7039807
:1083B000406818B1FFE7F420079079E003988068DF
:1083C000011D884224D2FFE7039880680699C96A94
:1083D000884209D3FFE70398806804300699096B47
:1083E000013188421BD9FFE7039880680699D1F8CC
:1083F000A41088420CD3FFE7039880680430069AE3
:10840000D2F8A410D2F8A8201144884207D9FFE777
:108410000398806818B1FFE7F420079048E00398BC
:10842000C068011D884224D2FFE70398C0680699FE
:10843000C96A884209D3FFE70398C06804300699E7
:10844000096B013188421BD9FFE70398C068069980
:10845000D1F8A41088420CD3FFE70398C068043019
:10846000069AD2F8A410D2F8A8201144884207D95D
:10847000FFE70398C06818B1FFE7F420079017E002
:10848000FFE705980499DDF80CE0DEF80020DEF83F
:108490000430DEF808C0DEF80C40EE46CEF80440AA
:1084A000CEF800C0F2F790FC029002980790FFE728
:1084B000079808B010BD000080B584B0029001910B
:1084C0000298007B8007002841D5FFE7019800F162
:1084D0004401884220D2FFE701980299C96A884284
:1084E00008D3FFE7019844300299096B01318842B3
:1084F00026D9FFE701980299D1F8A41088420BD33E
:10850000FFE701984430029AD2F8A410D2F8A820CC
:108510001144884214D9FFE7019800F144018842D0
:1085200014D2FFE701980299896988420ED3FFE7C8
:10853000019844300299C9690131884206D8FFE7A1
:10854000019818B1FFE7F420039007E0FFE70198D6
:10855000F7F776FD009000980390FFE7039804B0CA
:1085600080BD00000000000080B588B00690059135
:10857000049203930698007B8007002877D5FFE7D5
:10858000059800F14401884220D2FFE7059806993A
:10859000C96A884208D3FFE7059844300699096BF9
:1085A0000131884226D9FFE705980699D1F8A41031
:1085B00088420BD3FFE705984430069AD2F8A410FE
:1085C000D2F8A8201144884214D9FFE7059800F199
:1085D0004401884214D2FFE70598069989698842C8
:1085E0000ED3FFE7059844300699C96901318842E6
:1085F00006D8FFE7059818B1FFE7F42007903FE0A1
:108600000598019004980199896800EB81018842DE
:1086100026D2FFE704980699C96A88420BD3FFE780
:1086200004980199896800EB81000699096B013172
:1086300088421BD9FFE704980699D1F8A410884214
:108640000ED3FFE704980199896800EB8100069A30
:10865000D2F8A410D2F8A8201144884206D9FFE726
:10866000049818B1FFE7F420079009E0FFE70598A8
:108670000499039AF7F704FD029002980790FFE728
:10868000079808B080BD000080B588B006900591BD
:10869000049203930698007B8007002840F19180A4
:1086A000FFE7059800F14401884220D2FFE70598D2
:1086B0000699C96A884208D3FFE7059844300699AD
:1086C000096B0131884226D9FFE705980699D1F850
:1086D000A41088420BD3FFE705984430069AD2F8DD
:1086E000A410D2F8A8201144884214D9FFE70598B5
:1086F00000F14401884214D2FFE705980699896980
:1087000088420ED3FFE7059844300699C9690131C4
:10871000884206D8FFE7059818B1FFE7F4200790D4
:1087200058E00598019004980199896800EB81014F
:10873000884226D2FFE704980699C96A88420BD37B
:10874000FFE704980199896800EB81000699096B9D
:108750000131884234D9FFE704980699D1F8A41072
:1087600088420ED3FFE704980199896800EB8100E5
:10877000069AD2F8A410D2F8A820114488421FD932
:10878000FFE704980199896800EB8101884211D2C2
:10879000FFE704980699896988420BD3FFE704989C
:1087A0000199896800EB81000699C9690131884205
:1087B00006D9FFE7049818B1FFE7F420079009E015
:1087C000FFE705980499039AF7F7AEFC0290029828
:1087D0000790FFE7079808B080BD00000000000088
:1087E00080B588B00690059104920598029006988D
:1087F000007B8007002850D5FFE7059800F1440171
:10880000884220D2FFE705980699C96A884208D3B2
:10881000FFE7059844300699096B0131884226D953
:10882000FFE705980699D1F8A41088420BD3FFE71B
:1088300005984430069AD2F8A410D2F8A820114422
:10884000884214D9FFE7059800F14401884214D208
:10885000FFE705980699896988420ED3FFE70598D6
:1088600044300699C9690131884206D8FFE7059866
:1088700018B1FFE7F420079029E0029848B1FFE71C
:108880000298006844F25551C5F25511884203D050
:10889000FFE7092007901AE0FFE7049818B9FFE7FF
:1088A000002001900BE006980299C8630498029991
:1088B000086442F69950C0F601000190FFE7059860
:1088C0000199F7F785FC039003980790FFE7079855
:1088D00008B080BD0000000080B586B00490039110
:1088E00002920498007B8007002841D5FFE7039897
:1088F00000F12801884220D2FFE703980499C96A51
:10890000884208D3FFE7039828300499096B0131A6
:10891000884226D9FFE703980499D1F8A410884229
:108920000BD3FFE703982830049AD2F8A410D2F8AA
:10893000A8201144884214D9FFE7039800F12801C8
:10894000884214D2FFE703980499896988420ED3BC
:10895000FFE7039828300499C9690131884206D895
:10896000FFE7039818B1FFE7F420059008E0FFE760
:1089700003980299F7F74CFC019001980590FFE7E6
:10898000059806B080BD000080B586B004900391C4
:10899000029201930498007B8007002840F199809F
:1089A000FFE745F28820C2F200400068012822D18A
:1089B000FFE7039800F1280188421CD2FFE70398E3
:1089C00045F25421C2F2004189691031884212D324
:1089D000FFE70398283045F25422C2F20042916921
:1089E000D2691144884206D8FFE703982821FAF794
:1089F0008BF930B1FFE7039818B1FFE7F420059039
:108A000072E00298411C884220D2FFE70298049944
:108A1000C96A884208D3FFE7029801300499096BBC
:108A2000013188422BD9FFE702980499D1F8A410AC
:108A300088420BD3FFE702980130049AD2F8A410C1
:108A4000D2F8A8201144884219D9FFE70298411CA6
:108A500088420ED2FFE7029804998969884208D3B8
:108A6000FFE7029801300499C9690131884206D9AB
:108A7000FFE7029818B1FFE7F420059034E0019871
:108A800000F10801884220D2FFE701980499C96AE1
:108A9000884208D3FFE7019808300499096B013137
:108AA000884215D9FFE701980499D1F8A4108842AB
:108AB0000BD3FFE701980830049AD2F8A410D2F83B
:108AC000A8201144884203D9FFE7F42005900BE069
:108AD000FFE703980299019B1A685B68F7F7C0FBF0
:108AE000009000980590FFE7059806B080BD000053
:108AF00080B584B0029001910298007B8007002825
:108B000041D5FFE7019800F12801884220D2FFE714
:108B100001980299C96A884208D3FFE70198283072
:108B20000299096B0131884226D9FFE70198029921
:108B3000D1F8A41088420BD3FFE701982830029A9D
:108B4000D2F8A410D2F8A8201144884214D9FFE723
:108B5000019800F12801884214D2FFE70198029998
:108B6000896988420ED3FFE7019828300299C969C4
:108B70000131884206D8FFE7019818B1FFE7F420D9
:108B800003900FE0FFE70198F7F712FC00900098C0
:108B900028B9FFE70198F9F727FE0090FFE7009852
:108BA0000390FFE7039804B080BD000000000000C0
:108BB00080B586B00490039102920498007B8007F0
:108BC000002841D5FFE7039800F12801884220D210
:108BD000FFE703980499C96A884208D3FFE703981E
:108BE00028300499096B0131884226D9FFE70398A0
:108BF0000499D1F8A41088420BD3FFE703982830DA
:108C0000049AD2F8A410D2F8A8201144884214D9AA
:108C1000FFE7039800F12801884214D2FFE7039888
:108C20000499896988420ED3FFE703982830049994
:108C3000C9690131884206D8FFE7039818B1FFE7F8
:108C4000F420059008E0FFE703980299F7F7F8FB96
:108C5000019001980590FFE7059806B080BD0000DF
:108C600010B588B006900591049203930698007B96
:108C70008007002840F15A81FFE7059800F128019C
:108C8000884220D2FFE705980699C96A884208D32E
:108C9000FFE7059828300699096B0131884226D9EB
:108CA000FFE705980699D1F8A41088420BD3FFE797
:108CB00005982830069AD2F8A410D2F8A8201144BA
:108CC000884214D9FFE7059800F12801884214D2A0
:108CD000FFE705980699896988420ED3FFE7059852
:108CE00028300699C9690131884206D8FFE70598FE
:108CF00018B1FFE7F42007902FE10498011D884286
:108D000020D2FFE704980699C96A884208D3FFE792
:108D1000049804300699096B0131884218D9FFE79D
:108D200004980699D1F8A41088420BD3FFE7049861
:108D30000430069AD2F8A410D2F8A8201144884230
:108D400006D9FFE7049818B1FFE7F420079004E183
:108D5000039800F11001884220D2FFE7039806999A
:108D6000C96A884208D3FFE7039810300699096B57
:108D70000131884215D9FFE703980699D1F8A4106C
:108D800088420BD3FFE703981030069AD2F8A4105C
:108D9000D2F8A8201144884203D9FFE7F4200790B5
:108DA000DBE003980068011D884224D2FFE70398A6
:108DB00000680699C96A884209D3FFE703980068EA
:108DC00004300699096B013188421BD9FFE70398EB
:108DD00000680699D1F8A41088420CD3FFE70398E5
:108DE00000680430069AD2F8A410D2F8A8201144E2
:108DF000884207D9FFE70398006818B1FFE7F4201D
:108E00000790AAE003984068011D884224D2FFE73A
:108E1000039840680699C96A884209D3FFE7039816
:108E2000406804300699096B013188421BD9FFE77D
:108E3000039840680699D1F8A41088420CD3FFE744
:108E4000039840680430069AD2F8A410D2F8A820FB
:108E50001144884207D9FFE70398406818B1FFE73B
:108E6000F420079079E003988068011D884224D29D
:108E7000FFE7039880680699C96A884209D3FFE72B
:108E80000398806804300699096B013188421BD928
:108E9000FFE7039880680699D1F8A41088420CD3A4
:108EA000FFE7039880680430069AD2F8A410D2F83D
:108EB000A8201144884207D9FFE70398806818B1B9
:108EC000FFE7F420079048E00398C068011D88423E
:108ED00024D2FFE70398C0680699C96A884209D37B
:108EE000FFE70398C06804300699096B0131884296
:108EF0001BD9FFE70398C0680699D1F8A4108842EF
:108F00000CD3FFE70398C0680430069AD2F8A41087
:108F1000D2F8A8201144884207D9FFE70398C06817
:108F200018B1FFE7F420079017E0FFE705980499D0
:108F3000DDF80CE0DEF80020DEF80430DEF808C0D2
:108F4000DEF80C40EE46CEF80440CEF800C0F7F74D
:108F5000C3FA029002980790FFE7079808B010BD87
:108F600080B588B006900591049203930698007B23
:108F70008007002840F12981FFE7059800F12801CA
:108F8000884220D2FFE705980699C96A884208D32B
:108F9000FFE7059828300699096B0131884226D9E8
:108FA000FFE705980699D1F8A41088420BD3FFE794
:108FB00005982830069AD2F8A410D2F8A8201144B7
:108FC000884214D9FFE7059800F12801884214D29D
:108FD000FFE705980699896988420ED3FFE705984F
:108FE00028300699C9690131884206D8FFE70598FB
:108FF00018B1FFE7F4200790FAE00498011D8842B9
:1090000020D2FFE704980699C96A884208D3FFE78F
:10901000049804300699096B0131884218D9FFE79A
:1090200004980699D1F8A41088420BD3FFE704985E
:109030000430069AD2F8A410D2F8A820114488422D
:1090400006D9FFE7049818B1FFE7F4200790CFE0B6
:10905000039800F10C01884220D2FFE7039806999B
:10906000C96A884208D3FFE703980C300699096B58
:109070000131884215D9FFE703980699D1F8A41069
:1090800088420BD3FFE703980C30069AD2F8A4105D
:10909000D2F8A8201144884203D9FFE7F4200790B2
:1090A000A6E003980068011D884224D2FFE70398D8
:1090B00000680699C96A884209D3FFE703980068E7
:1090C00004300699096B013188421BD9FFE70398E8
:1090D00000680699D1F8A41088420CD3FFE70398E2
:1090E00000680430069AD2F8A410D2F8A8201144DF
:1090F000884207D9FFE70398006818B1FFE7F4201A
:10910000079075E003984068011D884224D2FFE76C
:10911000039840680699C96A884209D3FFE7039813
:10912000406804300699096B013188421BD9FFE77A
:10913000039840680699D1F8A41088420CD3FFE741
:10914000039840680430069AD2F8A410D2F8A820F8
:109150001144884207D9FFE70398406818B1FFE738
:10916000F420079044E003988068011D884224D2CF
:10917000FFE7039880680699C96A884209D3FFE728
:109180000398806804300699096B013188421BD925
:10919000FFE7039880680699D1F8A41088420CD3A1
:1091A000FFE7039880680430069AD2F8A410D2F83A
:1091B000A8201144884207D9FFE70398806818B1B6
:1091C000FFE7F420079013E0FFE705980499DDF826
:1091D0000CC0DCF80020DCF80430DCF808C0EE46F7
:1091E000CEF800C0F2F7E8FC029002980790FFE783
:1091F000079808B080BD000080B586B00490039148
:10920000029201930498007B8007002840F1E380DC
:10921000FFE70398011D884220D2FFE703980499D5
:10922000C96A884208D3FFE7039804300499096BA0
:109230000131884218D9FFE703980499D1F8A410A6
:1092400088420BD3FFE703980430049AD2F8A410A5
:10925000D2F8A8201144884206D9FFE7039818B134
:10926000FFE7F4200590C1E00298011D884220D25A
:10927000FFE702980499C96A884208D3FFE7029879
:1092800004300499096B0131884218D9FFE702982C
:109290000499D1F8A41088420BD3FFE70298043058
:1092A000049AD2F8A410D2F8A8201144884206D912
:1092B000FFE7029818B1FFE7F420059096E00198C7
:1092C00000F10801884220D2FFE701980499C96A99
:1092D000884208D3FFE7019808300499096B0131EF
:1092E000884215D9FFE701980499D1F8A410884263
:1092F0000BD3FFE701980830049AD2F8A410D2F8F3
:10930000A8201144884203D9FFE7F42005906DE0BE
:1093100001980068011D884224D2FFE70198006887
:109320000499C96A884209D3FFE7019800680430AC
:109330000499096B013188421BD9FFE70198006845
:109340000499D1F8A41088420CD3FFE70198006873
:109350000430049AD2F8A410D2F8A820114488420C
:1093600007D9FFE70198006818B1FFE7F4200590DE
:109370003CE001984068011D884224D2FFE7019833
:1093800040680499C96A884209D3FFE70198406898
:1093900004300499096B013188421BD9FFE7019819
:1093A00040680499D1F8A41088420CD3FFE70198D3
:1093B00040680430049AD2F8A410D2F8A8201144CE
:1093C000884207D9FFE70198406818B1FFE7F42009
:1093D00005900BE0FFE703980299019B1A685B6810
:1093E000F2F71AFC009000980590FFE7059806B088
:1093F00080BD00000000000080B584B002900191A3
:109400000298007B8007002841D5FFE7019800F112
:109410002801884220D2FFE701980299C96A884250
:1094200008D3FFE7019828300299096B013188427F
:1094300026D9FFE701980299D1F8A41088420BD3EE
:10944000FFE701982830029AD2F8A410D2F8A82099
:109450001144884214D9FFE7019800F1280188429D
:1094600014D2FFE701980299896988420ED3FFE779
:10947000019828300299C9690131884206D8FFE76E
:10948000019818B1FFE7F420039007E0FFE7019887
:10949000F7F752F8009000980390FFE7039804B0A4
:1094A00080BD00000000000080B584B002900191F2
:1094B0000298007B8007002841D5FFE7019800F162
:1094C0002801884220D2FFE701980299C96A8842A0
:1094D00008D3FFE7019828300299096B01318842CF
:1094E00026D9FFE701980299D1F8A41088420BD33E
:1094F000FFE701982830029AD2F8A410D2F8A820E9
:109500001144884214D9FFE7019800F128018842EC
:1095100014D2FFE701980299896988420ED3FFE7C8
:10952000019828300299C9690131884206D8FFE7BD
:10953000019818B1FFE7F420039007E0FFE70198D6
:10954000F7F71AF8009000980390FFE7039804B02B
:1095500080BD00000000000080B588B00690059135
:109560000492059802900698007B8007002850D549
:10957000FFE7059800F12801884220D2FFE705980F
:109580000699C96A884208D3FFE7059828300699EA
:10959000096B0131884226D9FFE705980699D1F871
:1095A000A41088420BD3FFE705982830069AD2F81A
:1095B000A410D2F8A8201144884214D9FFE70598D6
:1095C00000F12801884214D2FFE7059806998969BD
:1095D00088420ED3FFE7059828300699C969013102
:1095E000884206D8FFE7059818B1FFE7F4200790F6
:1095F00029E0029848B1FFE70298006844F641511B
:10960000C5F24531884203D0FFE70C2007901AE0ED
:10961000FFE7049818B9FFE7002001900BE00698D7
:109620000299086204980299486242F67970C0F67D
:1096300001000190FFE705980199F6F7BDFF03903F
:1096400003980790FFE7079808B080BD000000006E
:109650002DE9F04F91B00F900E910D920C930F9851
:10966000007B8007002840F1E380FFE745F2882077
:10967000C2F200400068012822D1FFE70E9800F1F5
:10968000E80188421CD2FFE70E9845F25421C2F24D
:10969000004189691031884212D3FFE70E98E83003
:1096A00045F25422C2F200429169D26911448842C3
:1096B00006D8FFE70E98E821F9F726FB30B1FFE75F
:1096C0000E9818B1FFE7F4201090E8E00D98411CC7
:1096D000884220D2FFE70D980F99C96A884208D3C3
:1096E000FFE70D9801300F99096B013188422BD9A2
:1096F000FFE70D980F99D1F8A41088420BD3FFE72C
:109700000D9801300F9AD2F8A410D2F8A820114475
:10971000884219D9FFE70D98411C88420ED2FFE715
:109720000D980F998969884208D3FFE70D98013099
:109730000F99C9690131884206D9FFE70D9818B120
:10974000FFE7F4201090AAE00C9800F12401884271
:1097500020D2FFE70C980F99C96A884208D3FFE727
:109760000C9824300F99096B0131884215D9FFE715
:109770000C980F99D1F8A41088420BD3FFE70C98EE
:1097800024300F9AD2F8A410D2F8A82011448842AD
:1097900003D9FFE7F420109081E00C998868C9682C
:1097A0000144884226D2FFE70C9880680F99C96A65
:1097B00088420AD3FFE70C998868C96808440F9962
:1097C000096B013188421CD9FFE70C9880680F991A
:1097D000D1F8A41088420DD3FFE70C998868C968B6
:1097E00008440F9AD2F8A410D2F8A8201144884255
:1097F00007D9FFE70C98806818B1FFE7F4201090B4
:109800004DE00C9800690F99D1F87414884203D286
:10981000FFE70F20109042E00C9840690F99D1F8B3
:109820007414884203D2FFE71820109037E0FFE756
:109830000E980D99DDF83CB0DBF85420DDF830E0EF
:10984000CDF824E0DEF80030DEF804C0DEF8084091
:10985000DEF80C50DEF81060DEF81470DEF81880C8
:10986000DEF81C90DEF820A0EE46CDF828E0CEF819
:1098700020B0CEF81CA0CEF81890CEF81480CEF808
:109880001070CEF80C60CEF80850CEF80440CEF838
:1098900000C0F9F77DFF0B900B981090FFE7109830
:1098A00011B0BDE8F08F000080B584B00290019146
:1098B0000298007B8007002841D5FFE7019800F15E
:1098C000E801884220D2FFE701980299C96A8842DC
:1098D00008D3FFE70198E8300299096B013188420B
:1098E00026D9FFE701980299D1F8A41088420BD33A
:1098F000FFE70198E830029AD2F8A410D2F8A82025
:109900001144884214D9FFE7019800F1E801884228
:1099100014D2FFE701980299896988420ED3FFE7C4
:109920000198E8300299C9690131884206D8FFE7F9
:10993000019818B1FFE7F42003900FE0FFE70198CA
:10994000F6F78AFF0090009828B9FFE70198F8F72A
:109950004BFF0090FFE700980390FFE7039804B0E7
:1099600080BD00000000000080B588B00690059121
:109970000492059802900698007B800700285AD52B
:10998000FFE7059800F1E801884220D2FFE705983B
:109990000699C96A884208D3FFE70598E830069916
:1099A000096B0131884226D9FFE705980699D1F85D
:1099B000A41088420BD3FFE70598E830069AD2F846
:1099C000A410D2F8A8201144884214D9FFE70598C2
:1099D00000F1E801884214D2FFE7059806998969E9
:1099E00088420ED3FFE70598E8300699C96901312E
:1099F000884206D8FFE7059818B1FFE7F4200790E2
:109A000034E0029848B1FFE70298006845F244212B
:109A1000C5F24841884203D0FFE70E20079025E0B9
:109A20000298D0F890000699884203D0FFE7F22010
:109A300007901BE0FFE7049818B9FFE700200090AB
:109A40000CE00298D0F89400019004980199886184
:109A500043F6A940C0F601000090FFE70598009981
:109A6000F6F72AFF039003980790FFE7079808B0DE
:109A700080BD00000000000080B586B00590049114
:109A800003920293F2F7BCFB0190019806B080BDEF
:109A9000F0B58BB009900891079206930998007B66
:109AA0008007002840F1ED81FFE7089800F1E80108
:109AB000884220D2FFE708980999C96A884208D3EA
:109AC000FFE70898E8300999096B0131884226D9E7
:109AD000FFE708980999D1F8A41088420BD3FFE753
:109AE0000898E830099AD2F8A410D2F8A8201144B6
:109AF000884214D9FFE7089800F1E801884214D29F
:109B0000FFE708980999896988420ED3FFE708980A
:109B1000E8300999C9690131884206D8FFE70898F9
:109B200018B1FFE7F4200A90CEE10798011D8842A2
:109B300020D2FFE707980999C96A884208D3FFE74E
:109B4000079804300999096B0131884218D9FFE759
:109B500007980999D1F8A41088420BD3FFE707981A
:109B60000430099AD2F8A410D2F8A82011448842EF
:109B700006D9FFE7079818B1FFE7F4200A90A3E1A0
:109B8000069800F11C01884220D2FFE70698099947
:109B9000C96A884208D3FFE706981C300999096B07
:109BA0000131884215D9FFE706980999D1F8A41028
:109BB00088420BD3FFE706981C30099AD2F8A4100C
:109BC000D2F8A8201144884203D9FFE7F4200A9074
:109BD0007AE106980068011D884224D2FFE70698C2
:109BE00000680999C96A884209D3FFE706980068A6
:109BF00004300999096B013188421BD9FFE70698A7
:109C000000680999D1F8A41088420CD3FFE70698A0
:109C100000680430099AD2F8A410D2F8A8201144A0
:109C2000884207D9FFE70698006818B1FFE7F420DB
:109C30000A9049E106984068011D884224D2FFE756
:109C4000069840680999C96A884209D3FFE70698CF
:109C5000406804300999096B013188421BD9FFE73C
:109C6000069840680999D1F8A41088420CD3FFE700
:109C7000069840680430099AD2F8A410D2F8A820B7
:109C80001144884207D9FFE70698406818B1FFE7FA
:109C9000F4200A9018E106988068011D884224D2B9
:109CA000FFE7069880680999C96A884209D3FFE7E7
:109CB0000698806804300999096B013188421BD9E4
:109CC000FFE7069880680999D1F8A41088420CD360
:109CD000FFE7069880680430099AD2F8A410D2F8F9
:109CE000A8201144884207D9FFE70698806818B178
:109CF000FFE7F4200A90E7E00698C068011D88425B
:109D000024D2FFE70698C0680999C96A884209D336
:109D1000FFE70698C06804300999096B0131884251
:109D20001BD9FFE70698C0680999D1F8A4108842AA
:109D30000CD3FFE70698C0680430099AD2F8A41043
:109D4000D2F8A8201144884207D9FFE70698C068D6
:109D500018B1FFE7F4200A90B6E006980069011DEB
:109D6000884224D2FFE7069800690999C96A8842A7
:109D700009D3FFE70698006904300999096B01319E
:109D800088421BD9FFE7069800690999D1F8A41009
:109D900088420CD3FFE7069800690430099AD2F88C
:109DA000A410D2F8A8201144884207D9FFE70698EA
:109DB000006918B1FFE7F4200A9085E00698406931
:109DC000011D884224D2FFE7069840690999C96AB3
:109DD000884209D3FFE70698406904300999096B66
:109DE000013188421BD9FFE7069840690999D1F8EB
:109DF000A41088420CD3FFE7069840690430099A02
:109E0000D2F8A410D2F8A8201144884207D9FFE75D
:109E10000698406918B1FFE7F4200A9054E00698CC
:109E20008069011D884224D2FFE70698806909995C
:109E3000C96A884209D3FFE7069880690430099906
:109E4000096B013188421BD9FFE70698806909999F
:109E5000D1F8A41088420CD3FFE70698806904303B
:109E6000099AD2F8A410D2F8A8201144884207D940
:109E7000FFE70698806918B1FFE7F4200A9023E015
:109E8000FFE708980799DDF818E0DEF80020DEF813
:109E90000430DEF808C0DEF80C40DEF81050DEF8C2
:109EA0001460DEF81870EE46CEF81070CEF80C6034
:109EB000CEF80850CEF80440CEF800C0F6F71CFDEE
:109EC000059005980A90FFE70A980BB0F0BD0000D6
:109ED00080B584B0029001910298007BC00718B150
:109EE000FFE7F320039006E00198E6F749FA0090B7
:109EF00000980390FFE7039804B080BD00000000C5
:109F00002DE9F0438FB00D900C910B920A930D98B0
:109F1000007B8007002840F14F82FFE70C9800F19A
:109F2000E801884220D2FFE70C980D99C96A88425F
:109F300008D3FFE70C98E8300D99096B013188428E
:109F400026D9FFE70C980D99D1F8A41088420BD3BD
:109F5000FFE70C98E8300D9AD2F8A410D2F8A820A8
:109F60001144884214D9FFE70C9800F1E8018842B7
:109F700014D2FFE70C980D99896988420ED3FFE748
:109F80000C98E8300D99C9690131884206D8FFE77D
:109F90000C9818B1FFE7F4200E903AE20B98011DDF
:109FA000884220D2FFE70B980D99C96A884208D3EE
:109FB000FFE70B9804300D99096B0131884218D9DD
:109FC000FFE70B980D99D1F8A41088420BD3FFE757
:109FD0000B9804300D9AD2F8A410D2F8A82011449E
:109FE000884206D9FFE70B9818B1FFE7F4200E90DE
:109FF0000FE20A9800F12401884220D2FFE70A9874
:10A000000D99C96A884208D3FFE70A9824300D9950
:10A01000096B0131884215D9FFE70A980D99D1F8EB
:10A02000A41088420BD3FFE70A9824300D9AD2F887
:10A03000A410D2F8A8201144884203D9FFE7F420E5
:10A040000E90E6E10A980068011D884224D2FFE7DD
:10A050000A9800680D99C96A884209D3FFE70A98EF
:10A06000006804300D99096B013188421BD9FFE764
:10A070000A9800680D99D1F8A41088420CD3FFE724
:10A080000A98006804300D9AD2F8A410D2F8A820DB
:10A090001144884207D9FFE70A98006818B1FFE722
:10A0A000F4200E90B5E10A984068011D884224D240
:10A0B000FFE70A9840680D99C96A884209D3FFE70B
:10A0C0000A98406804300D99096B013188421BD908
:10A0D000FFE70A9840680D99D1F8A41088420CD384
:10A0E000FFE70A98406804300D9AD2F8A410D2F81D
:10A0F000A8201144884207D9FFE70A98406818B1A0
:10A10000FFE7F4200E9084E10A988068011D8842E0
:10A1100024D2FFE70A9880680D99C96A884209D35A
:10A12000FFE70A98806804300D99096B0131884275
:10A130001BD9FFE70A9880680D99D1F8A4108842CE
:10A140000CD3FFE70A98806804300D9AD2F8A41067
:10A15000D2F8A8201144884207D9FFE70A988068FE
:10A1600018B1FFE7F4200E9053E10A98C068011D72
:10A17000884224D2FFE70A98C0680D99C96A8842CC
:10A1800009D3FFE70A98C06804300D99096B0131C3
:10A1900088421BD9FFE70A98C0680D99D1F8A4102E
:10A1A00088420CD3FFE70A98C06804300D9AD2F8B1
:10A1B000A410D2F8A8201144884207D9FFE70A98D2
:10A1C000C06818B1FFE7F4200E9022E10A980069F8
:10A1D000011D884224D2FFE70A9800690D99C96AD7
:10A1E000884209D3FFE70A98006904300D99096B8A
:10A1F000013188421BD9FFE70A9800690D99D1F80F
:10A20000A41088420CD3FFE70A98006904300D9A25
:10A21000D2F8A410D2F8A8201144884207D9FFE749
:10A220000A98006918B1FFE7F4200E90F1E00A984F
:10A230004069011D884224D2FFE70A9840690D99C0
:10A24000C96A884209D3FFE70A98406904300D992A
:10A25000096B013188421BD9FFE70A9840690D99C3
:10A26000D1F8A41088420CD3FFE70A984069043063
:10A270000D9AD2F8A410D2F8A8201144884207D928
:10A28000FFE70A98406918B1FFE7F4200E90C0E09C
:10A290000A988069011D884224D2FFE70A988069E4
:10A2A0000D99C96A884209D3FFE70A98806904308A
:10A2B0000D99096B013188421BD9FFE70A98806923
:10A2C0000D99D1F8A41088420CD3FFE70A98806951
:10A2D00004300D9AD2F8A410D2F8A8201144884274
:10A2E00007D9FFE70A98806918B1FFE7F4200E90BC
:10A2F0008FE00A98C069011D884224D2FFE70A98BE
:10A30000C0690D99C96A884209D3FFE70A98C069F4
:10A3100004300D99096B013188421BD9FFE70A9877
:10A32000C0690D99D1F8A41088420CD3FFE70A98B0
:10A33000C06904300D9AD2F8A410D2F8A8201144B4
:10A34000884207D9FFE70A98C06918B1FFE7F420EF
:10A350000E905EE00A98006A011D884224D2FFE751
:10A360000A98006A0D99C96A884209D3FFE70A98DA
:10A37000006A04300D99096B013188421BD9FFE74F
:10A380000A98006A0D99D1F8A41088420CD3FFE70F
:10A390000A98006A04300D9AD2F8A410D2F8A820C6
:10A3A0001144884207D9FFE70A98006A18B1FFE70D
:10A3B000F4200E902DE0FFE70C980B99DDF828E0D3
:10A3C000CDF820E0DEF80020DEF80430DEF808C02A
:10A3D000DEF80C40DEF81050DEF81460DEF818707D
:10A3E000DEF81C80DEF82090EE46CEF81890CEF80D
:10A3F0001480CEF81070CEF80C60CEF80850CEF86D
:10A400000440CEF800C0F1F7BFFF099009980E9004
:10A41000FFE70E980FB0BDE8F083000000000000D9
:10A420002DE9F0438FB00D900C910B920A930D988B
:10A43000007B8007002840F13A82FFE70C98011D5D
:10A44000884220D2FFE70C980D99C96A884208D348
:10A45000FFE70C9804300D99096B0131884218D937
:10A46000FFE70C980D99D1F8A41088420BD3FFE7B1
:10A470000C9804300D9AD2F8A410D2F8A8201144F8
:10A48000884206D9FFE70C9818B1FFE7F4200E9038
:10A490003AE20B98011D884220D2FFE70B980D99F4
:10A4A000C96A884208D3FFE70B9804300D99096BFD
:10A4B0000131884218D9FFE70B980D99D1F8A41003
:10A4C00088420BD3FFE70B9804300D9AD2F8A41002
:10A4D000D2F8A8201144884206D9FFE70B9818B19A
:10A4E000FFE7F4200E900FE20A9800F12401884261
:10A4F00020D2FFE70A980D99C96A884208D3FFE77E
:10A500000A9824300D99096B0131884215D9FFE76B
:10A510000A980D99D1F8A41088420BD3FFE70A9846
:10A5200024300D9AD2F8A410D2F8A8201144884201
:10A5300003D9FFE7F4200E90E6E10A980068011DB8
:10A54000884224D2FFE70A9800680D99C96A8842B8
:10A5500009D3FFE70A98006804300D99096B0131AF
:10A5600088421BD9FFE70A9800680D99D1F8A4101A
:10A5700088420CD3FFE70A98006804300D9AD2F89D
:10A58000A410D2F8A8201144884207D9FFE70A98FE
:10A59000006818B1FFE7F4200E90B5E10A98406812
:10A5A000011D884224D2FFE70A9840680D99C96AC4
:10A5B000884209D3FFE70A98406804300D99096B77
:10A5C000013188421BD9FFE70A9840680D99D1F8FC
:10A5D000A41088420CD3FFE70A98406804300D9A13
:10A5E000D2F8A410D2F8A8201144884207D9FFE776
:10A5F0000A98406818B1FFE7F4200E9084E10A98A9
:10A600008068011D884224D2FFE70A9880680D996E
:10A61000C96A884209D3FFE70A98806804300D9917
:10A62000096B013188421BD9FFE70A9880680D99B0
:10A63000D1F8A41088420CD3FFE70A988068043050
:10A640000D9AD2F8A410D2F8A8201144884207D954
:10A65000FFE70A98806818B1FFE7F4200E9053E1F5
:10A660000A98C068011D884224D2FFE70A98C06892
:10A670000D99C96A884209D3FFE70A98C068043077
:10A680000D99096B013188421BD9FFE70A98C06810
:10A690000D99D1F8A41088420CD3FFE70A98C0683E
:10A6A00004300D9AD2F8A410D2F8A82011448842A0
:10A6B00007D9FFE70A98C06818B1FFE7F4200E90A9
:10A6C00022E10A980069011D884224D2FFE70A9816
:10A6D00000690D99C96A884209D3FFE70A980069A1
:10A6E00004300D99096B013188421BD9FFE70A98A4
:10A6F00000690D99D1F8A41088420CD3FFE70A989D
:10A70000006904300D9AD2F8A410D2F8A8201144A0
:10A71000884207D9FFE70A98006918B1FFE7F420DB
:10A720000E90F1E00A984069011D884224D2FFE7AB
:10A730000A9840690D99C96A884209D3FFE70A98C7
:10A74000406904300D99096B013188421BD9FFE73C
:10A750000A9840690D99D1F8A41088420CD3FFE7FC
:10A760000A98406904300D9AD2F8A410D2F8A820B3
:10A770001144884207D9FFE70A98406918B1FFE7FA
:10A78000F4200E90C0E00A988069011D884224D20E
:10A79000FFE70A9880690D99C96A884209D3FFE7E3
:10A7A0000A98806904300D99096B013188421BD9E0
:10A7B000FFE70A9880690D99D1F8A41088420CD35C
:10A7C000FFE70A98806904300D9AD2F8A410D2F8F5
:10A7D000A8201144884207D9FFE70A98806918B178
:10A7E000FFE7F4200E908FE00A98C069011D8842AF
:10A7F00024D2FFE70A98C0690D99C96A884209D333
:10A80000FFE70A98C06904300D99096B013188424D
:10A810001BD9FFE70A98C0690D99D1F8A4108842A6
:10A820000CD3FFE70A98C06904300D9AD2F8A4103F
:10A83000D2F8A8201144884207D9FFE70A98C069D6
:10A8400018B1FFE7F4200E905EE00A98006A011D3F
:10A85000884224D2FFE70A98006A0D99C96A8842A3
:10A8600009D3FFE70A98006A04300D99096B01319A
:10A8700088421BD9FFE70A98006A0D99D1F8A41005
:10A8800088420CD3FFE70A98006A04300D9AD2F888
:10A89000A410D2F8A8201144884207D9FFE70A98EB
:10A8A000006A18B1FFE7F4200E902DE0FFE70C9846
:10A8B0000B99DDF828E0CDF820E0DEF80020DEF886
:10A8C0000430DEF808C0DEF80C40DEF81050DEF888
:10A8D0001460DEF81870DEF81C80DEF82090EE467A
:10A8E000CEF81890CEF81480CEF81070CEF80C6028
:10A8F000CEF80850CEF80440CEF800C0F1F7ACFD19
:10A90000099009980E90FFE70E980FB0BDE8F0830C
:10A9100080B586B004900391029201930498007B65
:10A92000800700286CD5FFE7039800F1E801884212
:10A9300020D2FFE703980499C96A884208D3FFE749
:10A940000398E8300499096B0131884226D9FFE762
:10A9500003980499D1F8A41088420BD3FFE7039819
:10A96000E830049AD2F8A410D2F8A8201144884202
:10A9700014D9FFE7039800F1E801884214D2FFE7F9
:10A9800003980499896988420ED3FFE70398E83059
:10A990000499C9690131884206D8FFE7039818B1C4
:10A9A000FFE7F420059034E00198011D884220D291
:10A9B000FFE701980499C96A884208D3FFE7019824
:10A9C00004300499096B0131884218D9FFE70198D6
:10A9D0000499D1F8A41088420BD3FFE70198043002
:10A9E000049AD2F8A410D2F8A8201144884206D9BB
:10A9F000FFE7019818B1FFE7F420059009E0FFE7B1
:10AA000003980299019AF5F7B7FF00900098059016
:10AA1000FFE7059806B080BD80B586B0049003912D
:10AA2000029201930498007B800700286CD5FFE711
:10AA3000039800F1E801884220D2FFE703980499C7
:10AA4000C96A884208D3FFE70398E8300499096B84
:10AA50000131884226D9FFE703980499D1F8A41060
:10AA600088420BD3FFE70398E830049AD2F8A41089
:10AA7000D2F8A8201144884214D9FFE7039800F1C6
:10AA8000E801884214D2FFE7039804998969884253
:10AA90000ED3FFE70398E8300499C9690131884271
:10AAA00006D8FFE7039818B1FFE7F420059034E0DB
:10AAB0000198011D884220D2FFE701980499C96AD4
:10AAC000884208D3FFE7019804300499096B0131EB
:10AAD000884218D9FFE701980499D1F8A410884258
:10AAE0000BD3FFE701980430049AD2F8A410D2F8EF
:10AAF000A8201144884206D9FFE7019818B1FFE762
:10AB0000F420059009E0FFE703980299019AF5F710
:10AB100077FF009000980590FFE7059806B080BD8C
:10AB200080B584B00390029101920093F5F7ACFFD9
:10AB3000002004B080BD000080B584B00290019177
:10AB40000298007B8007002841D5FFE7019800F1BB
:10AB5000E801884220D2FFE701980299C96A884239
:10AB600008D3FFE70198E8300299096B0131884268
:10AB700026D9FFE701980299D1F8A41088420BD397
:10AB8000FFE70198E830029AD2F8A410D2F8A82082
:10AB90001144884214D9FFE7019800F1E801884286
:10ABA00014D2FFE701980299896988420ED3FFE722
:10ABB0000198E8300299C9690131884206D8FFE757
:10ABC000019818B1FFE7F420039007E0FFE7019830
:10ABD000F9F7DAF8009000980390FFE7039804B0C3
:10ABE00080BD00000000000080B584B0029001919B
:10ABF0000298007B8007002841D5FFE7019800F10B
:10AC0000E801884220D2FFE701980299C96A884288
:10AC100008D3FFE70198E8300299096B01318842B7
:10AC200026D9FFE701980299D1F8A41088420BD3E6
:10AC3000FFE70198E830029AD2F8A410D2F8A820D1
:10AC40001144884214D9FFE7019800F1E8018842D5
:10AC500014D2FFE701980299896988420ED3FFE771
:10AC60000198E8300299C9690131884206D8FFE7A6
:10AC7000019818B1FFE7F420039007E0FFE701987F
:10AC8000F5F722FF009000980390FFE7039804B0C7
:10AC900080BD00000000000080B584B003900291E8
:10ACA0000298F1F7BDFF0190019804B080BD00004B
:10ACB00080B584B0029001910298007BC00718B162
:10ACC000FFE7F320039006E00198F2F7D1F8009037
:10ACD00000980390FFE7039804B080BD00000000D7
:10ACE00080B584B0029001910298007B8007002813
:10ACF00041D5FFE7019800F1E801884220D2FFE743
:10AD000001980299C96A884208D3FFE70198E830A0
:10AD10000299096B0131884226D9FFE7019802990F
:10AD2000D1F8A41088420BD3FFE70198E830029ACB
:10AD3000D2F8A410D2F8A8201144884214D9FFE711
:10AD4000019800F1E801884214D2FFE701980299C6
:10AD5000896988420ED3FFE70198E8300299C969F2
:10AD60000131884206D8FFE7019818B1FFE7F420C7
:10AD7000039007E0FFE70198F5F7C6FE0090009802
:10AD80000390FFE7039804B080BD000000000000BE
:10AD900080B588B0049003910498007B8007002858
:10ADA0004DD5FFE7039844F64431C2F200410968EB
:10ADB000884203D0FFE7F420059063E0039800F198
:10ADC000E801884220D2FFE703980499C96A8842C3
:10ADD00008D3FFE70398E8300499096B01318842F2
:10ADE00026D9FFE703980499D1F8A41088420BD321
:10ADF000FFE70398E830049AD2F8A410D2F8A8200C
:10AE00001144884214D9FFE7039800F1E801884211
:10AE100014D2FFE703980499896988420ED3FFE7AB
:10AE20000398E8300499C9690131884206D8FFE7E0
:10AE3000039818B1FFE7F420059023E0FFE703989B
:10AE40000190EFF31080069072B606980290019977
:10AE50000120086301998863019900200090C8646B
:10AE600044F65431C2F2004108680130086002988B
:10AE70000790079880F310880398F2F799FB0098E1
:10AE80000590FFE7059808B080BD000000000000B5
:10AE900080B584B0029001910298007B8007002861
:10AEA00041D5FFE7019800F1E801884220D2FFE791
:10AEB00001980299C96A884208D3FFE70198E830EF
:10AEC0000299096B0131884226D9FFE7019802995E
:10AED000D1F8A41088420BD3FFE70198E830029A1A
:10AEE000D2F8A410D2F8A8201144884214D9FFE760
:10AEF000019800F1E801884214D2FFE70198029915
:10AF0000896988420ED3FFE70198E8300299C96940
:10AF10000131884206D8FFE7019818B1FFE7F42015
:10AF2000039007E0FFE70198F5F70EFE0090009808
:10AF30000390FFE7039804B080BD0000000000000C
:10AF400080B586B004900391029201930498007B2F
:10AF5000800700286CD5FFE7039800F1E8018842DC
:10AF600020D2FFE703980499C96A884208D3FFE713
:10AF70000398E8300499096B0131884226D9FFE72C
:10AF800003980499D1F8A41088420BD3FFE70398E3
:10AF9000E830049AD2F8A410D2F8A82011448842CC
:10AFA00014D9FFE7039800F1E801884214D2FFE7C3
:10AFB00003980499896988420ED3FFE70398E83023
:10AFC0000499C9690131884206D8FFE7039818B18E
:10AFD000FFE7F420059034E00198011D884220D25B
:10AFE000FFE701980499C96A884208D3FFE70198EE
:10AFF00004300499096B0131884218D9FFE70198A0
:10B000000499D1F8A41088420BD3FFE701980430CB
:10B01000049AD2F8A410D2F8A8201144884206D984
:10B02000FFE7019818B1FFE7F420059009E0FFE77A
:10B0300003980299019AF5F7B7FD009000980590E2
:10B04000FFE7059806B080BD80B584B002900191FD
:10B050000298007B8007002841D5FFE7019800F1A6
:10B06000E801884220D2FFE701980299C96A884224
:10B0700008D3FFE70198E8300299096B0131884253
:10B0800026D9FFE701980299D1F8A41088420BD382
:10B09000FFE70198E830029AD2F8A410D2F8A8206D
:10B0A0001144884214D9FFE7019800F1E801884271
:10B0B00014D2FFE701980299896988420ED3FFE70D
:10B0C0000198E8300299C9690131884206D8FFE742
:10B0D000019818B1FFE7F420039007E0FFE701981B
:10B0E000F5F79EFD009000980390FFE7039804B0E9
:10B0F00080BD00000000000080B586B0059004917E
:10B1000003920293F2F7ACFF0190019806B080BD64
:10B1100080B582B0019000910098F2F7B9FF00204D
:10B1200002B080BD0000000080B584B002900191A3
:10B130000298007B8007002841D5FFE7019800F1C5
:10B140003401884220D2FFE701980299C96A8842F7
:10B1500008D3FFE7019834300299096B0131884226
:10B1600026D9FFE701980299D1F8A41088420BD3A1
:10B17000FFE701983430029AD2F8A410D2F8A82040
:10B180001144884214D9FFE7019800F13401884244
:10B1900014D2FFE701980299896988420ED3FFE72C
:10B1A000019834300299C9690131884206D8FFE715
:10B1B000019818B1FFE7F420039007E0FFE701983A
:10B1C000F5F74EFD009000980390FFE7039804B058
:10B1D00080BD00000000000080B586B0049003919F
:10B1E000029201930498007B8007002841D5FFE775
:10B1F000039800F13401884220D2FFE703980499B4
:10B20000C96A884208D3FFE7039834300499096B70
:10B210000131884226D9FFE703980499D1F8A41098
:10B2200088420BD3FFE703983430049AD2F8A41075
:10B23000D2F8A8201144884214D9FFE7039800F1FE
:10B240003401884214D2FFE703980499896988423F
:10B250000ED3FFE7039834300499C969013188425D
:10B2600006D8FFE7039818B1FFE7F420059009E03E
:10B27000FFE703980299019AF5F712FD00900098F4
:10B280000590FFE7059806B080BD000000000000B3
:10B2900070B58CB00A900991089207930A98007BC8
:10B2A0008007002840F19980FFE745F28820C2F22C
:10B2B00000400068012822D1FFE7099800F134011D
:10B2C00088421CD2FFE7099845F25421C2F200419E
:10B2D00089691031884212D3FFE70998343045F26A
:10B2E0005422C2F200429169D2691144884206D8C0
:10B2F000FFE709983421F7F707FD30B1FFE7099818
:10B3000018B1FFE7F4200B90A4E00898411C884294
:10B3100020D2FFE708980A99C96A884208D3FFE754
:10B32000089801300A99096B013188422BD9FFE74F
:10B3300008980A99D1F8A41088420BD3FFE708981F
:10B3400001300A9AD2F8A410D2F8A82011448842F9
:10B3500019D9FFE70898411C88420ED2FFE70898E8
:10B360000A998969884208D3FFE7089801300A9949
:10B37000C9690131884206D9FFE7089818B1FFE78B
:10B38000F4200B9066E0079800F11801884220D263
:10B39000FFE707980A99C96A884208D3FFE7079828
:10B3A00018300A99096B0131884215D9FFE70798CF
:10B3B0000A99D1F8A41088420BD3FFE707981830F8
:10B3C0000A9AD2F8A410D2F8A8201144884203D9CE
:10B3D000FFE7F4200B903DE0FFE70798006818B9FD
:10B3E000FFE70020049005E043F65160C0F601003D
:10B3F0000490FFE709980899049ADDF81CE0DEF84C
:10B400000430DEF808C0DEF80C40DEF81050DEF83C
:10B410001460EE46CEF80C60CEF80850CEF804402A
:10B42000CEF800C0F5F778FC0690069878B9FFE7EB
:10B43000099805900798006840B1FFE70A980599B8
:10B44000C8620798006805990863FFE7FFE7069858
:10B450000B90FFE70B980CB070BD000000000000DF
:10B4600080B584B0029001910298007B800700288B
:10B4700041D5FFE7019800F13401884220D2FFE76F
:10B4800001980299C96A884208D3FFE701983430CD
:10B490000299096B0131884226D9FFE70198029988
:10B4A000D1F8A41088420BD3FFE701983430029AF8
:10B4B000D2F8A410D2F8A8201144884214D9FFE78A
:10B4C000019800F13401884214D2FFE701980299F3
:10B4D000896988420ED3FFE7019834300299C9691F
:10B4E0000131884206D8FFE7019818B1FFE7F42040
:10B4F000039007E0FFE70198F5F7DEFC0090009865
:10B500000390FFE7039804B080BD00000000000036
:10B5100080B584B0029001910298007B80070028DA
:10B5200041D5FFE7019800F13401884220D2FFE7BE
:10B5300001980299C96A884208D3FFE7019834301C
:10B540000299096B0131884226D9FFE701980299D7
:10B55000D1F8A41088420BD3FFE701983430029A47
:10B56000D2F8A410D2F8A8201144884214D9FFE7D9
:10B57000019800F13401884214D2FFE70198029942
:10B58000896988420ED3FFE7019834300299C9696E
:10B590000131884206D8FFE7019818B1FFE7F4208F
:10B5A00003900FE0FFE70198F5F7A6FC00900098E4
:10B5B00028B9FFE70198F7F717F90090FFE700981F
:10B5C0000390FFE7039804B080BD00000000000076
:10B5D00010B588B006900591049203930698007BFD
:10B5E0008007002840F15A81FFE7059800F13401F7
:10B5F000884220D2FFE705980699C96A884208D395
:10B60000FFE7059834300699096B0131884226D945
:10B61000FFE705980699D1F8A41088420BD3FFE7FD
:10B6200005983430069AD2F8A410D2F8A820114414
:10B63000884214D9FFE7059800F13401884214D2FA
:10B64000FFE705980699896988420ED3FFE70598B8
:10B6500034300699C9690131884206D8FFE7059858
:10B6600018B1FFE7F42007902FE10498011D8842EC
:10B6700020D2FFE704980699C96A884208D3FFE7F9
:10B68000049804300699096B0131884218D9FFE704
:10B6900004980699D1F8A41088420BD3FFE70498C8
:10B6A0000430069AD2F8A410D2F8A8201144884297
:10B6B00006D9FFE7049818B1FFE7F420079004E1EA
:10B6C000039800F11001884220D2FFE70398069901
:10B6D000C96A884208D3FFE7039810300699096BBE
:10B6E0000131884215D9FFE703980699D1F8A410D3
:10B6F00088420BD3FFE703981030069AD2F8A410C3
:10B70000D2F8A8201144884203D9FFE7F42007901B
:10B71000DBE003980068011D884224D2FFE703980C
:10B7200000680699C96A884209D3FFE70398006850
:10B7300004300699096B013188421BD9FFE7039851
:10B7400000680699D1F8A41088420CD3FFE703984B
:10B7500000680430069AD2F8A410D2F8A820114448
:10B76000884207D9FFE70398006818B1FFE7F42083
:10B770000790AAE003984068011D884224D2FFE7A1
:10B78000039840680699C96A884209D3FFE703987D
:10B79000406804300699096B013188421BD9FFE7E4
:10B7A000039840680699D1F8A41088420CD3FFE7AB
:10B7B000039840680430069AD2F8A410D2F8A82062
:10B7C0001144884207D9FFE70398406818B1FFE7A2
:10B7D000F420079079E003988068011D884224D204
:10B7E000FFE7039880680699C96A884209D3FFE792
:10B7F0000398806804300699096B013188421BD98F
:10B80000FFE7039880680699D1F8A41088420CD30A
:10B81000FFE7039880680430069AD2F8A410D2F8A3
:10B82000A8201144884207D9FFE70398806818B11F
:10B83000FFE7F420079048E00398C068011D8842A4
:10B8400024D2FFE70398C0680699C96A884209D3E1
:10B85000FFE70398C06804300699096B01318842FC
:10B860001BD9FFE70398C0680699D1F8A410884255
:10B870000CD3FFE70398C0680430069AD2F8A410EE
:10B88000D2F8A8201144884207D9FFE70398C0687E
:10B8900018B1FFE7F420079017E0FFE70598049937
:10B8A000DDF80CE0DEF80020DEF80430DEF808C039
:10B8B000DEF80C40EE46CEF80440CEF800C0F5F7B6
:10B8C00063FB029002980790FFE7079808B010BD4D
:10B8D00010B588B006900591049203930698007BFA
:10B8E0008007002840F15A81FFE7059800F13401F4
:10B8F000884220D2FFE705980699C96A884208D392
:10B90000FFE7059834300699096B0131884226D942
:10B91000FFE705980699D1F8A41088420BD3FFE7FA
:10B9200005983430069AD2F8A410D2F8A820114411
:10B93000884214D9FFE7059800F13401884214D2F7
:10B94000FFE705980699896988420ED3FFE70598B5
:10B9500034300699C9690131884206D8FFE7059855
:10B9600018B1FFE7F42007902FE10498011D8842E9
:10B9700020D2FFE704980699C96A884208D3FFE7F6
:10B98000049804300699096B0131884218D9FFE701
:10B9900004980699D1F8A41088420BD3FFE70498C5
:10B9A0000430069AD2F8A410D2F8A8201144884294
:10B9B00006D9FFE7049818B1FFE7F420079004E1E7
:10B9C000039800F11001884220D2FFE703980699FE
:10B9D000C96A884208D3FFE7039810300699096BBB
:10B9E0000131884215D9FFE703980699D1F8A410D0
:10B9F00088420BD3FFE703981030069AD2F8A410C0
:10BA0000D2F8A8201144884203D9FFE7F420079018
:10BA1000DBE003980068011D884224D2FFE7039809
:10BA200000680699C96A884209D3FFE7039800684D
:10BA300004300699096B013188421BD9FFE703984E
:10BA400000680699D1F8A41088420CD3FFE7039848
:10BA500000680430069AD2F8A410D2F8A820114445
:10BA6000884207D9FFE70398006818B1FFE7F42080
:10BA70000790AAE003984068011D884224D2FFE79E
:10BA8000039840680699C96A884209D3FFE703987A
:10BA9000406804300699096B013188421BD9FFE7E1
:10BAA000039840680699D1F8A41088420CD3FFE7A8
:10BAB000039840680430069AD2F8A410D2F8A8205F
:10BAC0001144884207D9FFE70398406818B1FFE79F
:10BAD000F420079079E003988068011D884224D201
:10BAE000FFE7039880680699C96A884209D3FFE78F
:10BAF0000398806804300699096B013188421BD98C
:10BB0000FFE7039880680699D1F8A41088420CD307
:10BB1000FFE7039880680430069AD2F8A410D2F8A0
:10BB2000A8201144884207D9FFE70398806818B11C
:10BB3000FFE7F420079048E00398C068011D8842A1
:10BB400024D2FFE70398C0680699C96A884209D3DE
:10BB5000FFE70398C06804300699096B01318842F9
:10BB60001BD9FFE70398C0680699D1F8A410884252
:10BB70000CD3FFE70398C0680430069AD2F8A410EB
:10BB8000D2F8A8201144884207D9FFE70398C0687B
:10BB900018B1FFE7F420079017E0FFE70598049934
:10BBA000DDF80CE0DEF80020DEF80430DEF808C036
:10BBB000DEF80C40EE46CEF80440CEF800C0F2F7B6
:10BBC000B7FD029002980790FFE7079808B010BDF4
:10BBD00080B588B006900591049203930698007B87
:10BBE0008007002840F11481FFE70598011D884275
:10BBF00020D2FFE705980699C96A884208D3FFE773
:10BC0000059804300699096B0131884218D9FFE77D
:10BC100005980699D1F8A41088420BD3FFE7059840
:10BC20000430069AD2F8A410D2F8A8201144884211
:10BC300006D9FFE7059818B1FFE7F4200790FAE06E
:10BC40000498011D884220D2FFE704980699C96A2A
:10BC5000884208D3FFE7049804300699096B013144
:10BC6000884218D9FFE704980699D1F8A4108842B1
:10BC70000BD3FFE704980430069AD2F8A410D2F848
:10BC8000A8201144884206D9FFE7049818B1FFE7BD
:10BC9000F4200790CFE0039800F10C01884220D2F5
:10BCA000FFE703980699C96A884208D3FFE703981B
:10BCB0000C300699096B0131884215D9FFE70398CA
:10BCC0000699D1F8A41088420BD3FFE703980C30F3
:10BCD000069AD2F8A410D2F8A8201144884203D9B9
:10BCE000FFE7F4200790A6E003980068011D884252
:10BCF00024D2FFE7039800680699C96A884209D3ED
:10BD0000FFE70398006804300699096B0131884207
:10BD10001BD9FFE7039800680699D1F8A410884260
:10BD20000CD3FFE7039800680430069AD2F8A410F9
:10BD3000D2F8A8201144884207D9FFE70398006889
:10BD400018B1FFE7F420079075E003984068011DE3
:10BD5000884224D2FFE7039840680699C96A88425E
:10BD600009D3FFE70398406804300699096B013155
:10BD700088421BD9FFE7039840680699D1F8A410C0
:10BD800088420CD3FFE7039840680430069AD2F843
:10BD9000A410D2F8A8201144884207D9FFE70398DD
:10BDA000406818B1FFE7F420079044E003988068EA
:10BDB000011D884224D2FFE7039880680699C96A6A
:10BDC000884209D3FFE70398806804300699096B1D
:10BDD000013188421BD9FFE7039880680699D1F8A2
:10BDE000A41088420CD3FFE7039880680430069AB9
:10BDF000D2F8A410D2F8A8201144884207D9FFE74E
:10BE00000398806818B1FFE7F420079013E0FFE77C
:10BE100005980499DDF80CC0DCF80020DCF804304B
:10BE2000DCF808C0EE46CEF800C0F2F7B9FC02908C
:10BE300002980790FFE7079808B080BD0000000057
:10BE400080B584B0039002910298F2F781FE0190D0
:10BE5000019804B080BD000080B586B004900391C5
:10BE6000029201930498007BC00718B1FFE7F3200A
:10BE7000059005E0F2F77CFE009000980590FFE742
:10BE8000059806B080BD000080B586B0049003918F
:10BE9000029201930498007BC00718B1FFE7F320DA
:10BEA000059008E003980299019AF2F765FE009068
:10BEB00000980590FFE7059806B080BD00000000DF
:10BEC00080B584B0039002910298F2F775FE01905C
:10BED000019804B080BD000080B584B00390029149
:10BEE0000298F2F779FE0190019804B080BD00003D
:10BEF00080B584B0029001910298007BC00718B110
:10BF0000FFE7F320039006E00198F2F775FE00903A
:10BF100000980390FFE7039804B080BD0000000084
:10BF200080B584B0029001910298007BC00718B1DF
:10BF3000FFE7F320039005E00198F2F769FE002087
:10BF40000390FFE7039804B080BD000000000000EC
:10BF500080B584B0029001910298007BC00718B1AF
:10BF6000FFE7F320039005E00198F2F765FE00205B
:10BF70000390FFE7039804B080BD000000000000BC
:10BF800080B588B006900591049203930698007BD3
:10BF9000800700282AD5FFE7039800F10C018842AA
:10BFA00020D2FFE703980699C96A884208D3FFE7C1
:10BFB00003980C300699096B0131884215D9FFE7C7
:10BFC00003980699D1F8A41088420BD3FFE7039891
:10BFD0000C30069AD2F8A410D2F8A8201144884256
:10BFE00003D9FFE7F420079013E0FFE705980499D1
:10BFF000DDF80CC0DCF80020DCF80430DCF808C008
:10C00000EE46CEF800C0F2F72BFE029002980790A1
:10C01000FFE7079808B080BD80B586B00490039113
:10C0200002920498007B800700282CD5FFE7039834
:10C03000011D884220D2FFE703980499C96A88420B
:10C0400008D3FFE7039804300499096B0131884253
:10C0500018D9FFE703980499D1F8A41088420BD3AC
:10C06000FFE703980430049AD2F8A410D2F8A8206D
:10C070001144884206D9FFE7039818B1FFE7F4207E
:10C08000059009E0FFE703980299049AF6F73CFB54
:10C09000019001980590FFE7059806B080BD00006B
:10C0A00080B588B0069005910698007B800700282F
:10C0B0002FD5FFE745F28820C2F200400068012832
:10C0C00026D1FFE705981038039045F25421C2F2BB
:10C0D00000418869CA6910440190039889698842BF
:10C0E00005D3FFE703980199884203D3FFE7F420C3
:10C0F000079015E00398C168084410300290029838
:10C100000199884203D3FFE7F420079008E0FFE796
:10C11000FFE70598F6F768FB049004980790FFE79F
:10C12000079808B080BD000080B586B004900391E8
:10C13000029201930498007B800700286AD5FFE7EC
:10C140000298411C884220D2FFE702980499C96AEC
:10C15000884208D3FFE7029801300499096B013146
:10C1600088422BD9FFE702980499D1F8A41088429D
:10C170000BD3FFE702980130049AD2F8A410D2F84A
:10C18000A8201144884219D9FFE70298411C88422F
:10C190000ED2FFE7029804998969884208D3FFE725
:10C1A000029801300499C9690131884206D9FFE734
:10C1B000029818B1FFE7F420059034E00198011DC2
:10C1C000884220D2FFE701980499C96A884208D3BF
:10C1D000FFE7019804300499096B0131884218D9AE
:10C1E000FFE701980499D1F8A41088420BD3FFE728
:10C1F00001980430049AD2F8A410D2F8A82011446F
:10C20000884206D9FFE7019818B1FFE7F4200590AE
:10C2100009E0FFE703980299019AF6F789FB00907D
:10C2200000980590FFE7059806B080BD000000006B
:10C2300080B586B004900391029201930498007B2C
:10C240008007002840F19A80FFE70298411C88424D
:10C2500020D2FFE702980499C96A884208D3FFE711
:10C26000029801300499096B013188422BD9FFE70C
:10C2700002980499D1F8A41088420BD3FFE70298E2
:10C280000130049AD2F8A410D2F8A82011448842B0
:10C2900019D9FFE70298411C88420ED2FFE70298A5
:10C2A00004998969884208D3FFE70298013004990C
:10C2B000C9690131884206D9FFE7029818B1FFE742
:10C2C000F420059065E0019800F10801884220D231
:10C2D000FFE701980499C96A884208D3FFE70198EB
:10C2E00008300499096B0131884215D9FFE701989C
:10C2F0000499D1F8A41088420BD3FFE701980830C5
:10C30000049AD2F8A410D2F8A8201144884203D984
:10C31000FFE7F42005903CE001984068011D884249
:10C3200024D2FFE7019840680499C96A884209D37A
:10C33000FFE70198406804300499096B0131884295
:10C340001BD9FFE7019840680499D1F8A4108842EE
:10C350000CD3FFE7019840680430049AD2F8A41087
:10C36000D2F8A8201144884207D9FFE70198406815
:10C3700018B1FFE7F42005900BE0FFE7039802995E
:10C38000019B1A685B68F6F7E3FA00900098059045
:10C39000FFE7059806B080BD80B58AB0049040F2F2
:10C3A0000C00C2F200400068EFF305810691069987
:10C3B000084398B1FFE740F20C00C2F20040006869
:10C3C000EFF305810791079908430009B0F10F3F8A
:10C3D00003D2FFE7132005909AE0FFE745F294208F
:10C3E000C2F200400068012803D0FFE71D2005903D
:10C3F0008EE0049818B9FFE70320059088E045F225
:10C400002020C2F200404FF0FF31EDF711FB0498FD
:10C41000006844F25541C4F64F51884209D0FFE705
:10C4200045F22020C2F20040EDF77AFE032005908D
:10C430006EE00498806801280ED0FFE704988068B9
:10C44000042809D0FFE745F22020C2F20040EDF7B2
:10C4500067FE202005905BE00498406A00900098F9
:10C46000ECF7C2FA0498006938B1FFE70498006954
:10C4700000900098ECF7B8FAFFE7EFF3108008900F
:10C4800072B608980390049900200860049905206A
:10C49000886045F29821C2F20041086801380860BE
:10C4A00038B9FFE745F2C011C2F200410020086030
:10C4B00020E00498D0F8800402900498D0F8840416
:10C4C000019001980299C1F8840402980199C1F879
:10C4D000800445F2C010C2F200400068049988420E
:10C4E00007D1FFE7029845F2C011C2F2004108608F
:10C4F000FFE7FFE703980990099880F3108845F259
:10C500002020C2F20040EDF70BFE00200590FFE76F
:10C5100005980AB080BD000080B58AB008900791E8
:10C5200006920898806B05900598C043032803D8AD
:10C53000FFE7F82009902BE0059804300590FFE70D
:10C540000598013820F00300059004200490012094
:10C550000390029008986A4602A9116005A904AAEE
:10C5600003ABF4F741FD0598C0430499884203D218
:10C57000FFE7F82009900BE0059804990844069914
:10C580000860FFE704980799086000200990FFE71A
:10C5900009980AB080BD000082B00090009818B9D8
:10C5A000FFE70020019023E00098202803D8FFE750
:10C5B000202001901CE0009801380090009840EA8B
:10C5C00050000090009840EA90000090009840EAE7
:10C5D00010100090009840EA10200090009840EA67
:10C5E0001040009000980130009000980190FFE703
:10C5F000019802B07047000080B588B00790ADF890
:10C600001A10079800F054FC0120029000200390BB
:10C6100003200490BDF81A000190079801A9E4F7DF
:10C6200023FF08B080BD000080B588B00790ADF84A
:10C630001A100592079800F03BFC059800F050FD99
:10C64000022001900120029003200390059800F041
:10C65000AFF80490BDF81A00009007986946E4F717
:10C6600003FF08B080BD000080B582B08DF80700E0
:10C670009DF807104EF65040C2F2044000EB011046
:10C6800000909DF80700E8F79BFC002863D0FFE7C7
:10C6900000980079042804DCFFE700990520087160
:10C6A00058E000980079092805DCFFE7009908792F
:10C6B000013008714DE00098807A60B9FFE7009979
:10C6C000012088729DF8070000EB40000130C0B2E5
:10C6D00000F0D2FBFFE700980089012838DBFFE774
:10C6E0000099C8880989884214DAFFE70099C88848
:10C6F0000130C88080B200990989884209D1FFE7DA
:10C700009DF8070000EB40000330C0B200F0B4FB1E
:10C71000FFE71CE00098C07A012817DBFFE70099CB
:10C72000087B01300873C0B20099C97A88420CDBDB
:10C73000FFE70099002008739DF8070000EB400018
:10C740000130C0B200F098FBFFE7FFE7FFE7FFE72B
:10C75000FFE7FFE72AE000980079062804DBFFE7FF
:10C760000099052008711BE00098007928B1FFE7C7
:10C77000009908790138087111E00098807A012841
:10C780000CD1FFE70099002088729DF8070000EBAC
:10C7900040000230C0B200F06FFBFFE7FFE7FFE7A9
:10C7A00000990020C88000990873FFE702B080BD9F
:10C7B00080B582B0019000208DF80300019800211F
:10C7C000C4F20101884204D1FFE701208DF8030083
:10C7D00093E00198B0F1804F04D1FFE701208DF87C
:10C7E000030089E0019840F20041C4F20001884250
:10C7F00004D1FFE702208DF803007CE0019840F6A9
:10C800000001C4F20001884204D1FFE702208DF844
:10C8100003006FE0019840F60041C4F20001884235
:10C8200004D1FFE702208DF8030062E0019840F296
:10C830000041C4F20101884204D1FFE703208DF8D2
:10C84000030055E0019841F60001C4F2000188425E
:10C8500004D1FFE702208DF8030048E0019841F67B
:10C860000041C4F20001884204D1FFE709208DF89D
:10C8700003003BE0019842F20001C4F2000188424B
:10C8800004D1FFE709208DF803002EE0019844F25F
:10C890000001C4F20101884204D1FFE704208DF8B1
:10C8A000030021E0019844F20041C4F201018842F2
:10C8B00004D1FFE701208DF8030014E0019844F64D
:10C8C0000001C4F20101884204D1FFE701208DF884
:10C8D000030007E04EF60910C0F60100C321E4F79B
:10C8E0009FFCFFE7FFE7FFE7FFE7FFE7FFE7FFE763
:10C8F000FFE7FFE7FFE7FFE7FFE79DF8030002B070
:10C9000080BD00000000000081B04EF6F041C2F290
:10C910000441887AC97A884204D1FFE700208DF863
:10C9200003001AE04EF6F041C2F20441887A085C36
:10C930008DF80200887A01308872C0B20A2807DBBD
:10C94000FFE74EF6F041C2F2044100208872FFE793
:10C950009DF802008DF80300FFE79DF8030001B089
:10C96000704700000000000080B500F0D1F800F032
:10C97000EBF900F01DF800F09BF900F0A9F980BD7B
:10C980004EF6FC51CEF20001086840F0807008605D
:10C9900041F20401CEF200010020086041F20001E2
:10C9A000CEF20001086840F0010008607047000006
:10C9B00080B5E8F781F8E8F737F845F29C20C2F235
:10C9C000004040F614710160006841F20001C6F2B7
:10C9D0000001086080BD000080B59AB007A84C2116
:10C9E000E3F794FF4FF080400390FFE744F2E84004
:10C9F000C5F60200016841F001010160006800F025
:10CA0000010002900298FFE703980021C4F201019F
:10CA1000884220D0FFE7039840F20041C4F20101B0
:10CA2000884218D0FFE7039844F20001C4F20101E4
:10CA3000884210D0FFE7039844F20041C4F201019C
:10CA4000884208D0FFE7039844F60001C4F20101D0
:10CA5000884208D1FFE740F20400C2F200400068BB
:10CA60004008049007E040F20400C2F20040006871
:10CA700040080490FFE704984DF68361C4F21B312F
:10CA8000A0FB01014FF0FF3000EB9140ADF8160024
:10CA90000398B0F1804F08D0FFE7039840F60041BB
:10CAA000C4F20001884204D1FFE74FF0FF30069046
:10CAB00003E04FF6FF700690FFE703980790BDF87C
:10CAC0001600089006980A9000200B9009900C9090
:10CAD00080200D9007A8E7F743FC48B1FFE74EF62A
:10CAE000A700C0F6010040F23621E4F799FBFFE70A
:10CAF0001C20019000210222E4F7C6FF0198E4F710
:10CB0000B7FF07A8E7F784FC1AB080BD000000005B
:10CB100080B500F079F800F003F880BD0000000057
:10CB200080B58CB0FFE744F2E040C5F60200016832
:10CB300041F002010160006800F0020005900598D4
:10CB4000FFE7FFE744F2E040C5F60200016841F06C
:10CB500004010160006800F0040004900498FFE7FD
:10CB6000FFE744F2E040C5F60200016841F04001F1
:10CB70000160006800F0400003900398FFE7FFE7C2
:10CB800044F2E040C5F60200016841F08001016016
:10CB9000006800F0800002900298FFE7FFE744F28F
:10CBA000E040C5F60200016841F480710160006850
:10CBB00000F4807001900198FFE700200890099030
:10CBC00003210A918DF81B00FFE79DF81B00072841
:10CBD00018DCFFE79DF81B104EF2E430C0F60100B0
:10CBE00000EBC101898807919DF81B1050F83100B6
:10CBF00007A9E4F739FCFFE79DF81B0001308DF829
:10CC00001B00E2E70CB080BD80B584B04EF6F04169
:10CC1000C2F2044100208872C87208738DF80F00B8
:10CC2000FFE79DF80F00092827DCFFE79DF80F00BC
:10CC30004EF65041C2F2044101EB00126420108113
:10CC40009DF80F0001EB0012022010719DF80F00FB
:10CC500001EB0012002090729DF80F2001EB0212F0
:10CC6000D0729DF80F2001EB02110873FFE79DF8C9
:10CC70000F0001308DF80F00D3E7032064210191EC
:10CC80000622029200F09CFB0199029A042000F017
:10CC900097FB0199029A052000F092FB0199029AF4
:10CCA000104600F08DFB04B080BD000000000000C5
:10CCB00080B5012000F068F8022000F065F803203C
:10CCC00000F062F8042000F05FF880BD0000000072
:10CCD00080B582B000208DF80700FFE79DF80700BF
:10CCE000032827DCFFE79DF8070000EB40004EF625
:10CCF0000051C2F2044101EB8002002050609DF817
:10CD0000072002EB420201EB820290609DF80720AF
:10CD100002EB420201EB820250709DF8072002EB09
:10CD2000420201F82200FFE79DF8070001308DF86C
:10CD30000700D3E746F2FC21C2F20041012008704F
:10CD4000FFF74AFE02B080BD80B5EAF729FCE8F79C
:10CD500043F8E8F795FD80BD80B582B000208DF8DE
:10CD60000700FFE79DF8070009280BDCFFE79DF8A7
:10CD70000700FFF779FCFFE79DF8070001308DF809
:10CD80000700EFE702B080BD80B582B08DF80700E4
:10CD90009DF80700012806D1FFE74FF480700121BC
:10CDA000E7F73EFF23E09DF80700022806D1FFE7E2
:10CDB0004FF400700121E7F733FF17E09DF80700FB
:10CDC000032806D1FFE74FF480600121E7F728FF31
:10CDD0000BE09DF80700042806D1FFE74FF4006040
:10CDE0000121E7F71DFFFFE7FFE7FFE7FFE702B0DD
:10CDF00080BD00000000000080B582B08DF8070003
:10CE00009DF80700012804D1FFE74FF480700090DF
:10CE10001EE09DF80700022804D1FFE74FF40070E0
:10CE2000009014E09DF80700032804D1FFE74FF4B9
:10CE3000806000900AE09DF80700042804D1FFE715
:10CE40004FF40060009000E011E0FFE7FFE7FFE72C
:10CE50000098E7F7CDFE28B1FFE700980021E7F73B
:10CE6000DFFE04E000980121E7F7DAFEFFE702B0F9
:10CE700080BD00000000000081B08DF803009DF827
:10CE800003004EF6F041C2F20441CA7A8854C87ACF
:10CE90000130C872C0B20A2807DBFFE74EF6F04146
:10CEA000C2F204410020C872FFE701B070470000E1
:10CEB0008CB00B900B980021C5F60201884210D16E
:10CEC000FFE7FFE744F2E040C5F60200016841F0E9
:10CED00001010160006800F001000A900A98FFE774
:10CEE000F9E00B9840F20041C5F60201884210D1EA
:10CEF000FFE7FFE744F2E040C5F60200016841F0B9
:10CF000002010160006800F0020009900998FFE743
:10CF1000E0E00B9840F60001C5F60201884210D10E
:10CF2000FFE7FFE744F2E040C5F60200016841F088
:10CF300004010160006800F0040008900898FFE711
:10CF4000C7E00B9840F60041C5F60201884210D1B7
:10CF5000FFE7FFE744F2E040C5F60200016841F058
:10CF600008010160006800F0080007900798FFE7DB
:10CF7000AEE00B9841F20001C5F60201884210D1E3
:10CF8000FFE7FFE744F2E040C5F60200016841F028
:10CF900010010160006800F0100006900698FFE79D
:10CFA00095E00B9841F20041C5F60201884210D18C
:10CFB000FFE7FFE744F2E040C5F60200016841F0F8
:10CFC00020010160006800F0200005900598FFE74F
:10CFD0007CE00B9841F60001C5F60201884210D1B1
:10CFE000FFE7FFE744F2E040C5F60200016841F0C8
:10CFF00040010160006800F0400004900498FFE7E1
:10D0000063E00B9841F60041C5F60201884210D159
:10D01000FFE7FFE744F2E040C5F60200016841F097
:10D0200080010160006800F0800003900398FFE732
:10D030004AE00B9842F20001C5F60201884210D185
:10D04000FFE7FFE744F2E040C5F60200016841F463
:10D0500080710160006800F4807002900298FFE720
:10D0600031E00B9842F20041C5F60201884210D12E
:10D07000FFE7FFE744F2E040C5F60200016841F433
:10D0800000710160006800F4007001900198FFE7F2
:10D0900018E00B9842F60001C5F60201884210D153
:10D0A000FFE7FFE744F2E040C5F60200016841F403
:10D0B00080610160006800F4806000900098FFE7E4
:10D0C000FFE7FFE7FFE7FFE7FFE7FFE7FFE7FFE730
:10D0D000FFE7FFE7FFE70CB070470000000000002B
:10D0E00080B590B00F900F980021C4F201018842E2
:10D0F00010D1FFE7FFE744F2F040C5F602000168F7
:10D1000041F001010160006800F001000E900E98EE
:10D11000FFE749E10F98B0F1804F10D1FFE7FFE73B
:10D1200044F2E840C5F60200016841F001010160E7
:10D13000006800F001000D900D98FFE733E10F98B3
:10D1400040F20041C4F20001884210D1FFE7FFE73E
:10D1500044F2E840C5F60200016841F002010160B6
:10D16000006800F002000C900C98FFE71AE10F989D
:10D1700040F60001C4F20001884210D1FFE7FFE74A
:10D1800044F2E840C5F60200016841F00401016084
:10D19000006800F004000B900B98FFE701E10F9886
:10D1A00040F60041C4F20001884210D1FFE7FFE7DA
:10D1B00044F2E840C5F60200016841F00801016050
:10D1C000006800F008000A900A98FFE7E8E00F986E
:10D1D00041F20001C4F20001884210D1FFE7FFE7ED
:10D1E00044F2E840C5F60200016841F01001016018
:10D1F000006800F0100009900998FFE7CFE00F9851
:10D2000041F20041C4F20001884210D1FFE7FFE77C
:10D2100044F2E840C5F60200016841F020010160D7
:10D22000006800F0200008900898FFE7B6E00F982B
:10D2300040F20041C4F20101884210D1FFE7FFE74C
:10D2400044F2F040C5F60200016841F002010160BD
:10D25000006800F0020007900798FFE79DE00F9834
:10D2600041F60001C4F20001884210D1FFE7FFE758
:10D2700044F2E840C5F60200016841F04001016057
:10D28000006800F0400006900698FFE784E00F98E1
:10D2900041F60041C4F20001884210D1FFE7FFE7E8
:10D2A00044F2E840C5F60200016841F080010160E7
:10D2B000006800F0800005900598FFE76BE00F988C
:10D2C00042F20001C4F20001884210D1FFE7FFE7FB
:10D2D00044F2E840C5F60200016841F48071016043
:10D2E000006800F4807004900498FFE752E00F9803
:10D2F00044F20001C4F20101884210D1FFE7FFE7C8
:10D3000044F2F040C5F60200016841F4803101604A
:10D31000006800F4803003900398FFE739E00F982D
:10D3200044F20041C4F20101884210D1FFE7FFE757
:10D3300044F2F040C5F60200016841F4003101609A
:10D34000006800F4003002900298FFE720E00F9898
:10D3500044F60001C4F20101884210D1FFE7FFE763
:10D3600044F2F040C5F60200016841F480210160FA
:10D37000006800F4802001900198FFE707E04EF676
:10D380000910C0F601008021E3F74AFFFFE7FFE73D
:10D39000FFE7FFE7FFE7FFE7FFE7FFE7FFE7FFE75D
:10D3A000FFE7FFE7FFE7FFE710B080BD00000000E8
:10D3B00080B5FFF7D1FC80BD704700000000000081
:10D3C00082B08DF80700ADF804108DF80320BDF889
:10D3D00004109DF807204EF65040C2F2044000EBC6
:10D3E000021211819DF803109DF8072000EB021234
:10D3F000D1729DF8071000EB01110020087302B0F4
:10D40000704700000000000080B5A6B0DDF8A4C0A1
:10D41000DDF8A0C02590ADF8921023928DF88B30E6
:10D420000FA84C21E3F772FA00200E900D900C909B
:10D430000B900A90099008904EF2AC32C0F60102AF
:10D440009089ADF8100010685168926803920291BB
:10D4500001909DF88B00072809DBFFE74EF60910C5
:10D46000C0F601004FF48B71E3F7DAFEFFE729986D
:10D4700060B9FFE72598BDF89210FFF7BDF8259831
:10D48000BDF892100022E4F7D3F9E6E0299842F2C1
:10D49000107188420CD1FFE72598BDF89210FFF774
:10D4A000ABF82598BDF892100122E4F7C1F9D4E059
:10D4B000FFE72598BDF89210239AFFF7B5F8239857
:10D4C0000021C4F20101884220D0FFE7239840F2F6
:10D4D0000041C4F20101884218D0FFE7239844F2CA
:10D4E0000001C4F20101884210D0FFE7239844F202
:10D4F0000041C4F20101884208D0FFE7239844F6B6
:10D500000001C4F20101884208D1FFE740F20400A3
:10D51000C2F2004000684008059007E040F20400B5
:10D52000C2F20040006840080590FFE72898632891
:10D5300013D8FFE742F20F70ADF81C00059841F2D6
:10D540005971CDF2B711A0FB0110400B2899B0FB27
:10D55000F1F00138ADF81E0023E0289840F6B7310D
:10D56000884212D8FFE76320ADF81C00059848F206
:10D570001F51C5F2EB11A0FB011040092899B0FB27
:10D58000F1F00138ADF81E000AE00020ADF81C00F3
:10D5900005982899B0FBF1F00138ADF81E00FFE7BF
:10D5A000FFE72998BDF81E10484341F25971CDF2AA
:10D5B000B711A0FB0110400B06900FA80090E7F7F1
:10D5C0002BF8009823990F91BDF81C101091BDF80D
:10D5D0001E10129100211391119114911591E7F7EA
:10D5E00077F848B1FFE74EF60910C0F6010040F2A7
:10D5F0006B11E3F715FEFFE76020089000200A900A
:10D600000C900B900E900D90069809909DF88B1041
:10D6100001A830F811200FA808A9E6F729FF48B1A2
:10D62000FFE74EF60910C0F601004FF4BD71E3F7B5
:10D63000F7FDFFE79DF88B1001A830F811100FA837
:10D64000E7F7A2F848B1FFE74EF60910C0F601006F
:10D650004FF4C071E3F7E4FDFFE726B080BD0000A2
:10D6600080B5A8B0279026912592249301A8009018
:10D670008C21E3F74BF900982799019126990291A3
:10D68000002103910491259A05920791249A06920C
:10D69000089109910B91E7F76BF948B1FFE74EF656
:10D6A000E600C0F6010040F22631E3F7B9FDFFE7DE
:10D6B00028B080BD0000000081B000900098406854
:10D6C000A8B1FFE7009948680138486070B9FFE7E2
:10D6D00000990120487000980078012805D1FFE7E3
:10D6E0000098806800994860FFE7FFE7FFE701B016
:10D6F000704700000000000080B584B08DF80E0077
:10D7000002919DF80E00E3F7E3FC0190019820B927
:10D71000FFE700208DF80F0006E001980299E9F775
:10D72000F7FD8DF80F00FFE79DF80F0004B080BDF6
:10D7300082B001900091019841F22801C4F20101E8
:10D740000860FFE741F21C00C4F2010000684006D7
:10D75000002801D4FFE7F5E7019802B07047000008
:10D7600080B582B000200190E8F7C6FAE6F7ECFD3C
:10D77000EBF79EFFFFE7FEE780B588B06946E8203B
:10D7800088610120486100230B610420C860886023
:10D790004FF48060486040F22000C2F20040086010
:10D7A00044F6CC10C2F200404EF2C171C0F6010145
:10D7B0004DF62902C0F60102F2F71EFF40B1FFE765
:10D7C0004EF2A270C0F601007121E3F729FDFFE7D8
:10D7D0006946442048604020086044F6B420C2F204
:10D7E00000404EF60C01C0F6010144F63C03C2F2C3
:10D7F00000430122F2F760FA40B1FFE74EF2A27057
:10D80000C0F601007B21E3F70BFDFFE708B080BD08
:10D8100082B00190009146F20031C2F200410868E6
:10D820000130086002B0704780B584B0039046F2C2
:10D830002030C2F200404FF48021F3F78DFF0290B8
:10D84000029840B1FFE74EF2A270C0F60100FA2143
:10D85000E3F7E6FCFFE746F64040C2F204404FF42F
:10D860000041F5F735FA0290029848B1FFE74EF211
:10D87000A270C0F601004FF48171E3F7D1FCFFE71D
:10D880004DF61100C0F60100F4F7AEFD02900298CB
:10D8900048B1FFE74EF2A270C0F601004FF4857167
:10D8A000E3F7BEFCFFE7FFE700200DF10701FFF7FC
:10D8B00023FF00283CD0FFE79DF8070031380146E0
:10D8C0000091042832D80099DFE801F003111826EE
:10D8D0002D0046F22030C2F204404EF27C71C0F6B8
:10D8E00001010022C0F60202E7F7AEFC1FE046F29B
:10D8F0002030C2F20440E7F78BFD18E046F2A87032
:10D90000C2F204404EF28771C0F601010022C0F657
:10D910000402E7F799FC0AE046F2A870C2F204405C
:10D92000E7F776FD03E0E3F72BFC00E0FFE7FFE716
:10D930000120EFF775F9B7E780B584B00390029145
:10D9400003984021E2F7E2FF02982C38014601914A
:10D950002C2800F247800199DFE801F03B44444461
:10D960004444444444444432444444444444444489
:10D9700044442944444444444444444444204444A6
:10D980004444444444444444170003984EF6390147
:10D99000C0F601011B22E2F7A0FF37E003984EF624
:10D9A0007201C0F601011A22E2F797FF2EE00398F8
:10D9B0004EF61B01C0F601011D22E2F78EFF25E0A5
:10D9C00003984EF65501C0F601011C22E2F785FFCF
:10D9D0001CE003984EF2F371C0F601011822E2F741
:10D9E0007CFF13E0039946F66F60888147F26F0071
:10D9F000C6F67410886046F66C10C2F26400486087
:10DA000046F64960C6F276100860FFE704B080BDB4
:10DA100080B588B007906946E82088610120486198
:10DA200000230B610220C86088604FF4805048607A
:10DA300042F22860C2F20040086043F22860C2F25D
:10DA400000404EF24251C0F6010140F63172C0F67C
:10DA50000002F2F7D1FD08B080BD00001EF0040FF7
:10DA60000CBFEFF30880EFF30980E7F701B900007E
:10DA70000FB4054B10B503A9044A029800F0F4F85E
:10DA800010BC5DF814FB000031D701080000002431
:10DA90007CB50C001D461646014601D0601E00E014
:10DAA0000020CDE90010064B6A462946304600F0BA
:10DAB000DBF8002C02D0009A002111707CBD000020
:10DAC00097E3010802E008C8121F08C1002AFAD132
:10DAD00070477047002001E001C1121F002AFBD1EE
:10DAE000704700002DE9FF5F82B00021DDE90430BE
:10DAF000020DDDF840B0034318D044F61050A2F2F6
:10DB0000FF3242431514119801281FD0A5EB0B00DA
:10DB1000401C5FEA000A4FF000064E4FDFF83891D4
:10DB2000B046504615D5CAF1000413E011980124FF
:10DB30004AA3012801D16FEA0B010298119AC0E9AA
:10DB40000031C0E9024206B0BDE8F09FCBF1000011
:10DB5000DFE704460021404A491842EB0450CDE972
:10DB6000001012E0E00707D032463B4640464946E7
:10DB7000E2F7B3FF8046894632463B4610461946D7
:10DB8000E2F7ABFF06460F466410002CEAD1DDE950
:10DB90000401DDE90023BAF1000F06DAE2F79DFF88
:10DBA00042464B46E2F799FF05E0E3F708F84246A4
:10DBB0004B46E3F704F804460E460022284BE3F7F1
:10DBC00085F803D84FF0FF30014607E00022254BCF
:10DBD00020463146E2F7DAFEE3F760F8102409E068
:10DBE000002C0ADB0A220023E2F746FE039B3032B8
:10DBF0001A55641E50EA0102F2D1641C039AC4F162
:10DC000011031444119A012A03D0012208430DD1B3
:10DC10000AE0084304D000204FF0110B119072E786
:10DC2000A3EB0B056D1E0DE05B4504DD4FF000021C
:10DC300005F1010504E003DA4FF00002A5F101054A
:10DC4000002AECD002981199C0E90231C0E90045E0
:10DC500079E70000000014400000F03F30000000B1
:10DC60000000F0430000E03F2DE9FF4F95B09B46D8
:10DC70008946064600250FE2252877D1002427464D
:10DC8000F84A0121059400E0044316F8013F203BC7
:10DC900001FA03F01042F7D130782A2811D06FF042
:10DCA0002F033078A0F13002092A16D8059A44F0E3
:10DCB000020402EB820203EB42021044761C059040
:10DCC000EFE759F8042B0592002A03DA504244F496
:10DCD0000054059044F00204761C30782E2816D1AA
:10DCE00016F8010F44F004042A280DD06FF02F021B
:10DCF0003078A0F13003092B09D807EB870302EB3A
:10DD00004303C718761CF3E759F8047B761C307878
:10DD10006C280FD006DC4C2817D068280DD06A2854
:10DD200014D104E0742810D07A280FD10DE044F407
:10DD300000140AE044F4801401E044F440147278C2
:10DD4000824202D104F58014761C761C3078662855
:10DD50000BD013DC582877D009DC002875D0452873
:10DD6000F6D04628F4D047281AD19DE118E0632860
:10DD700035D0642879D0652812D195E1702873D008
:10DD800008DC6728F1D069286FD06E280DD06F2885
:10DD900006D1B5E073282CD0752875D0782874D0BA
:10DDA0005A46179990476D1C75E1C4F3025002283A
:10DDB00009D003280DD0D9F8001004280DD00D602B
:10DDC00009F1040967E1D9F80010EA17C1E9005226
:10DDD000F6E7D9F800100D80F2E70D70F0E719F8BA
:10DDE000041B8DF8001000208DF80100EA46012088
:10DDF00003E059F804AB4FF0FF3061074FF000012A
:10DE000002D40DE008F101018846B9420FDA8045DD
:10DE1000F8DB1AF808100029F4D108E008F1010134
:10DE200088468142FADB1AF808100029F6D10598D5
:10DE30005B46A0EB080721463846179A00F094FA93
:10DE4000284400EB080507E04DE029E10DE01AF851
:10DE5000010B5A4617999047B8F10108F7D25B4673
:10DE600021463846179A13E142E00A220092C4F391
:10DE700002524FF0000A022A08D059F804CB032AB4
:10DE80004FEAEC710AD00DE029E02AE009F1070120
:10DE900021F00702F2E802C1914609E00FFA8CFC7A
:10DEA0004FEAEC71042A03D14FFA8CFC4FEAEC7173
:10DEB000002907DA0A460021DCF1000C61EB0201BF
:10DEC0002D2202E0220504D52B228DF80420012208
:10DED00003E0E20701D02022F7E7904659E00A214B
:10DEE00002E010220DE010214FF0000A00910BE03B
:10DEF00010224FF0000A44F004040827009203E0C7
:10DF000008224FF0000A0092C4F30252022A05D000
:10DF100059F804CB0021032A08D009E009F10701D0
:10DF200021F00702F2E802C1914605E01FFA8CFCDD
:10DF3000042A01D10CF0FF0C4FF00008220728D56D
:10DF4000702806D0009B83F0100353EA0A0305D023
:10DF50000EE040228DF80420012208E05CEA010274
:10DF600006D030228DF804208DF80500022290465C
:10DF7000009B83F0080353EA0A030AD15CEA01021A
:10DF800001D1620705D530228DF804204FF0010839
:10DF90007F1E582804D034A003900EA802900DE0F4
:10DFA00036A0F9E753466046009AE2F765FC8446DE
:10DFB0000398825C0298401E029002705CEA0100A5
:10DFC000F0D1029806A9081A00F1200A600702D5CC
:10DFD00024F4803400E00127574502DDA7EB0A0056
:10DFE00000E0002000EB0A01009005984144401A2F
:10DFF0000590E00306D45B462146179A059800F089
:10E00000B3F90544002706E001A85A46C05D1799F8
:10E0100090476D1C7F1C4745F6DBE0030CD55B4643
:10E020002146179A059800F09FF9054404E0302036
:10E030005A46179990476D1C0099481E0090002978
:10E04000F5DC08E0029802995A460078491C0291D2
:10E05000179990476D1CBAF10001AAF1010AF1DC91
:10E0600065E100000928010030313233343536379C
:10E070003839616263646566000000003031323314
:10E0800034353637383941424344454600000000B4
:10E0900000F058F90544761C307800287FF4ECAD88
:10E0A00019B02846BDE8F08F620700D4062709F1B1
:10E0B000070222F0070CFCE80223E14603F00048C7
:10E0C0005FEA080C02D00FF2702C0DE05FEA045CEE
:10E0D00002D50FF2682C07E05FEAC47C02D00FF291
:10E0E000602C01E0AFF2700C4FF0FF3823F00043DA
:10E0F000CDF850C065280CD006DC452809D046284C
:10E100001DD047283DD13DE0662818D067287ED134
:10E1100038E00021112F01DB112000E0781CCDE94F
:10E12000000106A90EA8FFF7DDFCDDE90F010E9A3C
:10E1300003910021009207F1010A04914DE04FF094
:10E1400000400097CDE9011006A90EA8FFF7CAFC10
:10E15000DDE90F0203920E9B11990022DDF80CA05D
:10E160000093049211B9791C00EB010AB7EB0A0085
:10E1700004D4C0F1FF3007F1010A0490AAEB0700B4
:10E18000019044E0012F00DA01270021112F01DD69
:10E19000112000E03846CDE9000106A90EA8FFF7DE
:10E1A000A1FCDDE90F010E9A039100210491009278
:10E1B000BA4621070CD40399514500DA8A46BAF1D0
:10E1C000010F05DD009AAAF10101515C302908D048
:10E1D000B84202DA10F1040F06DA0121CDE901108C
:10E1E00015E0AAF10101E9E7002805DC04990144E2
:10E1F0000491AAEB000102E0411C514500DD8A4672
:10E200000499401A401C01904FF0004002902007F2
:10E2100004D40198504501DBCDF8048000208DF82E
:10E220004F0002980DF14F07B0F1004F25D02B2081
:10E230000E9002984FF0020800280CDA404202903B
:10E240002D200E9007E00A210298E2F76AFB303198
:10E25000029007F8011DB8F10001A8F10108F2DCF5
:10E2600002980028EFD1791E0E980870307800F0DF
:10E27000200040F0450007F8020D12A8C01B00F175
:10E2800007081498007800B1012000EB0A010198FA
:10E2900001EBE07105984144401A401E0590E003EF
:10E2A00006D45B462146179A059800F05DF80544B0
:10E2B0001498007818B15A46179990476D1CE003DE
:10E2C00024D55B462146179A059800F04DF8054481
:10E2D0001CE00498002807DBDDE90301884203DD28
:10E2E0000098405C179901E0179930205A469047F2
:10E2F000049805F10105401C04900198401E01900E
:10E3000004D12E205A46179990476D1CBAF100018E
:10E31000AAF1010ADDDC05E017F8010B5A4617994E
:10E3200090476D1CB8F10001A8F10108F4DC5B46D0
:10E330002146179A0598ABE62D0000002B0000003F
:10E34000200000002DE9F041044600251E46174636
:10E35000880404D405E039462020B0476D1C641EB3
:10E36000F9D52846BDE8F0812DE9F04104460025A5
:10E370001E469046C80301D5302700E020278804B8
:10E3800004D505E041463846B0476D1C641EF9D5FA
:10E390002846BDE8F0814A68002A06D00A68531C66
:10E3A0000B6010704868401E486070470000000015
:10E3B000040008000C00100014000000000001021E
:10E3C0000304010203040607080901000200040017
:10E3D000060008000A000C00100020004000800029
:10E3E000000100000020025800010000000802584F
:10E3F00000200000001C0258100000000018025805
:10E400000400000000040258010000000018025837
:10E410000800000000180258800000000020025888
:10E42000000800003D3D3D3D3D3D3D3D3D3D3D3D08
:10E430003D3D3D3D3D3D3D3D3D3D3D3D3D3D3D3D0C
:10E440003D3D3D3D3D3D3D3D3D3D3D3D3D3D3D3DFC
:10E450003D3D3D3D3D3D3D3D3D3D3D3D3D3D3D3DEC
:10E460003D3D3D0D0A002020205072696F20202084
:10E470002020537461636B53697A652020204375B3
:10E4800072537461636B202020204D617853746156
:10E49000636B2020205461736B6E616D650D0A0003
:10E4A00020202025326420202020202020202535F7
:10E4B00064202020202020253564202020202020BA
:10E4C0002025356420202020202025730D0A0020DF
:10E4D000C8CECEF1D3C5CFC8BCB620C8CECEF1D5FC
:10E4E000BBB4F3D0A120B5B1C7B0CAB9D3C3D5BBB3
:10E4F0002020D7EEB4F3D5BBCAB9D3C3202020C89F
:10E50000CECEF1C3FB0D0A00417070205461736BD5
:10E510002055736572494600417070205461736BD9
:10E5200020434F4D00417070204D73702050726F2A
:10E53000004170705072696E746653656D7000258D
:10E540007300417070205461736B20537461727456
:10E5500000D6B4D0D041505031B5C4B4F2D3A1BA32
:10E56000AFCAFD0A00D6B4D0D041505032B5C4B4C1
:10E57000F2D3A1BAAFCAFD0A0020202D20257320B6
:10E580006D6F646520657865637574696F6E206969
:10E590007320656E61626C656420666F72207468BA
:10E5A00065206D6F64756C650A0A003D3D3D3D3D1B
:10E5B0003D3D3D3D3D3D3D3D3D3D3D3D3D3D3D3D8B
:10E5C0003D3D3D3D3D4D6F64756C6520556E6C6FF6
:10E5D00061643D3D3D3D3D3D3D3D3D3D3D3D3D3D20
:10E5E0003D3D3D3D3D3D3D3D3D3D0D0A004D6F6492
:10E5F000756C6520417474726962757465733A0A4A
:10E60000003D3D3D3D3D3D3D3D3D3D3D3D3D3D3D77
:10E610003D3D3D3D3D3D3D3D3D3D3D3D3D3D3D3D2A
:10E620003D3D3D3D3D3D3D3D3D3D3D3D3D3D3D3D1A
:10E630003D3D3D3D3D3D3D3D3D3D3D3D3D3D3D3D0A
:10E640000A004D6F64756C65203C25733E2069732C
:10E65000206C6F616465642066726F6D2061646414
:10E6600072657373203078253038580A004D6F6416
:10E67000756C6520657865637574696F6E20697364
:10E6800020737461727465640A004D6F64756C6503
:10E6900020636F64652073656374696F6E207369AE
:10E6A0007A653A2025692062797465732C2064614B
:10E6B00074612073656374696F6E2073697A653A5B
:10E6C0002025690A0020202D20436F6D70696C653C
:10E6D0006420666F7220257320636F6D70696C65AE
:10E6E000720A0041206D656D6F7279206661756CEC
:10E6F00074206F63637572726564207768696C65F6
:10E70000206D6F64756C65206578656375746564EC
:10E710003A2025730A0025732069732065786563A4
:10E720007574696E673A2025730A0020202D204DEC
:10E7300050552070726F74656374696F6E206973D1
:10E740002025730A0020202D205368617265642FF4
:10E7500065787465726E616C206D656D6F7279207D
:10E760006163636573732069732025730A004375C1
:10E7700062654944452028474E5529006D79206D32
:10E780006F64756C6531006D79206D6F64756C65B3
:10E79000320041524D204B45494C004941522045E1
:10E7A00057002E2E2F2E2E2F557365722F4170700D
:10E7B0005F4D6F64756C654D616E616765722E6348
:10E7C000004D6F64756C65204D616E6167657220E8
:10E7D0005468726561640050726976696C6567653A
:10E7E0006400456E61626C65640044697361626CCB
:10E7F000656400416C6C206F7065726174696F6E46
:10E8000073207765726520646F6E65005265736969
:10E8100064656E7420517565756500526561646943
:10E820006E672066726F6D205265616457726974FD
:10E830006520526567696F6E0057726974696E670B
:10E8400020746F2052656164577269746520526547
:10E8500067696F6E0052656164696E672066726FEA
:10E860006D20526561644F6E6C7920526567696FE7
:10E870006E0057726974696E6720746F205265610B
:10E88000644F6E6C7920526567696F6E00557365D1
:10E8900072002E2E2F2E2E2F557365722F627370DD
:10E8A0002F6273702E63002E2E2F2E2E2F55736520
:10E8B000722F6273702F7372632F6273705F74694B
:10E8C0006D65722E63002E2E2F2E2E2F55736572BE
:10E8D0002F6273702F7372632F6273705F666D6344
:10E8E0005F696F2E63002E2E2F2E2E2F55736572AB
:10E8F0002F6273702F7372632F6273705F75617212
:10E90000745F6669666F2E63002E2E2F2E2E2F5594
:10E910007365722F6273702F7372632F6273705FEF
:10E9200074696D5F70776D2E63000D0A456E7465B6
:10E930007220486172644661756C745F48616E64F0
:10E940006C65722C2053797374656D2048616C740A
:10E950002E0D0A0053797374656D2054696D6572CC
:10E9600020546872656164004D6F64756C65204D5C
:10E97000616E61676572204279746520506F6F6CBB
:10E98000004D6F64756C65204D616E616765722026
:10E9900050726F74656374696F6E204D757465781D
:10E9A000004D6F64756C65204D616E616765722006
:10E9B0004F626A65637420506F6F6C004D6F6475B1
:10E9C0006C652053746172742054687265616400D0
:10E9D0004D6F64756C652043616C6C6261636B2084
:10E9E0005265717565737420546872656164004D79
:10E9F0006F64756C652043616C6C6261636B20525F
:10EA0000657175657374205175657565004D6F642A
:10EA1000756C652053746F70205468726561640072
:10EA200040EA01080000002420000000C4DA0108C8
:10EA300060EA01082000002418FD0400D4DA01086F
:10EA4000000000000090D0030090D003F0F0F0F040
:10EA500010000000000000000000000000000000A6
:040000050800029954
:00000001FF
